dataset,symbol,period,first_seen_date,final_ref_date,router,first_seen_hash,final_hash,eps_differs,direction,magnitude_bucket,first_seen_tradeable,final_tradeable,decision_flipped,surprise_sign_flipped,first_seen_stale
forward_poll_2026h2,AA,2026-07,2026-07-17,2026-07-17,V5,95630f1725b580ed,95630f1725b580ed,false,none,0,false,false,false,false,false
forward_poll_2026h2,AABVF,2026-06,2026-06-15,2026-06-15,V5,2e4b0a99a0d6c4e7,2e4b0a99a0d6c4e7,false,none,0,,,false,,false
forward_poll_2026h2,AABVF,2026-06,2026-06-16,2026-06-16,V5,2e4b0a99a0d6c4e7,2e4b0a99a0d6c4e7,false,none,0,,,false,,false
forward_poll_2026h2,AABVF,2026-06,2026-06-17,2026-06-17,V5,2e4b0a99a0d6c4e7,2e4b0a99a0d6c4e7,false,none,0,,,false,,false
forward_poll_2026h2,AABVF,2026-06,2026-06-18,2026-06-18,V5,2e4b0a99a0d6c4e7,2e4b0a99a0d6c4e7,false,none,0,,,false,,false
forward_poll_2026h2,AABVF,2026-06,2026-06-21,2026-06-21,V5,2e4b0a99a0d6c4e7,2e4b0a99a0d6c4e7,false,none,0,,,false,,false
forward_poll_2026h2,AABVF,2026-06,2026-06-23,2026-06-23,V5,2e4b0a99a0d6c4e7,2e4b0a99a0d6c4e7,false,none,0,,,false,,false
forward_poll_2026h2,AABVF,2026-06,2026-06-24,2026-06-24,V5,2e4b0a99a0d6c4e7,2e4b0a99a0d6c4e7,false,none,0,,,false,,false
forward_poll_2026h2,AABVF,2026-06,2026-06-25,2026-06-25,V5,2e4b0a99a0d6c4e7,2e4b0a99a0d6c4e7,false,none,0,,,false,,false
forward_poll_2026h2,AABVF,2026-07,2026-07-05,2026-07-05,V5,2e4b0a99a0d6c4e7,2e4b0a99a0d6c4e7,false,none,0,,,false,,false
forward_poll_2026h2,AABVF,2026-07,2026-07-07,2026-07-07,V5,2e4b0a99a0d6c4e7,2e4b0a99a0d6c4e7,false,none,0,,,false,,false
forward_poll_2026h2,AABVF,2026-07,2026-07-08,2026-07-08,V5,2e4b0a99a0d6c4e7,9767f6dd50c98884,true,down,"(0,0.01)",,,false,,false
forward_poll_2026h2,AABVF,2026-07,2026-07-12,2026-07-12,V5,9767f6dd50c98884,9767f6dd50c98884,false,none,0,,,false,,false
forward_poll_2026h2,AABVF,2026-07,2026-07-14,2026-07-14,V5,9767f6dd50c98884,9767f6dd50c98884,false,none,0,,,false,,false
forward_poll_2026h2,AABVF,2026-07,2026-07-15,2026-07-15,V5,9767f6dd50c98884,9767f6dd50c98884,false,none,0,,,false,,false
forward_poll_2026h2,AABVF,2026-07,2026-07-16,2026-07-16,V5,9767f6dd50c98884,9767f6dd50c98884,false,none,0,,,false,,false
forward_poll_2026h2,AABVF,2026-07,2026-07-20,2026-07-20,V5,9767f6dd50c98884,9767f6dd50c98884,false,none,0,,,false,,false
forward_poll_2026h2,AABVF,2026-07,2026-07-21,2026-07-21,V5,9767f6dd50c98884,9767f6dd50c98884,false,none,0,,,false,,false
forward_poll_2026h2,AABVF,2026-07,2026-07-22,2026-07-22,V5,9767f6dd50c98884,9767f6dd50c98884,false,none,0,,,false,,false
forward_poll_2026h2,AABVF,2026-07,2026-07-23,2026-07-23,V5,9767f6dd50c98884,9767f6dd50c98884,false,none,0,,,false,,false
forward_poll_2026h2,AABVF,2026-07,2026-07-26,2026-07-26,V5,9767f6dd50c98884,9767f6dd50c98884,false,none,0,,,false,,false
forward_poll_2026h2,AABVF,2026-07,2026-07-28,2026-07-28,V5,9767f6dd50c98884,9767f6dd50c98884,false,none,0,,,false,,false
forward_poll_2026h2,AABVF,2026-07,2026-07-29,2026-07-29,V5,9767f6dd50c98884,9767f6dd50c98884,false,none,0,,,false,,false
forward_poll_2026h2,AABVF,2026-07,2026-07-30,2026-07-30,V5,9767f6dd50c98884,9767f6dd50c98884,false,none,0,,,false,,false
forward_poll_2026h2,AABVF,2026-08,2026-08-03,2026-08-03,V5,9767f6dd50c98884,9767f6dd50c98884,false,none,0,,,false,,false
forward_poll_2026h2,AAFRF,2026-07,2026-07-23,2026-07-23,V3,a8de0a379411f694,a8de0a379411f694,false,none,0,true,true,false,false,false
forward_poll_2026h2,AAL,2026-07,2026-07-23,2026-07-26,V5,b99886163d7ae56c,b99886163d7ae56c,false,none,0,true,true,false,false,false
forward_poll_2026h2,AALBF,2026-07,2026-07-24,2026-07-24,V3,b29a7e3d8158baf7,b29a7e3d8158baf7,false,none,0,,,false,,false
forward_poll_2026h2,AAMI,2026-07,2026-07-30,2026-07-31,V5,7b936161be6a7a8c,7b936161be6a7a8c,false,none,0,true,true,false,false,false
forward_poll_2026h2,AAPL,2026-07,2026-07-30,2026-08-02,V5,6078040008f1a291,eaf2d2cdeac9c99e,true,up,"[0.05,0.25)",false,false,false,false,false
forward_poll_2026h2,AAT,2026-07,2026-07-28,2026-07-29,V3,54abf202c1b48d41,81e36fa2ae4d09df,true,down,"[0.25,1.00)",true,false,true,true,false
forward_poll_2026h2,AAUKF,2026-07,2026-07-30,2026-07-30,V3,708584719e52288c,708584719e52288c,false,none,0,false,false,false,false,false
forward_poll_2026h2,AAVVF,2026-07,2026-07-30,2026-08-01,V3,a9849e1509aa15bd,a9849e1509aa15bd,false,none,0,true,true,false,false,false
forward_poll_2026h2,AB,2026-07,2026-07-28,2026-07-29,V5,a42b45dc8ebfb8b3,a42b45dc8ebfb8b3,false,none,0,false,false,false,false,false
forward_poll_2026h2,ABBNY,2026-07,2026-07-16,2026-07-16,V5,5af2806aac334997,5af2806aac334997,false,none,0,false,false,false,false,false
forward_poll_2026h2,ABBV,2026-07,2026-07-31,2026-08-02,V5,f12a58f939ead548,f12a58f939ead548,false,none,0,false,false,false,false,false
forward_poll_2026h2,ABCB,2026-07,2026-07-23,2026-07-23,V5,0ae9879d4698a66a,0ae9879d4698a66a,false,none,0,false,false,false,false,false
forward_poll_2026h2,ABEV,2026-07,2026-07-30,2026-08-03,V5,25b45c41abe4c92c,25b45c41abe4c92c,false,none,0,false,false,false,false,false
forward_poll_2026h2,ABG,2026-07,2026-07-28,2026-08-04,V5,dd67f25b16699b61,dd67f25b16699b61,false,none,0,false,false,false,false,false
forward_poll_2026h2,ABGSF,2026-07,2026-07-10,2026-07-14,V3,7c5783bf5627482c,6d1e46d80a891383,true,up,"(0,0.01)",true,true,false,false,true
forward_poll_2026h2,ABLZF,2026-07,2026-07-16,2026-07-16,V3,151a2cd9bde0470d,151a2cd9bde0470d,false,none,0,false,false,false,false,false
forward_poll_2026h2,ABM,2026-06,2026-06-05,2026-06-06,V5,efe983ffc032286a,efe983ffc032286a,false,none,0,false,false,false,false,false
forward_poll_2026h2,ABNAF,2026-06,2026-06-05,2026-06-05,V5,4abe74d4e7ed0ee0,4abe74d4e7ed0ee0,false,none,0,,,false,,true
forward_poll_2026h2,ABR,2026-07,2026-07-31,2026-08-01,V5,3fb69b2a4e1e577e,3fb69b2a4e1e577e,false,none,0,true,true,false,false,false
forward_poll_2026h2,ABR-PD,2026-07,2026-07-31,2026-07-31,V3,ca84f878d7bc8c08,ca84f878d7bc8c08,false,none,0,true,true,false,false,false
forward_poll_2026h2,ABR-PE,2026-07,2026-07-31,2026-07-31,V3,cd5ac3b34d657eac,cd5ac3b34d657eac,false,none,0,true,true,false,false,false
forward_poll_2026h2,ABR-PF,2026-07,2026-07-31,2026-07-31,V3,f2f9ca5365eb7727,f2f9ca5365eb7727,false,none,0,true,true,false,false,false
forward_poll_2026h2,ABRMF,2026-06,2026-06-12,2026-06-12,V5,60fd02daa3a9cdb4,60fd02daa3a9cdb4,false,none,0,,,false,,true
forward_poll_2026h2,ABT,2026-07,2026-07-17,2026-07-18,V5,f34cb66909e66dc4,f34cb66909e66dc4,false,none,0,false,false,false,false,false
forward_poll_2026h2,ABTC,2026-08,2026-08-03,2026-08-03,V5,71e814bc30ea4971,71e814bc30ea4971,false,none,0,false,false,false,false,false
forward_poll_2026h2,ABTS,2026-07,2026-07-29,2026-07-29,V5,9446037b6c6e1503,9446037b6c6e1503,false,none,0,,,false,,false
forward_poll_2026h2,ACAD,2026-08,2026-08-04,2026-08-05,V5,fad09d83e6ebd1b3,fad09d83e6ebd1b3,false,none,0,true,true,false,false,false
forward_poll_2026h2,ACB,2026-06,2026-06-11,2026-06-14,V5,907fcf37760e0c00,21f190739c3684de,true,up,"[0.05,0.25)",true,true,false,false,false
forward_poll_2026h2,ACCO,2026-07,2026-07-30,2026-07-31,V5,c6056ceeba71b32e,c6056ceeba71b32e,false,none,0,false,false,false,false,false
forward_poll_2026h2,ACCYY,2026-07,2026-07-30,2026-07-31,V3,d6a74cd0846a09fb,91685754f9241b15,true,up,"(0,0.01)",true,true,false,false,false
forward_poll_2026h2,ACEJF,2026-07,2026-07-30,2026-07-30,V5,a642d03627d33a69,a642d03627d33a69,false,none,0,,,false,,true
forward_poll_2026h2,ACEL,2026-08,2026-08-04,2026-08-04,V3,a4eba3da8a74c357,a4eba3da8a74c357,false,none,0,false,false,false,false,false
forward_poll_2026h2,ACGL,2026-07,2026-07-28,2026-07-30,V5,ac63152cb138ff6b,ac63152cb138ff6b,false,none,0,false,false,false,false,false
forward_poll_2026h2,ACGLN,2026-07,2026-07-29,2026-07-29,V3,61e15a35236ae589,61e15a35236ae589,false,none,0,true,true,false,false,false
forward_poll_2026h2,ACGLO,2026-07,2026-07-29,2026-07-29,V3,7a019b512997bd3b,7a019b512997bd3b,false,none,0,true,true,false,false,false
forward_poll_2026h2,ACGYF,2026-07,2026-07-30,2026-07-30,V3,88d2244ed347f313,88d2244ed347f313,false,none,0,true,true,false,false,false
forward_poll_2026h2,ACHC,2026-07,2026-07-28,2026-07-30,V5,304026ee52947f56,304026ee52947f56,false,none,0,false,false,false,false,false
forward_poll_2026h2,ACHFF,2026-06,2026-06-05,2026-06-05,V3,d2cf29122a4ccfd5,d2cf29122a4ccfd5,false,none,0,,,false,,true
forward_poll_2026h2,ACI,2026-07,2026-07-23,2026-07-30,V5,6ac2a0ac6826cb5c,6ac2a0ac6826cb5c,false,none,0,false,false,false,false,false
forward_poll_2026h2,ACKAY,2026-07,2026-08-04,2026-08-04,V5,71d8b0a8550c0e9a,71d8b0a8550c0e9a,false,none,0,,,false,,true
forward_poll_2026h2,ACLLF,2026-07,2026-07-29,2026-07-29,V3,a6b89f4f566fcc5e,a6b89f4f566fcc5e,false,none,0,true,true,false,false,false
forward_poll_2026h2,ACMLF,2026-07,2026-07-30,2026-07-30,V5,dcb9a0d6df25d949,dcb9a0d6df25d949,false,none,0,,,false,,false
forward_poll_2026h2,ACMT,2026-08,2026-08-05,2026-08-05,V5,3fac2ff5dd4d1622,3fac2ff5dd4d1622,false,none,0,,,false,,false
forward_poll_2026h2,ACN,2026-06,2026-06-18,2026-06-19,V5,e37a5f0380f97c21,e37a5f0380f97c21,false,none,0,false,false,false,false,false
forward_poll_2026h2,ACNB,2026-07,2026-07-23,2026-07-24,V5,d6359528cbb9165e,d6359528cbb9165e,false,none,0,false,false,false,false,false
forward_poll_2026h2,ACNDF,2026-07,2026-08-02,2026-08-02,V5,f89c264034a725a2,f89c264034a725a2,false,none,0,,,false,,true
forward_poll_2026h2,ACNFF,2026-07,2026-07-30,2026-07-30,V5,359554b8ff1bd14c,ccd4381b9c1253a0,true,up,"[0.05,0.25)",,,false,,false
forward_poll_2026h2,ACNT,2026-08,2026-08-04,2026-08-04,V3,16fb68ff35099064,16fb68ff35099064,false,none,0,,,false,,false
forward_poll_2026h2,ACR,2026-07,2026-07-29,2026-07-29,V5,8cd5490d1d19783e,8cd5490d1d19783e,false,none,0,false,false,false,false,false
forward_poll_2026h2,ACR-PC,2026-07,2026-07-30,2026-07-30,V3,08423164f1edf23b,08423164f1edf23b,false,none,0,false,false,false,false,false
forward_poll_2026h2,ACR-PD,2026-07,2026-07-30,2026-07-30,V3,f236e4826ecda1b0,f236e4826ecda1b0,false,none,0,false,false,false,false,false
forward_poll_2026h2,ACRE,2026-08,2026-08-04,2026-08-04,V3,f34b44ca63591558,f34b44ca63591558,false,none,0,true,true,false,false,false
forward_poll_2026h2,ACRFF,2026-07,2026-07-30,2026-07-30,V5,6202d3e93c9b1a8a,6202d3e93c9b1a8a,false,none,0,true,true,false,false,false
forward_poll_2026h2,ACSAF,2026-07,2026-07-28,2026-07-30,V3,e8e42c87574558c3,90b75185121d97cc,true,down,"[0.01,0.05)",true,true,false,false,false
forward_poll_2026h2,ACSAY,2026-07,2026-07-28,2026-07-28,V3,3cf5f1312cc15002,3cf5f1312cc15002,false,none,0,false,false,false,false,false
forward_poll_2026h2,ACSAY,2026-07,2026-07-30,2026-07-30,V3,3cf5f1312cc15002,f2629545669ce9ee,true,up,"[0.05,0.25)",false,false,false,false,false
forward_poll_2026h2,ACSYF,2026-06,2026-06-17,2026-06-17,V3,4288b94ffef3d0f3,4288b94ffef3d0f3,false,none,0,,,false,,false
forward_poll_2026h2,ACSYF,2026-06,2026-06-23,2026-06-23,V3,b76d437ed994b7c7,b76d437ed994b7c7,false,none,0,,,false,,false
forward_poll_2026h2,ACU,2026-07,2026-07-23,2026-07-23,V3,903e8f85550a0e18,903e8f85550a0e18,false,none,0,true,true,false,false,false
forward_poll_2026h2,ACWRF,2026-06,2026-06-05,2026-06-05,V5,429f38b38ccb4eca,429f38b38ccb4eca,false,none,0,,,false,,true
forward_poll_2026h2,ADAM,2026-07,2026-07-29,2026-07-31,V3,1b7bbf929bfa25e8,fb4e2b67a0aea59f,true,up,"[0.05,0.25)",true,true,false,false,false
forward_poll_2026h2,ADAMG,2026-07,2026-07-30,2026-07-30,V3,bc21162e8f264510,bc21162e8f264510,false,none,0,true,true,false,false,false
forward_poll_2026h2,ADAMH,2026-07,2026-07-30,2026-07-30,V5,edcef3e00bb78c61,edcef3e00bb78c61,false,none,0,true,true,false,false,false
forward_poll_2026h2,ADAML,2026-07,2026-07-30,2026-07-30,V5,42f9b395b2e68e7e,42f9b395b2e68e7e,false,none,0,true,true,false,false,false
forward_poll_2026h2,ADAMM,2026-07,2026-07-29,2026-07-29,V5,d632d57bf8e15883,d632d57bf8e15883,false,none,0,true,true,false,false,false
forward_poll_2026h2,ADAMN,2026-07,2026-07-30,2026-07-31,V5,302a3da90ab28ba5,302a3da90ab28ba5,false,none,0,true,true,false,false,false
forward_poll_2026h2,ADAMO,2026-07,2026-07-30,2026-07-30,V5,985d477fd5da4c62,985d477fd5da4c62,false,none,0,true,true,false,false,false
forward_poll_2026h2,ADAMZ,2026-07,2026-07-29,2026-07-29,V5,d1028b736ba14dcf,d1028b736ba14dcf,false,none,0,true,true,false,false,false
forward_poll_2026h2,ADBE,2026-06,2026-06-11,2026-06-17,V5,5bfdfdadd5787e36,5bfdfdadd5787e36,false,none,0,false,false,false,false,false
forward_poll_2026h2,ADBMF,2026-07,2026-07-27,2026-07-27,V5,76cd9caf145f2f39,76cd9caf145f2f39,false,none,0,,,false,,false
forward_poll_2026h2,ADC,2026-07,2026-07-30,2026-07-31,V5,25f1d98da4eeeb71,47735802f8b945c0,true,down,"[0.25,1.00)",true,false,true,true,false
forward_poll_2026h2,ADC-PA,2026-07,2026-07-30,2026-07-30,V5,a49c01a3ef0b90fd,a49c01a3ef0b90fd,false,none,0,false,false,false,false,false
forward_poll_2026h2,ADDDF,2026-07,2026-07-30,2026-07-30,V3,caf422f374960837,bdd25dc9b8d72f73,true,up,"[0.01,0.05)",false,false,false,false,false
forward_poll_2026h2,ADDLF,2026-07,2026-07-17,2026-07-17,V3,4abc0fea515ce5e8,267bffcdba1a647f,true,down,"(0,0.01)",false,false,false,false,false
forward_poll_2026h2,ADDYY,2026-07,2026-07-30,2026-08-01,V5,01fd2dce9365911f,01fd2dce9365911f,false,none,0,false,false,false,false,false
forward_poll_2026h2,ADEA,2026-08,2026-08-03,2026-08-03,V5,578e6a2895ef3bf8,578e6a2895ef3bf8,false,none,0,true,true,false,false,false
forward_poll_2026h2,ADFJF,2026-06,2026-06-09,2026-06-09,V3,58bde9e14f57704b,5c2fa68dc935a84a,true,down,"(0,0.01)",true,true,false,false,false
forward_poll_2026h2,ADM,2026-08,2026-08-04,2026-08-04,V5,ba1caf0f1cf76c54,ba1caf0f1cf76c54,false,none,0,true,true,false,false,false
forward_poll_2026h2,ADMT,2026-07,2026-07-17,2026-07-17,V5,c49e79d77e3e70ea,c49e79d77e3e70ea,false,none,0,,,false,,true
forward_poll_2026h2,ADP,2026-07,2026-07-29,2026-08-01,V5,ce13170136ca761b,ce13170136ca761b,false,none,0,false,false,false,false,false
forward_poll_2026h2,ADPT,2026-07,2026-07-29,2026-07-30,V5,a74e3cdbc5395bb1,9fdb138e4ea86c6c,true,down,"[0.05,0.25)",true,false,true,true,false
forward_poll_2026h2,ADRNY,2026-08,2026-08-05,2026-08-05,V3,206f796156784cda,206f796156784cda,false,none,0,true,true,false,false,false
forward_poll_2026h2,ADRZF,2026-07,2026-07-30,2026-07-30,V3,e4d20c581200d474,e4d20c581200d474,false,none,0,false,false,false,false,false
forward_poll_2026h2,ADRZY,2026-07,2026-07-30,2026-07-30,V3,ed5e24fd47409a99,ed5e24fd47409a99,false,none,0,false,false,false,false,false
forward_poll_2026h2,ADT,2026-07,2026-07-30,2026-07-30,V3,5bdf6e33d29bbdc5,5bdf6e33d29bbdc5,false,none,0,true,true,false,false,false
forward_poll_2026h2,ADTN,2026-08,2026-08-04,2026-08-04,V5,79c1bd36595975b6,79c1bd36595975b6,false,none,0,false,false,false,false,false
forward_poll_2026h2,ADTTF,2026-07,2026-07-29,2026-07-30,V5,805afafe0af17799,805afafe0af17799,false,none,0,true,true,false,false,false
forward_poll_2026h2,ADUS,2026-08,2026-08-03,2026-08-04,V5,11b7164b845cbb7e,11b7164b845cbb7e,false,none,0,false,false,false,false,false
forward_poll_2026h2,ADWPF,2026-06,2026-06-17,2026-06-17,V3,44ef2fac2f8e64bc,44ef2fac2f8e64bc,false,none,0,true,true,false,false,false
forward_poll_2026h2,ADWPF,2026-06,2026-06-16,2026-06-16,V3,a7a1458a114f1fc5,a7a1458a114f1fc5,false,none,0,true,true,false,false,false
forward_poll_2026h2,ADXN,2026-06,2026-06-22,2026-06-22,V3,7ddee843ef86f35a,7ddee843ef86f35a,false,none,0,,,false,,true
forward_poll_2026h2,ADXN,2026-06,2026-06-25,2026-06-25,V3,87c7fa443193ae9a,87c7fa443193ae9a,false,none,0,,,false,,false
forward_poll_2026h2,AEE,2026-07,2026-07-30,2026-08-02,V5,5775d2712780b05a,5775d2712780b05a,false,none,0,false,false,false,false,false
forward_poll_2026h2,AEGXF,2026-07,2026-07-30,2026-07-31,V3,e21b4bb4a214d3e9,2dc7daab9fa0b4c4,true,up,"(0,0.01)",true,true,false,false,false
forward_poll_2026h2,AEHR,2026-07,2026-07-14,2026-07-20,V5,7909ebf906e2453a,7909ebf906e2453a,false,none,0,true,true,false,false,false
forward_poll_2026h2,AEIS,2026-08,2026-08-03,2026-08-04,V5,9cff4a078113b685,9cff4a078113b685,false,none,0,true,true,false,false,false
forward_poll_2026h2,AEM,2026-07,2026-07-29,2026-08-03,V5,b19cd4be1c82f38b,b19cd4be1c82f38b,false,none,0,false,false,false,false,false
forward_poll_2026h2,AEMD,2026-06,2026-06-10,2026-06-11,V5,7bcda643e4eed16a,7bcda643e4eed16a,false,none,0,true,true,false,false,false
forward_poll_2026h2,AEMMF,2026-07,2026-08-01,2026-08-01,V5,1b60da9085943f4b,1b60da9085943f4b,false,none,0,,,false,,true
forward_poll_2026h2,AEMMY,2026-07,2026-08-04,2026-08-04,V5,cf2de11162ffe36c,cf2de11162ffe36c,false,none,0,,,false,,true
forward_poll_2026h2,AEOJF,2026-07,2026-07-10,2026-07-10,V3,66d112c5f59e3272,66d112c5f59e3272,false,none,0,true,true,false,false,false
forward_poll_2026h2,AEOXF,2026-07,2026-07-29,2026-07-29,V5,a47fe893598dac2e,b2cedc73725e1bc6,true,up,>=1.00,false,true,true,true,false
forward_poll_2026h2,AEP,2026-07,2026-07-30,2026-08-02,V5,9f76d41b7e55d5b4,9f76d41b7e55d5b4,false,none,0,false,false,false,false,false
forward_poll_2026h2,AER,2026-07,2026-07-29,2026-08-01,V5,4abf5a133f9e89bb,4abf5a133f9e89bb,false,none,0,true,true,false,false,false
forward_poll_2026h2,AERA,2026-07,2026-07-21,2026-07-21,V5,dd78abb791fbe461,dd78abb791fbe461,false,none,0,,,false,,false
forward_poll_2026h2,AERO,2026-07,2026-07-14,2026-07-20,V5,7155011f7d68cb6f,7155011f7d68cb6f,false,none,0,false,false,false,false,false
forward_poll_2026h2,AERT,2026-06,2026-06-08,2026-06-09,V5,f1d2c58170af0c64,f0fbdf005381e495,true,down,"[0.05,0.25)",,,false,,false
forward_poll_2026h2,AES,2026-08,2026-08-04,2026-08-04,V3,6ca5bc0a6b324fcd,6ca5bc0a6b324fcd,false,none,0,false,false,false,false,false
forward_poll_2026h2,AESI,2026-08,2026-08-03,2026-08-04,V5,22f3f4c602dee048,22f3f4c602dee048,false,none,0,false,false,false,false,false
forward_poll_2026h2,AETUF,2026-07,2026-07-30,2026-08-01,V3,2ac9f8657ca5a976,2ac9f8657ca5a976,false,none,0,false,false,false,false,false
forward_poll_2026h2,AEXAF,2026-07,2026-08-01,2026-08-01,V5,940003406de91661,940003406de91661,false,none,0,,,false,,true
forward_poll_2026h2,AFG,2026-08,2026-08-04,2026-08-04,V5,d655d94afd6c8b95,d655d94afd6c8b95,false,none,0,true,true,false,false,false
forward_poll_2026h2,AFGB,2026-08,2026-08-05,2026-08-05,V3,203ca8150df50400,203ca8150df50400,false,none,0,true,true,false,false,false
forward_poll_2026h2,AFGC,2026-08,2026-08-04,2026-08-04,V3,3d6d31c3b2d59d8f,3d6d31c3b2d59d8f,false,none,0,true,true,false,false,false
forward_poll_2026h2,AFGD,2026-08,2026-08-05,2026-08-05,V3,95930534a96097c5,95930534a96097c5,false,none,0,true,true,false,false,false
forward_poll_2026h2,AFGE,2026-08,2026-08-05,2026-08-05,V3,1e74abb49330c315,1e74abb49330c315,false,none,0,true,true,false,false,false
forward_poll_2026h2,AFGYF,2026-06,2026-06-09,2026-06-13,V5,e08d2534064ca8f7,37d3ae3f7b64225e,true,up,"(0,0.01)",,,false,,false
forward_poll_2026h2,AFJK,2026-06,2026-06-18,2026-06-18,V5,75de360baa7e73df,75de360baa7e73df,false,none,0,,,false,,true
forward_poll_2026h2,AFLYY,2026-07,2026-07-30,2026-07-30,V3,df4b95d2b09300c7,df4b95d2b09300c7,false,none,0,true,true,false,false,false
forward_poll_2026h2,AFMJF,2026-07,2026-08-01,2026-08-05,V3,ca89441796474358,ca89441796474358,false,none,0,true,true,false,false,false
forward_poll_2026h2,AFRAF,2026-07,2026-08-01,2026-08-04,V3,e64d2fee6b7db9ed,fca6d1ed3ff085ec,true,down,"[0.05,0.25)",true,true,false,false,true
forward_poll_2026h2,AFXXF,2026-07,2026-07-16,2026-07-16,V3,27bfbd63fa0a2520,27bfbd63fa0a2520,false,none,0,false,false,false,false,false
forward_poll_2026h2,AG,2026-07,2026-07-30,2026-08-01,V3,aa632cfcdc349042,aa632cfcdc349042,false,none,0,false,false,false,false,false
forward_poll_2026h2,AGCCF,2026-06,2026-06-05,2026-06-05,V5,a41bbe33fb19f95c,a41bbe33fb19f95c,false,none,0,,,false,,true
forward_poll_2026h2,AGCO,2026-07,2026-07-30,2026-08-02,V5,e686da98333366bc,e686da98333366bc,false,none,0,false,false,false,false,false
forward_poll_2026h2,AGFMF,2026-06,2026-06-24,2026-06-25,V5,0a9185c395658833,0a9185c395658833,false,none,0,true,true,false,false,false
forward_poll_2026h2,AGGZF,2026-07,2026-07-30,2026-07-30,V3,8fb4a2e76017a4fb,8fb4a2e76017a4fb,false,none,0,false,false,false,false,false
forward_poll_2026h2,AGI,2026-07,2026-07-29,2026-07-31,V5,48d4a26e008d4a50,48d4a26e008d4a50,false,none,0,true,true,false,false,false
forward_poll_2026h2,AGIO,2026-07,2026-07-30,2026-07-31,V5,58819102b5413140,58819102b5413140,false,none,0,false,false,false,false,false
forward_poll_2026h2,AGM,2026-07,2026-07-30,2026-07-31,V5,e2c43663bc12dc3f,e2c43663bc12dc3f,false,none,0,true,true,false,false,false
forward_poll_2026h2,AGM-A,2026-07,2026-07-30,2026-07-30,V3,7b7ee94db721b7ad,7b7ee94db721b7ad,false,none,0,true,true,false,false,false
forward_poll_2026h2,AGM-PC,2026-07,2026-07-31,2026-07-31,V5,3a267bc9ed9e5d5d,3a267bc9ed9e5d5d,false,none,0,,,false,,false
forward_poll_2026h2,AGM-PD,2026-07,2026-07-30,2026-07-30,V3,88eaee00fa3be112,88eaee00fa3be112,false,none,0,true,true,false,false,false
forward_poll_2026h2,AGM-PE,2026-07,2026-07-30,2026-07-30,V3,abd7ce142635d9ae,abd7ce142635d9ae,false,none,0,true,true,false,false,false
forward_poll_2026h2,AGM-PF,2026-07,2026-07-30,2026-07-30,V3,17b06f28a75a191a,17b06f28a75a191a,false,none,0,true,true,false,false,false
forward_poll_2026h2,AGM-PG,2026-07,2026-07-30,2026-07-30,V3,6882cfd991a0a7e5,6882cfd991a0a7e5,false,none,0,true,true,false,false,false
forward_poll_2026h2,AGMB,2026-06,2026-06-05,2026-06-08,V5,d7f0d8c2f2d5b581,bc09bba83e992912,true,up,"(0,0.01)",false,false,false,false,true
forward_poll_2026h2,AGNC,2026-07,2026-07-21,2026-07-22,V5,e65176c11d1261ff,fce9dbb07aed06a0,true,down,"[0.05,0.25)",true,false,true,false,false
forward_poll_2026h2,AGNCL,2026-07,2026-07-21,2026-07-21,V3,22f8a62c36e548dd,5cdb515d74b7ad95,true,down,"[0.05,0.25)",true,true,false,false,false
forward_poll_2026h2,AGNCM,2026-07,2026-07-21,2026-07-21,V3,0bd9242e60a0d115,b3f17d79b6af4a66,true,down,"[0.05,0.25)",true,true,false,false,false
forward_poll_2026h2,AGNCN,2026-07,2026-07-21,2026-07-21,V3,c2e30b437a6e513c,ebc1f908c26e07e7,true,down,"[0.05,0.25)",true,true,false,false,false
forward_poll_2026h2,AGNCO,2026-07,2026-07-21,2026-07-21,V3,8f24a56503ac69f4,708e0305445e8055,true,down,"[0.05,0.25)",true,true,false,false,false
forward_poll_2026h2,AGNCP,2026-07,2026-07-21,2026-07-21,V3,1bff209e0546e4e4,4424d280cac01b5e,true,down,"[0.05,0.25)",true,true,false,false,false
forward_poll_2026h2,AGNCZ,2026-07,2026-07-21,2026-07-21,V3,f8e93295c4350478,f8e93295c4350478,false,none,0,true,true,false,false,false
forward_poll_2026h2,AGNPF,2026-07,2026-08-01,2026-08-01,V3,dbe81f98b5a6dcc1,dbe81f98b5a6dcc1,false,none,0,true,true,false,false,true
forward_poll_2026h2,AGNT,2026-08,2026-08-04,2026-08-05,V3,1fddc10368fcd06a,c0ce37f42fd5cb00,true,up,"[0.05,0.25)",false,true,true,true,false
forward_poll_2026h2,AGX,2026-06,2026-06-05,2026-06-09,V5,e5a340c625783d69,8bba972178a6c7bd,true,down,"[0.05,0.25)",true,true,false,false,false
forward_poll_2026h2,AGXPF,2026-06,2026-06-05,2026-06-05,V3,b937256a597f6d1d,b937256a597f6d1d,false,none,0,false,false,false,false,true
forward_poll_2026h2,AGYS,2026-07,2026-07-27,2026-08-03,V5,1a860e733012c077,1a860e733012c077,false,none,0,true,true,false,false,false
forward_poll_2026h2,AHCO,2026-08,2026-08-04,2026-08-04,V5,0e6b07235295b3ce,fae6bd3f4ac9769c,true,up,"[0.05,0.25)",false,false,false,false,false
forward_poll_2026h2,AHKSF,2026-07,2026-07-31,2026-07-31,V3,8a832d3c22807feb,8a832d3c22807feb,false,none,0,true,true,false,false,false
forward_poll_2026h2,AHKSY,2026-07,2026-07-31,2026-08-01,V3,a8a7aecfb0f68262,3fad0bd2a8c34a9b,true,up,"(0,0.01)",true,true,false,false,false
forward_poll_2026h2,AHRT,2026-08,2026-08-03,2026-08-04,V5,4d72beddea6b7dab,51338e4e9b64e070,true,down,"[0.25,1.00)",true,false,true,true,false
forward_poll_2026h2,AI,2026-06,2026-06-05,2026-06-06,V5,0078a37db8f40687,0078a37db8f40687,false,none,0,true,true,false,false,true
forward_poll_2026h2,AIBGY,2026-07,2026-07-30,2026-07-31,V5,37fda3cc0a75f438,94da4b44c5d380cd,true,up,"[0.01,0.05)",false,false,false,false,false
forward_poll_2026h2,AIBRF,2026-07,2026-07-30,2026-07-30,V3,8204633c17a358a3,8204633c17a358a3,false,none,0,true,true,false,false,false
forward_poll_2026h2,AIFA,2026-06,2026-06-20,2026-06-20,V3,d305b6f852f686f8,d305b6f852f686f8,false,none,0,false,false,false,false,true
forward_poll_2026h2,AIFF,2026-06,2026-07-04,2026-07-07,V5,6aa92d13203fcdff,6aa92d13203fcdff,false,none,0,,,false,,true
forward_poll_2026h2,AIHS,2026-06,2026-07-04,2026-07-06,V5,3ed8977aa327e22c,062bd657b00053b6,true,up,"[0.25,1.00)",,,false,,true
forward_poll_2026h2,AILIH,2026-08,2026-08-04,2026-08-04,V5,3527267824a4d9c8,3527267824a4d9c8,false,none,0,,,false,,false
forward_poll_2026h2,AILIM,2026-08,2026-08-04,2026-08-04,V5,310a5d148b833cf9,310a5d148b833cf9,false,none,0,,,false,,false
forward_poll_2026h2,AILIN,2026-08,2026-08-04,2026-08-04,V5,358ee3f79b4b85d1,358ee3f79b4b85d1,false,none,0,,,false,,false
forward_poll_2026h2,AILIO,2026-08,2026-08-04,2026-08-04,V5,1d4a5a9ef5e9c02c,1d4a5a9ef5e9c02c,false,none,0,,,false,,false
forward_poll_2026h2,AILLI,2026-08,2026-08-04,2026-08-04,V5,271e718aa6433015,271e718aa6433015,false,none,0,,,false,,false
forward_poll_2026h2,AILLM,2026-08,2026-08-04,2026-08-04,V5,6be163267f12d13e,6be163267f12d13e,false,none,0,,,false,,false
forward_poll_2026h2,AILLN,2026-08,2026-08-04,2026-08-04,V5,f0c6d1703f41b726,f0c6d1703f41b726,false,none,0,,,false,,false
forward_poll_2026h2,AILLO,2026-08,2026-08-04,2026-08-04,V5,e1bfcd59d2e7d9bd,e1bfcd59d2e7d9bd,false,none,0,,,false,,false
forward_poll_2026h2,AIMD,2026-08,2026-08-03,2026-08-03,V5,74f67871eec5ab21,74f67871eec5ab21,false,none,0,,,false,,false
forward_poll_2026h2,AIN,2026-08,2026-08-04,2026-08-04,V5,1e45f3736a0b2920,1e45f3736a0b2920,false,none,0,true,true,false,false,false
forward_poll_2026h2,AIOT,2026-06,2026-06-15,2026-06-15,V5,1bd5f4f0767761b5,1bd5f4f0767761b5,false,none,0,false,false,false,false,false
forward_poll_2026h2,AIQUF,2026-07,2026-07-28,2026-08-03,V5,a46b4b9b096c954e,a46b4b9b096c954e,false,none,0,false,false,false,false,false
forward_poll_2026h2,AIQUY,2026-07,2026-07-28,2026-08-04,V3,e9d751adcb15f6e6,5e817369bc8c263a,true,up,"(0,0.01)",false,false,false,false,false
forward_poll_2026h2,AIR,2026-07,2026-07-21,2026-07-28,V5,cfceecb581429517,cfceecb581429517,false,none,0,true,true,false,false,false
forward_poll_2026h2,AIRDF,2026-06,2026-06-05,2026-06-05,V5,739700e74c12f456,739700e74c12f456,false,none,0,,,false,,true
forward_poll_2026h2,AIRT,2026-06,2026-07-04,2026-07-04,V5,397313c8cc97ccc9,b7222171b8872c84,true,down,"[0.01,0.05)",,,false,,true
forward_poll_2026h2,AIRTP,2026-06,2026-07-04,2026-07-04,V5,988f9bdc45e32604,988f9bdc45e32604,false,none,0,,,false,,true
forward_poll_2026h2,AISSF,2026-07,2026-08-02,2026-08-02,V5,ee84988b063d5b41,ee84988b063d5b41,false,none,0,,,false,,true
forward_poll_2026h2,AITUF,2026-07,2026-07-30,2026-08-03,V3,15fbd76b5403bd57,15fbd76b5403bd57,false,none,0,true,true,false,false,false
forward_poll_2026h2,AITX,2026-07,2026-07-15,2026-07-15,V5,d10c299699979833,d10c299699979833,false,none,0,,,false,,false
forward_poll_2026h2,AIXXF,2026-07,2026-08-01,2026-08-01,V3,110c42ad4c6fd845,550fff6c3decf05d,true,down,"(0,0.01)",true,true,false,false,true
forward_poll_2026h2,AIZ,2026-08,2026-08-04,2026-08-04,V5,235aac74f5d51879,3b1774e95fe65a18,true,down,"[0.05,0.25)",true,true,false,false,false
forward_poll_2026h2,AIZN,2026-08,2026-08-05,2026-08-05,V3,c54ce1c88d0968b1,c54ce1c88d0968b1,false,none,0,true,true,false,false,false
forward_poll_2026h2,AJG,2026-07,2026-07-30,2026-08-02,V5,557a6e42eb10bf03,557a6e42eb10bf03,false,none,0,false,false,false,false,false
forward_poll_2026h2,AKAAF,2026-07,2026-07-16,2026-07-16,V5,c411975e4bdeab0b,c411975e4bdeab0b,false,none,0,,,false,,false
forward_poll_2026h2,AKBTY,2026-07,2026-07-28,2026-07-28,V3,aba7f9faa28f8874,aba7f9faa28f8874,false,none,0,true,true,false,false,false
forward_poll_2026h2,AKO-A,2026-07,2026-07-29,2026-08-01,V3,b3d669b8512c7d1a,b3d669b8512c7d1a,false,none,0,false,false,false,false,false
forward_poll_2026h2,AKO-B,2026-07,2026-07-29,2026-08-02,V3,0ead5a153b447d98,0ead5a153b447d98,false,none,0,false,false,false,false,false
forward_poll_2026h2,AKR,2026-07,2026-07-28,2026-08-04,V5,8f17fd0d2686caba,c230ab9dffcdadac,true,down,"[0.25,1.00)",true,false,true,false,false
forward_poll_2026h2,AKRTF,2026-07,2026-07-14,2026-07-14,V3,b86d84389baec560,68d1bd7b5c794926,true,down,"(0,0.01)",true,true,false,false,false
forward_poll_2026h2,AKTAF,2026-08,2026-08-05,2026-08-05,V3,81fc27c180c23b07,81fc27c180c23b07,false,none,0,true,true,false,false,false
forward_poll_2026h2,AKZOF,2026-07,2026-07-22,2026-07-22,V3,add54c2a055c8fb5,add54c2a055c8fb5,false,none,0,false,false,false,false,false
forward_poll_2026h2,AKZOY,2026-07,2026-07-22,2026-07-22,V3,f6fbeb4e5bc7a9aa,9f0d96608c7cc4d8,true,up,"(0,0.01)",false,false,false,false,false
forward_poll_2026h2,ALAB,2026-08,2026-08-04,2026-08-05,V5,b5ca686ad4df403c,b5ca686ad4df403c,false,none,0,true,true,false,false,false
forward_poll_2026h2,ALBKY,2026-07,2026-08-01,2026-08-01,V3,8b93261b6e7b9600,8b93261b6e7b9600,false,none,0,true,true,false,false,false
forward_poll_2026h2,ALBY,2026-07,2026-07-29,2026-08-03,V5,8525c758dcbe0392,8525c758dcbe0392,false,none,0,,,false,,false
forward_poll_2026h2,ALCE,2026-07,2026-07-22,2026-07-22,V5,c49e3644e60ef6d2,c49e3644e60ef6d2,false,none,0,,,false,,true
forward_poll_2026h2,ALDF,2026-07,2026-07-24,2026-07-24,V5,a9095504e4db4af2,a9095504e4db4af2,false,none,0,,,false,,true
forward_poll_2026h2,ALFFF,2026-07,2026-07-22,2026-07-22,V3,02b9666ccdf59784,2b9f6240741ef11d,true,up,"(0,0.01)",false,false,false,false,false
forward_poll_2026h2,ALFVF,2026-07,2026-07-21,2026-07-21,V3,664bf7e31811ae85,664bf7e31811ae85,false,none,0,false,false,false,false,false
forward_poll_2026h2,ALFVY,2026-07,2026-07-21,2026-07-21,V3,f0df9575332e2a7a,f3a12767c529f492,true,up,"[0.01,0.05)",false,false,false,false,false
forward_poll_2026h2,ALG,2026-08,2026-08-03,2026-08-04,V5,06c7ceb9b8f113a5,3bf9b10efe433a82,true,down,"[0.25,1.00)",false,false,false,true,false
forward_poll_2026h2,ALGM,2026-07,2026-07-30,2026-08-02,V5,084de02364200314,084de02364200314,false,none,0,false,false,false,false,false
forward_poll_2026h2,ALGN,2026-07,2026-07-29,2026-08-01,V5,472c31c87573d3d2,472c31c87573d3d2,false,none,0,false,false,false,false,false
forward_poll_2026h2,ALGRF,2026-06,2026-06-05,2026-06-05,V5,a55ec5417aa30c78,a55ec5417aa30c78,false,none,0,,,false,,true
forward_poll_2026h2,ALGT,2026-08,2026-08-04,2026-08-04,V5,a04d6eef1e6cb3d9,a04d6eef1e6cb3d9,false,none,0,true,true,false,false,false
forward_poll_2026h2,ALHC,2026-07,2026-07-30,2026-07-31,V3,b38af76e4a16ac2b,b38af76e4a16ac2b,false,none,0,true,true,false,false,false
forward_poll_2026h2,ALIT,2026-08,2026-08-04,2026-08-04,V3,2d878963dab3fb8c,2d878963dab3fb8c,false,none,0,true,true,false,false,false
forward_poll_2026h2,ALITF,2026-07,2026-08-02,2026-08-02,V5,14bab76b5e92549a,14bab76b5e92549a,false,none,0,,,false,,true
forward_poll_2026h2,ALK,2026-07,2026-07-22,2026-07-26,V5,ad5e8840f1950766,ad5e8840f1950766,false,none,0,false,false,false,false,false
forward_poll_2026h2,ALKEF,2026-07,2026-07-23,2026-07-25,V3,fc4760e04d8bdcf0,49aca6fc81ed7feb,true,up,"(0,0.01)",false,false,false,false,true
forward_poll_2026h2,ALKS,2026-07,2026-07-28,2026-07-28,V5,2afe1261cea0f414,2afe1261cea0f414,false,none,0,true,true,false,false,false
forward_poll_2026h2,ALKT,2026-07,2026-07-29,2026-08-02,V5,104cb7bd181f34c7,104cb7bd181f34c7,false,none,0,false,false,false,false,false
forward_poll_2026h2,ALLE,2026-07,2026-07-23,2026-07-30,V5,acf395c1fc5d7e12,acf395c1fc5d7e12,false,none,0,false,false,false,false,false
forward_poll_2026h2,ALLY,2026-07,2026-07-21,2026-07-28,V5,5e2690ece0d30493,5e2690ece0d30493,false,none,0,false,false,false,false,false
forward_poll_2026h2,ALNPF,2026-07,2026-07-29,2026-07-29,V3,9df5775916386aba,9df5775916386aba,false,none,0,true,true,false,false,false
forward_poll_2026h2,ALNPY,2026-07,2026-07-29,2026-07-29,V3,13a87db0f56a7ca0,13a87db0f56a7ca0,false,none,0,true,true,false,false,false
forward_poll_2026h2,ALNY,2026-07,2026-07-30,2026-08-02,V5,e8c6841fedca178c,bcf24f7f5c10ab59,true,down,"[0.25,1.00)",true,false,true,true,false
forward_poll_2026h2,ALOT,2026-06,2026-06-09,2026-06-09,V3,f98351e8bc4a3970,f98351e8bc4a3970,false,none,0,true,true,false,false,true
forward_poll_2026h2,ALOT,2026-06,2026-06-08,2026-06-11,V3,f98351e8bc4a3970,ceeb6c84710ced14,true,down,"(0,0.01)",true,true,false,false,false
forward_poll_2026h2,ALP,2026-07,2026-07-23,2026-07-23,V3,f05cfca4b70d634f,f05cfca4b70d634f,false,none,0,true,true,false,false,false
forward_poll_2026h2,ALPKF,2026-07,2026-07-25,2026-07-29,V3,29c04cf869ea6537,29c04cf869ea6537,false,none,0,true,true,false,false,true
forward_poll_2026h2,ALPMF,2026-08,2026-08-05,2026-08-05,V3,8a8ed650c6c9fe12,8a8ed650c6c9fe12,false,none,0,true,true,false,false,false
forward_poll_2026h2,ALPMY,2026-08,2026-08-05,2026-08-05,V3,8ac39a9b8ca3347b,8ac39a9b8ca3347b,false,none,0,true,true,false,false,false
forward_poll_2026h2,ALRS,2026-07,2026-07-29,2026-07-31,V5,f0fbd120441b6881,f0fbd120441b6881,false,none,0,false,false,false,false,false
forward_poll_2026h2,ALSN,2026-08,2026-08-03,2026-08-04,V5,53a902b7d8732275,9d4ac5eef4c4bfba,true,down,"[0.25,1.00)",true,false,true,true,false
forward_poll_2026h2,ALSSF,2026-07,2026-07-22,2026-07-22,V3,b4d59eb0afa8eaf1,b4d59eb0afa8eaf1,false,none,0,false,false,false,false,true
forward_poll_2026h2,ALTX,2026-07,2026-08-01,2026-08-01,V5,efa192f280d61de4,efa192f280d61de4,false,none,0,,,false,,false
forward_poll_2026h2,ALV,2026-07,2026-07-17,2026-07-17,V5,cd8cff17782a7013,cd8cff17782a7013,false,none,0,false,false,false,false,false
forward_poll_2026h2,ALVLF,2026-05,2026-06-05,2026-06-05,V5,39ab7a33f00b7b8e,39ab7a33f00b7b8e,false,none,0,,,false,,true
forward_poll_2026h2,ALX,2026-08,2026-08-03,2026-08-03,V3,f3ce6e3083b391b2,80e663e5f9321a13,true,down,>=1.00,false,false,false,true,false
forward_poll_2026h2,ALXXF,2026-07,2026-07-26,2026-07-27,V3,f56bbfd418610bf8,f56bbfd418610bf8,false,none,0,,,false,,false
forward_poll_2026h2,ALYAF,2026-06,2026-06-11,2026-06-12,V3,f9e0fef32a742cc2,997866e8fc3cf03a,true,up,"(0,0.01)",false,false,false,false,false
forward_poll_2026h2,ALZCF,2026-07,2026-07-30,2026-07-30,V3,2eeec752d9dfc965,b595d47666ef813d,true,up,"[0.01,0.05)",false,false,false,false,false
forward_poll_2026h2,ALZN,2026-07,2026-07-22,2026-07-22,V3,945b27f8aef10fc6,945b27f8aef10fc6,false,none,0,false,false,false,false,false
forward_poll_2026h2,AM,2026-07,2026-07-29,2026-07-29,V3,412fa5098fa03235,412fa5098fa03235,false,none,0,false,false,false,false,false
forward_poll_2026h2,AMADF,2026-07,2026-08-01,2026-08-01,V3,a601e54b2eadf955,76fc8a52203bd514,true,up,"[0.01,0.05)",false,true,true,false,false
forward_poll_2026h2,AMADY,2026-07,2026-07-31,2026-07-31,V3,4ebb64d394563b15,4ebb64d394563b15,false,none,0,false,false,false,false,false
forward_poll_2026h2,AMAL,2026-07,2026-07-23,2026-07-23,V5,5ffa377e2f223e93,5ffa377e2f223e93,false,none,0,true,true,false,false,false
forward_poll_2026h2,AMANF,2026-07,2026-07-28,2026-07-28,V5,6467be3c15820d04,c6e2a8ae7b43f2d2,true,down,"(0,0.01)",,,false,,false
forward_poll_2026h2,AMBK,2026-07,2026-07-11,2026-07-11,V5,6d7c7730f26ff6a2,6d7c7730f26ff6a2,false,none,0,,,false,,true
forward_poll_2026h2,AMBP,2026-07,2026-07-23,2026-07-26,V5,ba578c6ba3c0f495,ba578c6ba3c0f495,false,none,0,true,true,false,false,false
forward_poll_2026h2,AMBZ,2026-07,2026-07-23,2026-07-28,V5,c658d504f39ca5f2,52bde5fcf9547c7b,true,down,"[0.05,0.25)",,,false,,false
forward_poll_2026h2,AMC,2026-07,2026-07-20,2026-07-23,V3,6196132d3f43965b,af99e9425e259caa,true,down,"[0.01,0.05)",true,,false,,false
forward_poll_2026h2,AMC,2026-07,2026-07-23,2026-07-23,V3,af99e9425e259caa,af99e9425e259caa,false,none,0,,,false,,false
forward_poll_2026h2,AMCX,2026-07,2026-07-30,2026-07-31,V5,c0652667422f60c7,c0652667422f60c7,false,none,0,false,false,false,false,false
forward_poll_2026h2,AMD,2026-08,2026-08-04,2026-08-05,V5,e4fd374a495f92b9,e4fd374a495f92b9,false,none,0,false,false,false,false,false
forward_poll_2026h2,AME,2026-08,2026-08-04,2026-08-04,V5,b43e0d555cab604f,b43e0d555cab604f,false,none,0,false,false,false,false,false
forward_poll_2026h2,AMFPF,2026-07,2026-08-02,2026-08-04,V3,0938da4ba982fe85,9271a56ba6283b06,true,up,"[0.01,0.05)",false,true,true,false,true
forward_poll_2026h2,AMG,2026-07,2026-07-30,2026-07-30,V5,6bd4cc7f46919d03,6bd4cc7f46919d03,false,none,0,false,false,false,false,false
forward_poll_2026h2,AMG,2026-07,2026-07-30,2026-07-30,V5,6bd4cc7f46919d03,6bd4cc7f46919d03,false,none,0,false,false,false,false,false
forward_poll_2026h2,AMGDF,2026-07,2026-07-30,2026-08-01,V5,c047f6557f8bd25f,a7e8a8df04aac6f2,true,down,"[0.05,0.25)",true,false,true,true,false
forward_poll_2026h2,AMGN,2026-08,2026-08-04,2026-08-05,V5,6e725e8b3b455f8e,6e725e8b3b455f8e,false,none,0,true,true,false,false,false
forward_poll_2026h2,AMH,2026-07,2026-07-30,2026-07-31,V5,6cdd8eb2b972e1fd,1a253438917e975d,true,down,"[0.05,0.25)",true,true,false,false,false
forward_poll_2026h2,AMH-PG,2026-07,2026-07-30,2026-07-30,V3,706850935e40cdfd,706850935e40cdfd,false,none,0,true,true,false,false,false
forward_poll_2026h2,AMH-PH,2026-07,2026-07-30,2026-07-30,V3,35846a8278b5a9af,35846a8278b5a9af,false,none,0,true,true,false,false,false
forward_poll_2026h2,AMIX,2026-06,2026-06-05,2026-06-05,V3,ca1cebe0aacc0105,ca1cebe0aacc0105,false,none,0,false,false,false,false,false
forward_poll_2026h2,AMKR,2026-07,2026-07-27,2026-08-03,V5,9bf1e4820aaf0c27,9bf1e4820aaf0c27,false,none,0,true,true,false,false,false
forward_poll_2026h2,AMKYF,2026-07,2026-07-08,2026-07-08,V3,f506788652be03b5,76a47a76d57edfe7,true,down,"(0,0.01)",false,false,false,false,false
forward_poll_2026h2,AMLIF,2026-07,2026-07-29,2026-07-29,V5,0c67340e07aceabc,0c67340e07aceabc,false,none,0,,,false,,false
forward_poll_2026h2,AMP,2026-07,2026-07-23,2026-07-26,V5,b62990d6a446fff1,b62990d6a446fff1,false,none,0,false,false,false,false,false
forward_poll_2026h2,AMPX,2026-08,2026-08-04,2026-08-04,V5,f5ab04a67514f150,f5ab04a67514f150,false,none,0,false,false,false,false,false
forward_poll_2026h2,AMPX-WT,2026-08,2026-08-05,2026-08-05,V3,5b7508cddcaaaebb,5b7508cddcaaaebb,false,none,0,false,false,false,false,false
forward_poll_2026h2,AMQFF,2026-06,2026-06-05,2026-06-05,V5,ca5cd20d31ec3e87,ca5cd20d31ec3e87,false,none,0,,,false,,true
forward_poll_2026h2,AMRC,2026-08,2026-08-03,2026-08-04,V5,445833d9e1cf2fa7,445833d9e1cf2fa7,false,none,0,false,false,false,false,false
forward_poll_2026h2,AMRN,2026-07,2026-07-29,2026-08-01,V3,595f3e28b3a654a9,096ea28c627efbf5,true,down,"[0.05,0.25)",true,false,true,true,false
forward_poll_2026h2,AMRX,2026-07,2026-07-30,2026-07-31,V5,8c6091d469b492a4,8c6091d469b492a4,false,none,0,true,true,false,false,false
forward_poll_2026h2,AMSF,2026-07,2026-07-21,2026-07-21,V5,b29291e6d6c9884c,b29291e6d6c9884c,false,none,0,false,false,false,false,false
forward_poll_2026h2,AMSS,2026-06,2026-07-06,2026-07-06,V5,2fba05639480616a,2fba05639480616a,false,none,0,,,false,,true
forward_poll_2026h2,AMSSY,2026-08,2026-08-04,2026-08-04,V3,2e280aa4ba016a79,2e280aa4ba016a79,false,none,0,false,false,false,false,false
forward_poll_2026h2,AMSYF,2026-07,2026-07-31,2026-07-31,V5,d62e6f3aff074561,d62e6f3aff074561,false,none,0,,,false,,false
forward_poll_2026h2,AMT,2026-07,2026-07-28,2026-08-04,V5,88a4e4545cf20af8,0b94764288604716,true,down,"[0.25,1.00)",true,true,false,false,false
forward_poll_2026h2,AMTB,2026-07,2026-07-23,2026-07-24,V5,74b6d0f86579c8dc,74b6d0f86579c8dc,false,none,0,true,true,false,false,false
forward_poll_2026h2,AMVMF,2026-07,2026-07-29,2026-07-29,V3,8117f8e8a9f475e6,8117f8e8a9f475e6,false,none,0,false,false,false,false,false
forward_poll_2026h2,AMWL,2026-08,2026-08-04,2026-08-04,V3,39034a7b3e977729,39034a7b3e977729,false,none,0,true,true,false,false,false
forward_poll_2026h2,AMX,2026-07,2026-07-22,2026-07-23,V3,4d20e93422651b2e,33f94982c271c327,true,down,"[0.01,0.05)",true,false,true,true,false
forward_poll_2026h2,AMXEF,2026-06,2026-06-05,2026-06-05,V3,13e5b5e17040fb80,13e5b5e17040fb80,false,none,0,,,false,,false
forward_poll_2026h2,AMXEF,2026-06,2026-06-07,2026-06-07,V3,13e5b5e17040fb80,13e5b5e17040fb80,false,none,0,,,false,,false
forward_poll_2026h2,AMXEF,2026-06,2026-06-09,2026-06-09,V3,13e5b5e17040fb80,13e5b5e17040fb80,false,none,0,,,false,,false
forward_poll_2026h2,AMXEF,2026-06,2026-06-10,2026-06-10,V3,13e5b5e17040fb80,13e5b5e17040fb80,false,none,0,,,false,,false
forward_poll_2026h2,AMXEF,2026-06,2026-06-11,2026-06-11,V3,13e5b5e17040fb80,13e5b5e17040fb80,false,none,0,,,false,,false
forward_poll_2026h2,AMXEF,2026-06,2026-06-14,2026-06-14,V3,13e5b5e17040fb80,13e5b5e17040fb80,false,none,0,,,false,,false
forward_poll_2026h2,AMXEF,2026-06,2026-06-16,2026-06-16,V3,13e5b5e17040fb80,13e5b5e17040fb80,false,none,0,,,false,,false
forward_poll_2026h2,AMXEF,2026-06,2026-06-17,2026-06-17,V3,13e5b5e17040fb80,13e5b5e17040fb80,false,none,0,,,false,,false
forward_poll_2026h2,AMXEF,2026-06,2026-06-18,2026-06-18,V3,13e5b5e17040fb80,13e5b5e17040fb80,false,none,0,,,false,,false
forward_poll_2026h2,AMXEF,2026-06,2026-06-21,2026-06-21,V3,13e5b5e17040fb80,13e5b5e17040fb80,false,none,0,,,false,,false
forward_poll_2026h2,AMXEF,2026-06,2026-06-23,2026-06-23,V3,13e5b5e17040fb80,13e5b5e17040fb80,false,none,0,,,false,,false
forward_poll_2026h2,AMXEF,2026-06,2026-06-24,2026-06-24,V3,13e5b5e17040fb80,13e5b5e17040fb80,false,none,0,,,false,,false
forward_poll_2026h2,AMXEF,2026-06,2026-06-25,2026-06-25,V3,13e5b5e17040fb80,13e5b5e17040fb80,false,none,0,,,false,,false
forward_poll_2026h2,AMXEF,2026-07,2026-07-05,2026-07-05,V3,13e5b5e17040fb80,13e5b5e17040fb80,false,none,0,,,false,,false
forward_poll_2026h2,AMXEF,2026-07,2026-07-07,2026-07-07,V3,13e5b5e17040fb80,13e5b5e17040fb80,false,none,0,,,false,,false
forward_poll_2026h2,AMXEF,2026-07,2026-07-08,2026-07-08,V3,13e5b5e17040fb80,13e5b5e17040fb80,false,none,0,,,false,,false
forward_poll_2026h2,AMXEF,2026-07,2026-07-10,2026-07-10,V3,13e5b5e17040fb80,13e5b5e17040fb80,false,none,0,,,false,,false
forward_poll_2026h2,AMXEF,2026-07,2026-07-12,2026-07-12,V3,13e5b5e17040fb80,13e5b5e17040fb80,false,none,0,,,false,,false
forward_poll_2026h2,AMXEF,2026-07,2026-07-14,2026-07-14,V3,13e5b5e17040fb80,13e5b5e17040fb80,false,none,0,,,false,,false
forward_poll_2026h2,AMXEF,2026-07,2026-07-15,2026-07-15,V3,13e5b5e17040fb80,13e5b5e17040fb80,false,none,0,,,false,,false
forward_poll_2026h2,AMXEF,2026-07,2026-07-16,2026-07-16,V3,13e5b5e17040fb80,13e5b5e17040fb80,false,none,0,,,false,,false
forward_poll_2026h2,AMXEF,2026-07,2026-07-19,2026-07-19,V3,13e5b5e17040fb80,13e5b5e17040fb80,false,none,0,,,false,,false
forward_poll_2026h2,AMXEF,2026-07,2026-07-21,2026-07-21,V3,13e5b5e17040fb80,13e5b5e17040fb80,false,none,0,,,false,,false
forward_poll_2026h2,AMXEF,2026-07,2026-07-22,2026-07-22,V3,13e5b5e17040fb80,13e5b5e17040fb80,false,none,0,,,false,,false
forward_poll_2026h2,AMXEF,2026-07,2026-07-23,2026-07-23,V3,13e5b5e17040fb80,13e5b5e17040fb80,false,none,0,,,false,,false
forward_poll_2026h2,AMXEF,2026-07,2026-07-26,2026-07-26,V3,13e5b5e17040fb80,13e5b5e17040fb80,false,none,0,,,false,,false
forward_poll_2026h2,AMXEF,2026-07,2026-07-28,2026-07-28,V3,13e5b5e17040fb80,13e5b5e17040fb80,false,none,0,,,false,,false
forward_poll_2026h2,AMXEF,2026-07,2026-07-29,2026-07-29,V3,13e5b5e17040fb80,13e5b5e17040fb80,false,none,0,,,false,,false
forward_poll_2026h2,AMXEF,2026-07,2026-07-30,2026-07-30,V3,13e5b5e17040fb80,13e5b5e17040fb80,false,none,0,,,false,,false
forward_poll_2026h2,AMXEF,2026-08,2026-08-03,2026-08-03,V3,13e5b5e17040fb80,13e5b5e17040fb80,false,none,0,,,false,,false
forward_poll_2026h2,AMXOF,2026-07,2026-07-22,2026-07-22,V3,253a3b595a0648e9,5709e05eb09ed4e0,true,down,"(0,0.01)",true,false,true,true,false
forward_poll_2026h2,AMYZF,2026-06,2026-07-04,2026-07-04,V3,4e8db857ac3d1309,4e8db857ac3d1309,false,none,0,true,true,false,false,true
forward_poll_2026h2,AMZN,2026-07,2026-07-30,2026-08-02,V5,a3c8e6ad7f9bc5a9,6f8124e7858c2e79,true,up,>=1.00,false,true,true,false,false
forward_poll_2026h2,AN,2026-07,2026-07-31,2026-08-02,V5,c6ab502d408b875c,c6ab502d408b875c,false,none,0,false,false,false,false,false
forward_poll_2026h2,ANCTF,2026-06,2026-06-22,2026-06-22,V3,0bc80de61ef16634,0bc80de61ef16634,false,none,0,true,true,false,false,false
forward_poll_2026h2,ANDE,2026-08,2026-08-03,2026-08-04,V3,60080343b5231afb,72d7a8e7843d372f,true,down,"[0.25,1.00)",true,true,false,false,false
forward_poll_2026h2,ANDG,2026-06,2026-06-16,2026-06-16,V5,d65dd73fa7605cee,d65dd73fa7605cee,false,none,0,true,true,false,false,false
forward_poll_2026h2,ANET,2026-08,2026-08-04,2026-08-05,V5,f99f97e9b4bb32e8,f99f97e9b4bb32e8,false,none,0,true,true,false,false,false
forward_poll_2026h2,ANGI,2026-08,2026-08-04,2026-08-05,V3,5724f602de8362d6,33c68f7f7aeab52e,true,down,>=1.00,false,false,false,false,false
forward_poll_2026h2,ANGO,2026-07,2026-07-14,2026-07-14,V5,8f6c44531238d5da,8f6c44531238d5da,false,none,0,true,true,false,false,false
forward_poll_2026h2,ANGPY,2026-07,2026-07-29,2026-07-30,V5,e92186dcbda59d02,f2a1f7bb2b1f701c,true,up,"[0.01,0.05)",false,false,false,false,false
forward_poll_2026h2,ANGX,2026-06,2026-06-10,2026-06-10,V5,0c0e03dfcf53949c,0c0e03dfcf53949c,false,none,0,true,true,false,false,false
forward_poll_2026h2,ANGX,2026-08,2026-08-04,2026-08-04,V5,c2a62f92e7d23786,c2a62f92e7d23786,false,none,0,true,true,false,false,false
forward_poll_2026h2,ANIK,2026-07,2026-07-29,2026-07-29,V3,d9086d0f84c17ebb,d9086d0f84c17ebb,false,none,0,true,true,false,false,false
forward_poll_2026h2,ANIOY,2026-07,2026-07-24,2026-07-24,V3,81a8f0df4c7f0cf9,81a8f0df4c7f0cf9,false,none,0,true,true,false,false,false
forward_poll_2026h2,ANIX,2026-06,2026-06-11,2026-06-11,V3,4ef12f837245d178,4ef12f837245d178,false,none,0,true,true,false,false,false
forward_poll_2026h2,ANKOF,2026-06,2026-07-04,2026-07-04,V5,6a6e316220bb6be7,6a6e316220bb6be7,false,none,0,,,false,,true
forward_poll_2026h2,ANNSF,2026-07,2026-07-30,2026-08-05,V3,9429e33fd0711463,446e70a5e16f3068,true,down,"[0.05,0.25)",false,false,false,false,false
forward_poll_2026h2,ANPCF,2026-06,2026-06-24,2026-06-24,V5,7273f3d222474994,7273f3d222474994,false,none,0,true,true,false,false,true
forward_poll_2026h2,ANPCF,2026-07,2026-07-16,2026-07-16,V5,7359d6d275967ee8,7359d6d275967ee8,false,none,0,,,false,,false
forward_poll_2026h2,ANYYY,2026-07,2026-07-30,2026-08-04,V3,4ace39186df6d75f,7adcacb96cf63603,true,down,"[0.01,0.05)",true,false,true,true,true
forward_poll_2026h2,AOMN,2026-08,2026-08-04,2026-08-04,V3,8f11e99d2a445227,8f11e99d2a445227,false,none,0,true,true,false,false,false
forward_poll_2026h2,AOMR,2026-08,2026-08-04,2026-08-04,V3,fe00079a0389d8ca,fe00079a0389d8ca,false,none,0,true,true,false,false,false
forward_poll_2026h2,AON,2026-07,2026-07-29,2026-08-01,V5,caa3a44bc73cb586,caa3a44bc73cb586,false,none,0,false,false,false,false,false
forward_poll_2026h2,AONNF,2026-07,2026-07-10,2026-07-10,V3,ac4d389cbecda620,e0c771110fc8b86f,true,down,"(0,0.01)",true,true,false,false,false
forward_poll_2026h2,AONNY,2026-07,2026-07-10,2026-07-11,V3,57209b4c36801bcc,8e7a95d0e9637bba,true,up,"(0,0.01)",true,true,false,false,false
forward_poll_2026h2,AONNY,2026-07,2026-07-29,2026-07-29,V3,57209b4c36801bcc,57209b4c36801bcc,false,none,0,true,true,false,false,false
forward_poll_2026h2,AOS,2026-07,2026-07-30,2026-08-02,V5,aac9406c1a0340cf,aac9406c1a0340cf,false,none,0,false,false,false,false,false
forward_poll_2026h2,AOUT,2026-06,2026-06-25,2026-06-25,V5,62311763767bb52c,62311763767bb52c,false,none,0,true,true,false,false,false
forward_poll_2026h2,AOZOY,2026-07,2026-07-31,2026-08-04,V3,4451763274131486,a3bb54473ef9130e,true,up,"(0,0.01)",true,true,false,false,false
forward_poll_2026h2,APAM,2026-07,2026-07-28,2026-07-28,V5,ea3c1144cf7202ab,ea3c1144cf7202ab,false,none,0,false,false,false,false,false
forward_poll_2026h2,APCX,2026-07,2026-07-31,2026-07-31,V3,557cd764ed46604b,557cd764ed46604b,false,none,0,,,false,,false
forward_poll_2026h2,APD,2026-07,2026-07-30,2026-08-02,V5,86d61a10d3f034c0,86d61a10d3f034c0,false,none,0,false,false,false,false,false
forward_poll_2026h2,APELF,2026-07,2026-07-31,2026-07-31,V3,9f618016eb0119b2,9f618016eb0119b2,false,none,0,false,false,false,false,false
forward_poll_2026h2,APELY,2026-07,2026-07-31,2026-07-31,V3,b54621771779a71b,b54621771779a71b,false,none,0,false,false,false,false,false
forward_poll_2026h2,APEMY,2026-07,2026-07-30,2026-08-02,V3,dc19c840edafd666,e7f9e643205f4db4,true,up,"[0.25,1.00)",true,true,false,false,false
forward_poll_2026h2,APEOF,2026-05,2026-06-05,2026-06-05,V5,e6dd950c33ee3bbd,e6dd950c33ee3bbd,false,none,0,,,false,,true
forward_poll_2026h2,APG,2026-07,2026-07-30,2026-08-01,V5,fbb503689be70188,fbb503689be70188,false,none,0,false,false,false,false,false
forward_poll_2026h2,APH,2026-07,2026-07-29,2026-08-01,V5,7bc182a8e3deb0b6,7bc182a8e3deb0b6,false,none,0,true,true,false,false,false
forward_poll_2026h2,APHBF,2026-07,2026-08-01,2026-08-01,V3,f2db485d16d96f67,e282c90bf9d5d9ad,true,up,"(0,0.01)",true,true,false,false,false
forward_poll_2026h2,APLD,2026-07,2026-07-27,2026-08-03,V3,2fe7463fbb506b23,2fe7463fbb506b23,false,none,0,false,false,false,false,false
forward_poll_2026h2,APMSF,2026-07,2026-08-01,2026-08-02,V3,b4f17d2da4bc1ddf,ddc581056fca4a1b,true,up,"[0.01,0.05)",true,true,false,false,true
forward_poll_2026h2,APO,2026-08,2026-08-04,2026-08-04,V5,2ba52ecfcc3d95b5,2ba52ecfcc3d95b5,false,none,0,false,false,false,false,false
forward_poll_2026h2,APOS,2026-08,2026-08-04,2026-08-04,V3,e1e3829da982bac7,e1e3829da982bac7,false,none,0,false,false,false,false,false
forward_poll_2026h2,APPF,2026-07,2026-07-23,2026-07-24,V5,74830b87b90247b0,74830b87b90247b0,false,none,0,false,false,false,false,false
forward_poll_2026h2,APPS,2026-08,2026-08-04,2026-08-04,V5,87624ffcde01abb1,87624ffcde01abb1,false,none,0,true,true,false,false,false
forward_poll_2026h2,APTV,2026-08,2026-08-04,2026-08-05,V5,adb24b99d602f0bc,adb24b99d602f0bc,false,none,0,true,true,false,false,false
forward_poll_2026h2,APYRF,2026-07,2026-07-29,2026-07-29,V5,de541b82d0a71a38,59d428cd1b7c6050,true,up,"(0,0.01)",,,false,,false
forward_poll_2026h2,AQMS,2026-07,2026-07-30,2026-08-01,V3,4a163cecb2984b25,4a163cecb2984b25,false,none,0,,,false,,false
forward_poll_2026h2,AR,2026-07,2026-07-29,2026-07-29,V5,85992fc11bf25e54,85992fc11bf25e54,false,none,0,false,false,false,false,false
forward_poll_2026h2,ARCAY,2026-07,2026-08-01,2026-08-02,V5,c5c4bb14c20122a8,c5c4bb14c20122a8,false,none,0,false,false,false,false,true
forward_poll_2026h2,ARCB,2026-07,2026-07-29,2026-07-31,V5,d0504fdcf1bc3d5e,d0504fdcf1bc3d5e,false,none,0,false,false,false,false,false
forward_poll_2026h2,ARCC,2026-07,2026-07-29,2026-07-31,V5,ce0dc7bd7ee54cf5,ce0dc7bd7ee54cf5,false,none,0,false,false,false,false,false
forward_poll_2026h2,ARCUF,2026-06,2026-07-04,2026-07-04,V5,9da8213161d296a8,9da8213161d296a8,false,none,0,,,false,,true
forward_poll_2026h2,ARCVF,2026-07,2026-07-31,2026-08-02,V3,a97406a799c867b5,2775eccf8ece492e,true,up,"[0.05,0.25)",false,false,false,false,false
forward_poll_2026h2,ARCXF,2026-07,2026-08-01,2026-08-01,V5,3a34b9939f898b45,3a34b9939f898b45,false,none,0,,,false,,true
forward_poll_2026h2,ARDT,2026-08,2026-08-04,2026-08-04,V3,f5919fc93c9ffd7e,f5919fc93c9ffd7e,false,none,0,false,false,false,false,false
forward_poll_2026h2,ARE,2026-08,2026-08-03,2026-08-04,V3,d15dda5e373578ac,ff156c4ed5c5d60b,true,up,"[0.25,1.00)",true,true,false,false,false
forward_poll_2026h2,AREB,2026-06,2026-06-05,2026-06-05,V3,0947ee5c906f6d34,0947ee5c906f6d34,false,none,0,,,false,,true
forward_poll_2026h2,AREBW,2026-06,2026-06-05,2026-06-05,V3,e8d91fe79b750e99,e8d91fe79b750e99,false,none,0,,,false,,true
forward_poll_2026h2,AREC,2026-06,2026-06-05,2026-06-05,V3,3c8f2c832e48ee72,3c8f2c832e48ee72,false,none,0,true,true,false,false,false
forward_poll_2026h2,AREC,2026-06,2026-06-07,2026-06-08,V3,3c8f2c832e48ee72,5149a7c3b9f937e4,true,up,"(0,0.01)",true,true,false,false,false
forward_poll_2026h2,AREC,2026-06,2026-06-09,2026-06-09,V3,5149a7c3b9f937e4,5149a7c3b9f937e4,false,none,0,true,true,false,false,false
forward_poll_2026h2,AREC,2026-06,2026-06-10,2026-06-11,V3,5149a7c3b9f937e4,3c8f2c832e48ee72,true,down,"(0,0.01)",true,true,false,false,false
forward_poll_2026h2,AREC,2026-06,2026-06-11,2026-06-11,V3,3c8f2c832e48ee72,3c8f2c832e48ee72,false,none,0,true,true,false,false,false
forward_poll_2026h2,AREC,2026-06,2026-06-21,2026-06-21,V3,3c8f2c832e48ee72,3c8f2c832e48ee72,false,none,0,true,true,false,false,false
forward_poll_2026h2,AREC,2026-06,2026-06-23,2026-06-23,V3,3c8f2c832e48ee72,3c8f2c832e48ee72,false,none,0,true,true,false,false,false
forward_poll_2026h2,AREC,2026-07,2026-07-05,2026-07-05,V3,a1c502c7af25935f,a1c502c7af25935f,false,none,0,false,false,false,false,false
forward_poll_2026h2,AREC,2026-07,2026-07-07,2026-07-07,V3,a1c502c7af25935f,a1c502c7af25935f,false,none,0,false,false,false,false,false
forward_poll_2026h2,AREC,2026-07,2026-07-08,2026-07-08,V3,a1c502c7af25935f,a1c502c7af25935f,false,none,0,false,false,false,false,false
forward_poll_2026h2,AREC,2026-07,2026-07-10,2026-07-10,V3,a1c502c7af25935f,a1c502c7af25935f,false,none,0,false,false,false,false,false
forward_poll_2026h2,AREC,2026-07,2026-07-12,2026-07-12,V3,a1c502c7af25935f,a1c502c7af25935f,false,none,0,false,false,false,false,false
forward_poll_2026h2,AREC,2026-07,2026-07-14,2026-07-14,V3,a1c502c7af25935f,a1c502c7af25935f,false,none,0,false,false,false,false,false
forward_poll_2026h2,AREC,2026-07,2026-07-15,2026-07-15,V3,a1c502c7af25935f,a1c502c7af25935f,false,none,0,false,false,false,false,false
forward_poll_2026h2,AREC,2026-07,2026-07-16,2026-07-16,V3,a1c502c7af25935f,a1c502c7af25935f,false,none,0,false,false,false,false,false
forward_poll_2026h2,AREC,2026-07,2026-07-19,2026-07-19,V3,a1c502c7af25935f,a1c502c7af25935f,false,none,0,false,false,false,false,false
forward_poll_2026h2,AREC,2026-07,2026-07-23,2026-07-23,V3,a1c502c7af25935f,a1c502c7af25935f,false,none,0,false,false,false,false,false
forward_poll_2026h2,AREC,2026-07,2026-07-26,2026-07-26,V3,a1c502c7af25935f,a1c502c7af25935f,false,none,0,false,false,false,false,false
forward_poll_2026h2,AREC,2026-07,2026-07-28,2026-07-28,V3,a1c502c7af25935f,a1c502c7af25935f,false,none,0,false,false,false,false,false
forward_poll_2026h2,ARES,2026-07,2026-07-31,2026-08-02,V5,14c455df9f5264ac,14c455df9f5264ac,false,none,0,false,false,false,false,false
forward_poll_2026h2,ARGHF,2026-06,2026-06-05,2026-06-05,V5,0ace4e986e928398,0ace4e986e928398,false,none,0,,,false,,true
forward_poll_2026h2,ARGNF,2026-07,2026-07-22,2026-07-22,V5,b87313dd48ea7a78,b87313dd48ea7a78,false,none,0,,,false,,false
forward_poll_2026h2,ARGX,2026-07,2026-07-29,2026-07-30,V5,c5a46b6163275a39,c5a46b6163275a39,false,none,0,true,true,false,false,true
forward_poll_2026h2,ARGYF,2026-06,2026-06-05,2026-06-05,V3,a3195dbc8d0316d7,a3195dbc8d0316d7,false,none,0,,,false,,false
forward_poll_2026h2,ARHUF,2026-07,2026-07-17,2026-07-17,V3,d79378d12ae61fbf,40a2a82d489097b4,true,down,"(0,0.01)",false,false,false,false,false
forward_poll_2026h2,ARIS,2026-07,2026-07-29,2026-08-05,V3,2cf29a501f1089a7,2cf29a501f1089a7,false,none,0,true,true,false,false,false
forward_poll_2026h2,ARKAF,2026-07,2026-07-31,2026-07-31,V3,c97b1f705591fa1e,c97b1f705591fa1e,false,none,0,true,true,false,false,false
forward_poll_2026h2,ARKAY,2026-07,2026-07-30,2026-07-30,V3,9c306731900557a7,9c306731900557a7,false,none,0,true,true,false,false,false
forward_poll_2026h2,ARLLF,2026-07,2026-07-22,2026-07-22,V5,2f746607bf020ff3,2f746607bf020ff3,false,none,0,false,false,false,false,true
forward_poll_2026h2,ARLP,2026-07,2026-07-27,2026-07-27,V3,b6f6b508aee11b56,b6f6b508aee11b56,false,none,0,false,false,false,false,false
forward_poll_2026h2,ARM,2026-07,2026-07-29,2026-08-01,V5,021c08e55d146b5f,021c08e55d146b5f,false,none,0,true,true,false,false,false
forward_poll_2026h2,AROC,2026-08,2026-08-04,2026-08-04,V3,5455f7c05ba87e13,5455f7c05ba87e13,false,none,0,false,false,false,false,false
forward_poll_2026h2,AROW,2026-07,2026-07-23,2026-07-24,V5,b294570eeecad05e,b294570eeecad05e,false,none,0,false,false,false,false,false
forward_poll_2026h2,ARR,2026-07,2026-07-22,2026-07-23,V3,38c97d646280ea62,38c97d646280ea62,false,none,0,false,false,false,false,false
forward_poll_2026h2,ARR-PC,2026-07,2026-07-23,2026-07-23,V3,ba0c0f7c7f8e6b18,ba0c0f7c7f8e6b18,false,none,0,false,false,false,false,false
forward_poll_2026h2,ARREF,2026-07,2026-07-29,2026-07-29,V3,c06d0492ebf86d82,c06d0492ebf86d82,false,none,0,true,true,false,false,false
forward_poll_2026h2,ARRJF,2026-07,2026-07-15,2026-07-15,V3,b1ea4c2662966444,28c92e4e2654265b,true,down,"(0,0.01)",true,true,false,false,false
forward_poll_2026h2,ARSEF,2026-05,2026-06-05,2026-06-05,V5,712b5d3bbc6f5a81,712b5d3bbc6f5a81,false,none,0,,,false,,true
forward_poll_2026h2,ARSMF,2026-06,2026-06-05,2026-06-05,V5,67f776e8936272e2,67f776e8936272e2,false,none,0,,,false,,true
forward_poll_2026h2,ARSUF,2026-07,2026-08-01,2026-08-01,V5,ffea568c02665c56,ffea568c02665c56,false,none,0,,,false,,true
forward_poll_2026h2,ARTW,2026-07,2026-07-10,2026-07-10,V5,2f3a5227a0e38c6c,2f3a5227a0e38c6c,false,none,0,,,false,,false
forward_poll_2026h2,ARTW,2026-07,2026-07-15,2026-07-15,V5,0ae1e89183af3e41,0ae1e89183af3e41,false,none,0,,,false,,false
forward_poll_2026h2,ARVN,2026-08,2026-08-04,2026-08-04,V5,29811d6130c0545d,29811d6130c0545d,false,none,0,true,true,false,false,false
forward_poll_2026h2,ARWR,2026-08,2026-08-04,2026-08-04,V5,89025f84b142d17b,89025f84b142d17b,false,none,0,false,false,false,false,false
forward_poll_2026h2,ARXRF,2026-06,2026-06-25,2026-06-25,V5,4ad6853ef078ae93,4ad6853ef078ae93,false,none,0,,,false,,true
forward_poll_2026h2,ARXS,2026-07,2026-07-29,2026-07-30,V3,a0288e67d6d7ac9f,a0288e67d6d7ac9f,false,none,0,true,true,false,false,false
forward_poll_2026h2,ASAAF,2026-06,2026-06-14,2026-06-14,V3,43a3f840cfa11dce,43a3f840cfa11dce,false,none,0,false,false,false,false,true
forward_poll_2026h2,ASAAF,2026-08,2026-08-04,2026-08-04,V3,c7983ae8dacf3e38,c7983ae8dacf3e38,false,none,0,true,true,false,false,false
forward_poll_2026h2,ASAZF,2026-07,2026-07-17,2026-07-17,V3,6ef16f9364004875,e87647359185aa7a,true,down,"(0,0.01)",true,false,true,false,false
forward_poll_2026h2,ASAZY,2026-07,2026-07-17,2026-07-18,V3,5d47539bf228c9b8,24c29948c6937033,true,up,"(0,0.01)",false,false,false,false,false
forward_poll_2026h2,ASB,2026-07,2026-07-23,2026-07-26,V5,19d0c904362d85f7,f9bc2438c9cb8eb2,true,down,"[0.05,0.25)",false,false,false,true,false
forward_poll_2026h2,ASB-PE,2026-07,2026-07-23,2026-07-23,V3,6a600abae4535f18,6a600abae4535f18,false,none,0,false,false,false,false,false
forward_poll_2026h2,ASB-PF,2026-07,2026-07-23,2026-07-23,V3,a8de98a697e67f77,a8de98a697e67f77,false,none,0,false,false,false,false,false
forward_poll_2026h2,ASBRF,2026-07,2026-07-08,2026-07-09,V3,44ad74ee79669c19,44ad74ee79669c19,false,none,0,false,false,false,false,false
forward_poll_2026h2,ASC,2026-07,2026-07-29,2026-07-29,V3,4245cf3bd71180d6,4245cf3bd71180d6,false,none,0,true,true,false,false,false
forward_poll_2026h2,ASCOF,2026-07,2026-08-01,2026-08-01,V5,b9955329756569e6,b9955329756569e6,false,none,0,,,false,,false
forward_poll_2026h2,ASEKF,2026-07,2026-07-31,2026-07-31,V3,a3a090a817eec251,a3a090a817eec251,false,none,0,true,true,false,false,false
forward_poll_2026h2,ASEKY,2026-07,2026-07-31,2026-07-31,V3,48fb2a8f36f9323c,48fb2a8f36f9323c,false,none,0,true,true,false,false,false
forward_poll_2026h2,ASEKY,2026-07,2026-07-31,2026-07-31,V3,f75224fcb398363e,f75224fcb398363e,false,none,0,true,true,false,false,false
forward_poll_2026h2,ASGLF,2026-08,2026-08-04,2026-08-04,V5,29923f67219bfc82,29923f67219bfc82,false,none,0,,,false,,false
forward_poll_2026h2,ASGLY,2026-08,2026-08-05,2026-08-05,V5,1e4dfa91fee801ac,757a6f9f92138fe2,true,down,"(0,0.01)",,,false,,false
forward_poll_2026h2,ASGOF,2026-05,2026-06-05,2026-06-05,V3,471a08cc63bcf95a,471a08cc63bcf95a,false,none,0,,,false,,true
forward_poll_2026h2,ASH,2026-07,2026-07-28,2026-07-30,V5,59bfd24bc2d23c6a,59bfd24bc2d23c6a,false,none,0,false,false,false,false,false
forward_poll_2026h2,ASIC,2026-07,2026-07-29,2026-08-01,V3,eb985eca1d966ec2,eb985eca1d966ec2,false,none,0,true,true,false,false,false
forward_poll_2026h2,ASMIY,2026-07,2026-07-28,2026-07-30,V3,9fdf83fe0fd67081,ea490b8163b976a2,true,down,"[0.05,0.25)",false,true,true,false,false
forward_poll_2026h2,ASML,2026-07,2026-07-15,2026-07-18,V5,09dd39a81a556b79,7efd8340fc57f3cc,true,down,"[0.01,0.05)",false,false,false,false,false
forward_poll_2026h2,ASMLF,2026-07,2026-07-15,2026-07-15,V3,f8adee943ec7d2ef,8926e26481331d0d,true,down,"[0.01,0.05)",true,true,false,false,false
forward_poll_2026h2,ASMVF,2026-07,2026-07-30,2026-07-30,V3,c1ecd2dad329a27f,c1ecd2dad329a27f,false,none,0,,,false,,false
forward_poll_2026h2,ASMXF,2026-07,2026-07-28,2026-07-28,V3,c3b42ffd997fc92e,c3b42ffd997fc92e,false,none,0,true,true,false,false,false
forward_poll_2026h2,ASO,2026-06,2026-06-09,2026-06-15,V5,56d400af55b3cdea,56d400af55b3cdea,false,none,0,false,false,false,false,false
forward_poll_2026h2,ASPS,2026-07,2026-07-23,2026-07-23,V3,773d5278138dbaaf,773d5278138dbaaf,false,none,0,false,false,false,false,false
forward_poll_2026h2,ASR,2026-07,2026-07-23,2026-07-24,V3,33720272c14b5f93,33720272c14b5f93,false,none,0,false,false,false,false,false
forward_poll_2026h2,ASRMF,2026-07,2026-07-24,2026-07-25,V3,e9de66fc8c053bbb,4e88399e5b27da91,true,down,"[0.01,0.05)",false,false,false,false,false
forward_poll_2026h2,ASRV,2026-07,2026-07-21,2026-07-21,V5,4dc6c66416bd988e,4dc6c66416bd988e,false,none,0,,,false,,false
forward_poll_2026h2,ASTL,2026-07,2026-07-28,2026-07-31,V3,743b2d3879fc639c,80788325dacaba31,true,up,"[0.25,1.00)",false,false,false,false,false
forward_poll_2026h2,ASTLW,2026-07,2026-07-30,2026-07-30,V3,fc115bb3d0108456,79cb76760113ac7e,true,up,"(0,0.01)",false,false,false,false,false
forward_poll_2026h2,ASUR,2026-07,2026-07-30,2026-07-31,V5,4acfd01bff4aaa7f,4acfd01bff4aaa7f,false,none,0,false,false,false,false,false
forward_poll_2026h2,ASWRF,2026-06,2026-06-05,2026-06-05,V5,59b6c42408118a6b,59b6c42408118a6b,false,none,0,,,false,,true
forward_poll_2026h2,ASX,2026-07,2026-07-30,2026-07-30,V3,21dc59983233d5be,21dc59983233d5be,false,none,0,true,true,false,false,false
forward_poll_2026h2,ATAZF,2026-07,2026-07-16,2026-07-17,V3,c0859a484a67a6e5,695659cd2437bbf4,true,up,"(0,0.01)",false,false,false,false,false
forward_poll_2026h2,ATCHW,2026-06,2026-06-05,2026-06-05,V5,6d170ba2860ea7a2,6d170ba2860ea7a2,false,none,0,false,false,false,false,true
forward_poll_2026h2,ATEC,2026-08,2026-08-04,2026-08-04,V5,03717d89559d1d04,03717d89559d1d04,false,none,0,false,false,false,false,false
forward_poll_2026h2,ATEX,2026-06,2026-06-10,2026-06-17,V5,70fec5f2086889e9,b1c2414231a0dd6a,true,down,>=1.00,true,true,false,false,false
forward_poll_2026h2,ATEYY,2026-07,2026-07-29,2026-07-30,V5,8de4eaba42718564,8de4eaba42718564,false,none,0,true,true,false,false,false
forward_poll_2026h2,ATGFF,2026-07,2026-07-30,2026-07-30,V3,cfdc9d22a29c3a74,cfdc9d22a29c3a74,false,none,0,true,true,false,false,false
forward_poll_2026h2,ATHOF,2026-07,2026-07-30,2026-07-30,V3,95bbd00794a7e652,f04605c3396820b4,true,down,"(0,0.01)",false,false,false,false,false
forward_poll_2026h2,ATKR,2026-08,2026-08-03,2026-08-05,V3,b38d89400f34c175,b38d89400f34c175,false,none,0,true,true,false,false,false
forward_poll_2026h2,ATLCY,2026-07,2026-07-17,2026-07-17,V3,7bbd635c176f26ea,7bbd635c176f26ea,false,none,0,false,false,false,false,false
forward_poll_2026h2,ATLFF,2026-07,2026-07-17,2026-07-17,V3,6899bff67f91e405,6899bff67f91e405,false,none,0,false,false,false,false,false
forward_poll_2026h2,ATLKY,2026-07,2026-07-17,2026-07-17,V3,9f165ac0cca5427e,aae4bec2486dd5b7,true,down,"(0,0.01)",false,false,false,false,false
forward_poll_2026h2,ATLN,2026-06,2026-06-23,2026-06-23,V3,2a2c05dcf0741c6c,2a2c05dcf0741c6c,false,none,0,false,false,false,false,false
forward_poll_2026h2,ATLPF,2026-07,2026-07-17,2026-07-17,V3,7d59b306010b2459,7d59b306010b2459,false,none,0,false,false,false,false,false
forward_poll_2026h2,ATNNF,2026-07,2026-07-30,2026-07-30,V5,295332cf2b642a25,295332cf2b642a25,false,none,0,,,false,,false
forward_poll_2026h2,ATOGF,2026-07,2026-07-30,2026-07-30,V3,d74098d695b66f96,d74098d695b66f96,false,none,0,false,false,false,false,false
forward_poll_2026h2,ATOM,2026-08,2026-08-04,2026-08-04,V3,07a2a082ee6900b5,07a2a082ee6900b5,false,none,0,false,false,false,false,false
forward_poll_2026h2,ATON,2026-07,2026-07-23,2026-07-23,V3,408f77a955dbfe16,408f77a955dbfe16,false,none,0,true,true,false,false,false
forward_poll_2026h2,ATR,2026-07,2026-07-30,2026-08-02,V5,6f913c1a8201b81b,6f913c1a8201b81b,false,none,0,false,false,false,false,false
forward_poll_2026h2,ATRC,2026-07,2026-07-23,2026-07-30,V5,fa0e3eaebbcbcc43,fa0e3eaebbcbcc43,false,none,0,true,true,false,false,false
forward_poll_2026h2,ATRRF,2026-07,2026-07-28,2026-07-31,V5,f462871dc9ff280b,7c9054e5620bf318,true,up,>=1.00,,,false,,false
forward_poll_2026h2,ATTRF,2026-07,2026-07-28,2026-07-28,V3,9816b544d035c5d0,9816b544d035c5d0,false,none,0,false,false,false,false,false
forward_poll_2026h2,ATVXF,2026-07,2026-07-22,2026-07-22,V5,f0276d0d9be5746c,f0276d0d9be5746c,false,none,0,false,false,false,false,false
forward_poll_2026h2,ATXG,2026-06,2026-07-04,2026-07-04,V5,23b5f8f5ef2a07b3,23b5f8f5ef2a07b3,false,none,0,,,false,,true
forward_poll_2026h2,ATYR,2026-08,2026-08-05,2026-08-05,V5,8ff2aeac697673e2,8ff2aeac697673e2,false,none,0,true,true,false,false,false
forward_poll_2026h2,ATZAF,2026-07,2026-07-10,2026-07-13,V5,47d2786c83120821,47d2786c83120821,false,none,0,false,false,false,false,false
forward_poll_2026h2,AU,2026-07,2026-07-31,2026-08-01,V5,0923f8fb7ba7772e,0923f8fb7ba7772e,false,none,0,false,false,false,false,false
forward_poll_2026h2,AUB,2026-07,2026-07-21,2026-07-22,V5,443e4c6a16928980,443e4c6a16928980,false,none,0,false,false,false,false,false
forward_poll_2026h2,AUB-PA,2026-07,2026-07-24,2026-07-24,V5,22ebc545932c8424,22ebc545932c8424,false,none,0,,,false,,true
forward_poll_2026h2,AUBN,2026-07,2026-07-28,2026-07-28,V5,7b44fc6e875dcca4,7b44fc6e875dcca4,false,none,0,,,false,,false
forward_poll_2026h2,AUCCF,2026-06,2026-06-05,2026-06-05,V5,45079810f67f564f,45079810f67f564f,false,none,0,,,false,,true
forward_poll_2026h2,AUDC,2026-08,2026-08-04,2026-08-04,V3,a496a6c6c86239ac,a496a6c6c86239ac,false,none,0,true,true,false,false,false
forward_poll_2026h2,AUKUF,2026-08,2026-08-04,2026-08-04,V3,0c75689eff912fa9,0c75689eff912fa9,false,none,0,false,false,false,false,false
forward_poll_2026h2,AUMMF,2026-07,2026-07-31,2026-07-31,V5,269b63275da8951d,269b63275da8951d,false,none,0,,,false,,false
forward_poll_2026h2,AUMN,2026-07,2026-07-28,2026-07-29,V3,018af9ae69e9657f,018af9ae69e9657f,false,none,0,true,true,false,false,false
forward_poll_2026h2,AUOTY,2026-07,2026-07-30,2026-08-01,V3,25277a7bdd88a4b8,25277a7bdd88a4b8,false,none,0,true,true,false,false,false
forward_poll_2026h2,AUOTY,2026-07,2026-07-31,2026-08-01,V3,25277a7bdd88a4b8,25277a7bdd88a4b8,false,none,0,true,true,false,false,false
forward_poll_2026h2,AUQFF,2026-07,2026-08-01,2026-08-01,V5,6847087fc30f802d,6847087fc30f802d,false,none,0,,,false,,true
forward_poll_2026h2,AUR,2026-07,2026-07-29,2026-07-29,V3,2e0702033fd85088,2e0702033fd85088,false,none,0,false,false,false,false,false
forward_poll_2026h2,AURE,2026-07,2026-07-27,2026-07-27,V5,c2e580b271f19e8d,c2e580b271f19e8d,false,none,0,,,false,,false
forward_poll_2026h2,AUROW,2026-07,2026-07-30,2026-07-30,V3,080dfb9af7d84062,080dfb9af7d84062,false,none,0,false,false,false,false,false
forward_poll_2026h2,AUXXF,2026-06,2026-06-05,2026-06-05,V3,b4e0cf5c4bbce030,b4e0cf5c4bbce030,false,none,0,,,false,,true
forward_poll_2026h2,AVA,2026-08,2026-08-03,2026-08-04,V3,44d0e9a9afb9f439,69b11aa3f421d846,true,up,"[0.05,0.25)",true,true,false,false,false
forward_poll_2026h2,AVAV,2026-06,2026-07-04,2026-07-06,V5,2948e26830812570,2948e26830812570,false,none,0,true,true,false,false,true
forward_poll_2026h2,AVB,2026-07,2026-07-22,2026-07-26,V5,8efe080e971c59d4,ba414234c471533a,true,down,>=1.00,true,false,true,true,false
forward_poll_2026h2,AVBC,2026-07,2026-07-23,2026-07-23,V3,4910b8ea123ce90a,4910b8ea123ce90a,false,none,0,true,true,false,false,false
forward_poll_2026h2,AVBH,2026-07,2026-07-23,2026-07-23,V5,9fd2d0a042b505fb,9fd2d0a042b505fb,false,none,0,false,false,false,false,false
forward_poll_2026h2,AVCRF,2026-06,2026-06-05,2026-06-05,V5,8071b0caf209a54b,8071b0caf209a54b,false,none,0,,,false,,true
forward_poll_2026h2,AVGO,2026-06,2026-06-05,2026-06-06,V5,84c7b10e3524d2d5,84c7b10e3524d2d5,false,none,0,false,false,false,false,true
forward_poll_2026h2,AVLN,2026-06,2026-06-05,2026-06-05,V5,7d4796f534b3f3c9,3f9dea8b22d6df13,true,down,>=1.00,true,false,true,true,true
forward_poll_2026h2,AVLNF,2026-07,2026-07-11,2026-07-11,V5,c30fafde513ae4a5,c30fafde513ae4a5,false,none,0,,,false,,false
forward_poll_2026h2,AVO,2026-06,2026-06-09,2026-06-15,V5,1fa4469dd1b0ce9b,d826ba26b73b01c7,true,up,"[0.05,0.25)",false,false,false,false,false
forward_poll_2026h2,AVTR,2026-07,2026-07-29,2026-08-01,V5,5aa13fa630fb4808,5aa13fa630fb4808,false,none,0,true,false,true,false,false
forward_poll_2026h2,AVXL,2026-06,2026-06-08,2026-06-08,V3,dcc67c259dd0f38a,dcc67c259dd0f38a,false,none,0,false,false,false,false,false
forward_poll_2026h2,AVXL,2026-06,2026-06-15,2026-06-15,V3,dcc67c259dd0f38a,dcc67c259dd0f38a,false,none,0,false,false,false,false,false
forward_poll_2026h2,AVXL,2026-06,2026-06-22,2026-06-22,V3,dcc67c259dd0f38a,dcc67c259dd0f38a,false,none,0,false,false,false,false,false
forward_poll_2026h2,AVXL,2026-06,2026-07-04,2026-07-04,V3,dcc67c259dd0f38a,dcc67c259dd0f38a,false,none,0,false,false,false,false,true
forward_poll_2026h2,AVXL,2026-07,2026-07-30,2026-07-31,V3,bdb9c7c7622ab591,bdb9c7c7622ab591,false,none,0,true,true,false,false,false
forward_poll_2026h2,AVY,2026-07,2026-07-30,2026-07-31,V5,ff57227f65b6d901,ff57227f65b6d901,false,none,0,true,true,false,false,false
forward_poll_2026h2,AWI,2026-07,2026-07-28,2026-07-29,V5,45958bb3ac2c004f,45958bb3ac2c004f,false,none,0,false,false,false,false,false
forward_poll_2026h2,AWK,2026-07,2026-07-29,2026-07-30,V3,e24534926909cf07,e24534926909cf07,false,none,0,true,true,false,false,false
forward_poll_2026h2,AWRE,2026-07,2026-07-29,2026-07-29,V3,4d20c0a0c79bd76d,4d20c0a0c79bd76d,false,none,0,false,false,false,false,false
forward_poll_2026h2,AWTRF,2026-07,2026-07-31,2026-08-03,V3,82e008784471443d,d366bfbb753c9fc7,true,down,>=1.00,,false,false,,false
forward_poll_2026h2,AWTRF,2026-08,2026-08-04,2026-08-04,V3,82e008784471443d,82e008784471443d,false,none,0,false,false,false,false,false
forward_poll_2026h2,AX,2026-07,2026-07-30,2026-08-02,V5,be861e8e7f9c1583,bfced3479ff4bf86,true,down,"[0.25,1.00)",true,false,true,false,false
forward_poll_2026h2,AXAHF,2026-07,2026-07-31,2026-07-31,V5,05d1ef4c600969ca,05d1ef4c600969ca,false,none,0,false,false,false,false,false
forward_poll_2026h2,AXAHY,2026-07,2026-07-31,2026-07-31,V3,3d364a9a5ac0669f,3d364a9a5ac0669f,false,none,0,false,false,false,false,false
forward_poll_2026h2,AXFOF,2026-07,2026-07-15,2026-07-15,V3,a856d8191fcc2184,801a89fc965a55e1,true,down,"(0,0.01)",false,false,false,false,false
forward_poll_2026h2,AXFOY,2026-07,2026-07-15,2026-07-16,V3,a6d0269550dfbb9a,552be2884e00c991,true,down,"(0,0.01)",false,false,false,false,false
forward_poll_2026h2,AXGN,2026-07,2026-07-29,2026-07-29,V5,9f526f8df77a7e5a,9f526f8df77a7e5a,false,none,0,false,false,false,false,false
forward_poll_2026h2,AXP,2026-07,2026-07-24,2026-07-24,V5,d32282e9f614c009,d32282e9f614c009,false,none,0,false,false,false,false,false
forward_poll_2026h2,AXR,2026-07,2026-07-24,2026-07-28,V5,356e554ff96498d5,0de644af55029b1a,true,up,"[0.01,0.05)",false,false,false,false,false
forward_poll_2026h2,AXS,2026-07,2026-07-28,2026-08-03,V5,8a0d7bf5c74b65ba,8a0d7bf5c74b65ba,false,none,0,false,false,false,false,false
forward_poll_2026h2,AXS-PE,2026-07,2026-07-28,2026-07-28,V3,631dc2275622d3ae,631dc2275622d3ae,false,none,0,false,false,false,false,false
forward_poll_2026h2,AXTA,2026-07,2026-07-28,2026-07-31,V5,24148dddd56215d6,24148dddd56215d6,false,none,0,true,true,false,false,false
forward_poll_2026h2,AXTI,2026-07,2026-07-30,2026-08-01,V5,96a9b7794bb62767,96a9b7794bb62767,false,none,0,true,true,false,false,false
forward_poll_2026h2,AXTLF,2026-07,2026-07-23,2026-07-24,V3,4a08aab69549d895,64f888773aff3356,true,up,"(0,0.01)",false,true,true,false,false
forward_poll_2026h2,AYI,2026-06,2026-06-25,2026-06-25,V5,f924f4a0f6588ac8,f924f4a0f6588ac8,false,none,0,false,false,false,false,false
forward_poll_2026h2,AZIHF,2026-07,2026-08-01,2026-08-01,V3,6d21ddc44cd6346f,6d21ddc44cd6346f,false,none,0,true,true,false,false,true
forward_poll_2026h2,AZLGF,2026-07,2026-08-01,2026-08-01,V5,f2bb76fcc2fd16e1,f2bb76fcc2fd16e1,false,none,0,,,false,,true
forward_poll_2026h2,AZN,2026-07,2026-07-27,2026-08-03,V5,d74554702c2b8497,d74554702c2b8497,false,none,0,false,false,false,false,false
forward_poll_2026h2,AZREF,2026-06,2026-06-16,2026-06-16,V3,468f46b712af8807,468f46b712af8807,false,none,0,,,false,,false
forward_poll_2026h2,AZTA,2026-08,2026-08-04,2026-08-04,V5,7e1e344de2087cde,7e1e344de2087cde,false,none,0,true,true,false,false,false
forward_poll_2026h2,AZZ,2026-07,2026-07-08,2026-07-11,V5,5d8a98d183ebf47e,5d8a98d183ebf47e,false,none,0,false,false,false,false,false
forward_poll_2026h2,BA,2026-07,2026-07-28,2026-07-31,V5,6955b43c837e54f6,6955b43c837e54f6,false,none,0,false,false,false,false,false
forward_poll_2026h2,BABB,2026-07,2026-07-11,2026-07-11,V5,ec6c51801b8f93cf,ec6c51801b8f93cf,false,none,0,,,false,,false
forward_poll_2026h2,BABWF,2026-07,2026-08-01,2026-08-01,V5,e7fa77fe0cdbd1c7,e7fa77fe0cdbd1c7,false,none,0,,,false,,false
forward_poll_2026h2,BAC,2026-07,2026-07-14,2026-07-17,V5,cb8c48ca97129bd1,cb8c48ca97129bd1,false,none,0,false,false,false,false,false
forward_poll_2026h2,BAC-PB,2026-07,2026-07-14,2026-07-14,V3,b3f9ba18606c70f4,b3f9ba18606c70f4,false,none,0,true,true,false,false,false
forward_poll_2026h2,BAC-PE,2026-07,2026-07-14,2026-07-14,V3,ef9f099567c4b92c,ef9f099567c4b92c,false,none,0,true,true,false,false,false
forward_poll_2026h2,BAC-PK,2026-07,2026-07-14,2026-07-14,V3,3896fae60cbccca0,3896fae60cbccca0,false,none,0,true,true,false,false,false
forward_poll_2026h2,BAC-PL,2026-07,2026-07-14,2026-07-14,V3,5c76467f9ffc412d,5c76467f9ffc412d,false,none,0,true,true,false,false,false
forward_poll_2026h2,BAC-PM,2026-07,2026-07-14,2026-07-14,V3,9f61dc9f9baee51c,9f61dc9f9baee51c,false,none,0,true,true,false,false,false
forward_poll_2026h2,BAC-PN,2026-07,2026-07-14,2026-07-14,V3,0e038579a1d38c52,0e038579a1d38c52,false,none,0,true,true,false,false,false
forward_poll_2026h2,BAC-PO,2026-07,2026-07-14,2026-07-14,V3,d21d9f29dee7214b,d21d9f29dee7214b,false,none,0,true,true,false,false,false
forward_poll_2026h2,BAC-PP,2026-07,2026-07-14,2026-07-14,V3,e876a5adc1b8522c,e876a5adc1b8522c,false,none,0,true,true,false,false,false
forward_poll_2026h2,BAC-PQ,2026-07,2026-07-14,2026-07-14,V3,c46c782a8a20d67c,c46c782a8a20d67c,false,none,0,true,true,false,false,false
forward_poll_2026h2,BAC-PS,2026-07,2026-07-14,2026-07-14,V3,d4b996650014e3b2,d4b996650014e3b2,false,none,0,true,true,false,false,false
forward_poll_2026h2,BACRP,2026-07,2026-07-14,2026-07-14,V3,e1c4d7b0988a5772,e1c4d7b0988a5772,false,none,0,true,true,false,false,false
forward_poll_2026h2,BADEF,2026-06,2026-06-05,2026-06-05,V5,44a0aaab306b0d05,44a0aaab306b0d05,false,none,0,,,false,,true
forward_poll_2026h2,BAESF,2026-07,2026-08-01,2026-08-01,V3,a66f975711228a40,a66f975711228a40,false,none,0,false,false,false,false,true
forward_poll_2026h2,BAESY,2026-07,2026-07-30,2026-07-31,V3,ecf5061192ec4e3d,8bd7c049589c427f,true,up,"[0.01,0.05)",true,true,false,false,false
forward_poll_2026h2,BAH,2026-07,2026-07-24,2026-07-26,V5,a942292be19f8fe7,a942292be19f8fe7,false,none,0,true,true,false,false,false
forward_poll_2026h2,BALDF,2026-07,2026-07-14,2026-07-14,V3,a9f517360097e04b,73c0719b63ecbfd1,true,down,"(0,0.01)",true,true,false,false,false
forward_poll_2026h2,BALL,2026-08,2026-08-04,2026-08-04,V5,d1fcab5b12d03293,d1fcab5b12d03293,false,none,0,false,false,false,false,false
forward_poll_2026h2,BAMXF,2026-07,2026-07-30,2026-07-30,V3,c7bfe396d4c651d8,fd11ab5294a39ae5,true,up,"[0.05,0.25)",true,true,false,false,false
forward_poll_2026h2,BANC,2026-07,2026-07-29,2026-08-01,V5,f245230d221413a0,78cad90d1a6d59e4,true,up,>=1.00,false,true,true,true,false
forward_poll_2026h2,BANC-PF,2026-07,2026-07-29,2026-07-29,V3,2214aad4e2bf13ed,2214aad4e2bf13ed,false,none,0,false,false,false,false,false
forward_poll_2026h2,BAND,2026-07,2026-07-29,2026-07-31,V5,e2ecb9b79fb538ab,e2ecb9b79fb538ab,false,none,0,false,false,false,false,false
forward_poll_2026h2,BANF,2026-07,2026-07-23,2026-07-23,V5,1e417289119e04a8,1e417289119e04a8,false,none,0,false,false,false,false,false
forward_poll_2026h2,BANF,2026-07,2026-07-23,2026-07-23,V5,1e417289119e04a8,1e417289119e04a8,false,none,0,false,false,false,false,false
forward_poll_2026h2,BANR,2026-07,2026-07-22,2026-07-22,V5,905264f6c2932a21,905264f6c2932a21,false,none,0,false,false,false,false,false
forward_poll_2026h2,BARK,2026-06,2026-06-10,2026-06-10,V3,378b06330ce1bb8f,378b06330ce1bb8f,false,none,0,true,true,false,false,false
forward_poll_2026h2,BARUF,2026-06,2026-06-05,2026-06-05,V5,b72facedb186c19d,b72facedb186c19d,false,none,0,,,false,,false
forward_poll_2026h2,BARUF,2026-06,2026-06-07,2026-06-07,V5,b72facedb186c19d,b72facedb186c19d,false,none,0,,,false,,false
forward_poll_2026h2,BARUF,2026-06,2026-06-09,2026-06-09,V5,b72facedb186c19d,b72facedb186c19d,false,none,0,,,false,,false
forward_poll_2026h2,BARUF,2026-06,2026-06-10,2026-06-10,V5,b72facedb186c19d,b72facedb186c19d,false,none,0,,,false,,false
forward_poll_2026h2,BARUF,2026-06,2026-06-11,2026-06-11,V5,b72facedb186c19d,b72facedb186c19d,false,none,0,,,false,,false
forward_poll_2026h2,BARUF,2026-06,2026-06-14,2026-06-14,V5,b72facedb186c19d,b72facedb186c19d,false,none,0,,,false,,false
forward_poll_2026h2,BARUF,2026-06,2026-06-16,2026-06-16,V5,b72facedb186c19d,b72facedb186c19d,false,none,0,,,false,,false
forward_poll_2026h2,BARUF,2026-06,2026-06-17,2026-06-17,V5,b72facedb186c19d,b72facedb186c19d,false,none,0,,,false,,false
forward_poll_2026h2,BARUF,2026-06,2026-06-18,2026-06-18,V5,b72facedb186c19d,b72facedb186c19d,false,none,0,,,false,,false
forward_poll_2026h2,BARUF,2026-06,2026-06-21,2026-06-21,V5,b72facedb186c19d,b72facedb186c19d,false,none,0,,,false,,false
forward_poll_2026h2,BARUF,2026-06,2026-06-23,2026-06-23,V5,b72facedb186c19d,b72facedb186c19d,false,none,0,,,false,,false
forward_poll_2026h2,BARUF,2026-06,2026-06-24,2026-06-24,V5,b72facedb186c19d,b72facedb186c19d,false,none,0,,,false,,false
forward_poll_2026h2,BARUF,2026-06,2026-06-25,2026-06-25,V5,b72facedb186c19d,b72facedb186c19d,false,none,0,,,false,,false
forward_poll_2026h2,BARUF,2026-07,2026-07-05,2026-07-05,V5,f15e83d36163da4b,f15e83d36163da4b,false,none,0,,,false,,false
forward_poll_2026h2,BARUF,2026-07,2026-07-07,2026-07-07,V5,f15e83d36163da4b,f15e83d36163da4b,false,none,0,,,false,,false
forward_poll_2026h2,BARUF,2026-07,2026-07-08,2026-07-08,V5,f15e83d36163da4b,f15e83d36163da4b,false,none,0,,,false,,false
forward_poll_2026h2,BARUF,2026-07,2026-07-12,2026-07-12,V5,f15e83d36163da4b,f15e83d36163da4b,false,none,0,,,false,,false
forward_poll_2026h2,BARUF,2026-07,2026-07-14,2026-07-14,V5,f15e83d36163da4b,f15e83d36163da4b,false,none,0,,,false,,false
forward_poll_2026h2,BARUF,2026-07,2026-07-15,2026-07-15,V5,f15e83d36163da4b,f15e83d36163da4b,false,none,0,,,false,,false
forward_poll_2026h2,BARUF,2026-07,2026-07-16,2026-07-16,V5,f15e83d36163da4b,f15e83d36163da4b,false,none,0,,,false,,false
forward_poll_2026h2,BARUF,2026-07,2026-07-20,2026-07-20,V5,f15e83d36163da4b,f15e83d36163da4b,false,none,0,,,false,,false
forward_poll_2026h2,BARUF,2026-07,2026-07-21,2026-07-21,V5,f15e83d36163da4b,f15e83d36163da4b,false,none,0,,,false,,false
forward_poll_2026h2,BARUF,2026-07,2026-07-22,2026-07-22,V5,f15e83d36163da4b,f15e83d36163da4b,false,none,0,,,false,,false
forward_poll_2026h2,BARUF,2026-07,2026-07-23,2026-07-23,V5,f15e83d36163da4b,f15e83d36163da4b,false,none,0,,,false,,false
forward_poll_2026h2,BARUF,2026-07,2026-07-26,2026-07-26,V5,f15e83d36163da4b,f15e83d36163da4b,false,none,0,,,false,,false
forward_poll_2026h2,BARUF,2026-07,2026-07-28,2026-07-28,V5,f15e83d36163da4b,f15e83d36163da4b,false,none,0,,,false,,false
forward_poll_2026h2,BARUF,2026-07,2026-07-29,2026-07-29,V5,f15e83d36163da4b,f15e83d36163da4b,false,none,0,,,false,,false
forward_poll_2026h2,BARUF,2026-07,2026-07-30,2026-07-30,V5,f15e83d36163da4b,f15e83d36163da4b,false,none,0,,,false,,false
forward_poll_2026h2,BARUF,2026-08,2026-08-03,2026-08-03,V5,f15e83d36163da4b,f15e83d36163da4b,false,none,0,,,false,,false
forward_poll_2026h2,BASFY,2026-07,2026-07-28,2026-07-30,V3,a619116ee691bd44,af03d0605be4cc91,true,down,"[0.25,1.00)",true,true,false,false,false
forward_poll_2026h2,BAUFF,2026-06,2026-07-04,2026-07-04,V5,f45af7ca6492317c,f45af7ca6492317c,false,none,0,,,false,,true
forward_poll_2026h2,BAUFF,2026-07,2026-07-21,2026-07-21,V5,6836be223283439c,6836be223283439c,false,none,0,,,false,,false
forward_poll_2026h2,BAX,2026-07,2026-07-30,2026-08-02,V5,0aedfa8479b0baa6,0aedfa8479b0baa6,false,none,0,true,true,false,false,false
forward_poll_2026h2,BAYRY,2026-08,2026-08-04,2026-08-04,V3,312bc462b79cc829,c02f3d81ff2dccea,true,up,"[0.01,0.05)",true,true,false,false,false
forward_poll_2026h2,BB,2026-06,2026-06-25,2026-06-25,V5,419d5aa303fb4f95,419d5aa303fb4f95,false,none,0,true,true,false,false,false
forward_poll_2026h2,BBAGF,2026-07,2026-07-26,2026-07-26,V3,86020123de06a97b,86020123de06a97b,false,none,0,,,false,,true
forward_poll_2026h2,BBAI,2026-07,2026-07-31,2026-08-01,V5,08bcc3313824b815,08bcc3313824b815,false,none,0,true,true,false,false,false
forward_poll_2026h2,BBAI-WT,2026-07,2026-07-31,2026-07-31,V3,c4ee52043d8838a8,c4ee52043d8838a8,false,none,0,false,false,false,false,false
forward_poll_2026h2,BBAJF,2026-07,2026-08-01,2026-08-05,V3,a96057a784e04c54,a96057a784e04c54,false,none,0,false,false,false,false,true
forward_poll_2026h2,BBBMF,2026-06,2026-06-05,2026-06-05,V5,28436f8c95803cc4,28436f8c95803cc4,false,none,0,,,false,,false
forward_poll_2026h2,BBBMF,2026-06,2026-06-07,2026-06-07,V5,28436f8c95803cc4,28436f8c95803cc4,false,none,0,,,false,,false
forward_poll_2026h2,BBBMF,2026-06,2026-06-09,2026-06-09,V5,28436f8c95803cc4,28436f8c95803cc4,false,none,0,,,false,,false
forward_poll_2026h2,BBBMF,2026-06,2026-06-10,2026-06-10,V5,28436f8c95803cc4,28436f8c95803cc4,false,none,0,,,false,,false
forward_poll_2026h2,BBBMF,2026-06,2026-06-11,2026-06-11,V5,28436f8c95803cc4,28436f8c95803cc4,false,none,0,,,false,,false
forward_poll_2026h2,BBBMF,2026-06,2026-06-14,2026-06-14,V5,28436f8c95803cc4,28436f8c95803cc4,false,none,0,,,false,,false
forward_poll_2026h2,BBBMF,2026-06,2026-06-16,2026-06-16,V5,28436f8c95803cc4,28436f8c95803cc4,false,none,0,,,false,,false
forward_poll_2026h2,BBBMF,2026-06,2026-06-17,2026-06-17,V5,28436f8c95803cc4,28436f8c95803cc4,false,none,0,,,false,,false
forward_poll_2026h2,BBBMF,2026-06,2026-06-18,2026-06-18,V5,28436f8c95803cc4,28436f8c95803cc4,false,none,0,,,false,,false
forward_poll_2026h2,BBBMF,2026-06,2026-06-21,2026-06-21,V5,28436f8c95803cc4,28436f8c95803cc4,false,none,0,,,false,,false
forward_poll_2026h2,BBBMF,2026-06,2026-06-23,2026-06-23,V5,28436f8c95803cc4,28436f8c95803cc4,false,none,0,,,false,,false
forward_poll_2026h2,BBBMF,2026-06,2026-06-24,2026-06-24,V5,28436f8c95803cc4,28436f8c95803cc4,false,none,0,,,false,,false
forward_poll_2026h2,BBBMF,2026-06,2026-06-25,2026-06-25,V5,28436f8c95803cc4,28436f8c95803cc4,false,none,0,,,false,,false
forward_poll_2026h2,BBBMF,2026-07,2026-07-05,2026-07-05,V5,28436f8c95803cc4,28436f8c95803cc4,false,none,0,,,false,,false
forward_poll_2026h2,BBBMF,2026-07,2026-07-07,2026-07-07,V5,28436f8c95803cc4,28436f8c95803cc4,false,none,0,,,false,,false
forward_poll_2026h2,BBBMF,2026-07,2026-07-08,2026-07-08,V5,28436f8c95803cc4,28436f8c95803cc4,false,none,0,,,false,,false
forward_poll_2026h2,BBBMF,2026-07,2026-07-10,2026-07-10,V5,28436f8c95803cc4,28436f8c95803cc4,false,none,0,,,false,,false
forward_poll_2026h2,BBBMF,2026-07,2026-07-12,2026-07-12,V5,28436f8c95803cc4,28436f8c95803cc4,false,none,0,,,false,,false
forward_poll_2026h2,BBBMF,2026-07,2026-07-14,2026-07-14,V5,28436f8c95803cc4,28436f8c95803cc4,false,none,0,,,false,,false
forward_poll_2026h2,BBBMF,2026-07,2026-07-15,2026-07-15,V5,28436f8c95803cc4,28436f8c95803cc4,false,none,0,,,false,,false
forward_poll_2026h2,BBBMF,2026-07,2026-07-16,2026-07-16,V5,28436f8c95803cc4,28436f8c95803cc4,false,none,0,,,false,,false
forward_poll_2026h2,BBBMF,2026-07,2026-07-19,2026-07-19,V5,28436f8c95803cc4,28436f8c95803cc4,false,none,0,,,false,,false
forward_poll_2026h2,BBBMF,2026-07,2026-07-21,2026-07-21,V5,28436f8c95803cc4,28436f8c95803cc4,false,none,0,,,false,,false
forward_poll_2026h2,BBBMF,2026-07,2026-07-22,2026-07-22,V5,28436f8c95803cc4,28436f8c95803cc4,false,none,0,,,false,,false
forward_poll_2026h2,BBBMF,2026-07,2026-07-23,2026-07-23,V5,28436f8c95803cc4,28436f8c95803cc4,false,none,0,,,false,,false
forward_poll_2026h2,BBBMF,2026-07,2026-07-26,2026-07-26,V5,28436f8c95803cc4,28436f8c95803cc4,false,none,0,,,false,,false
forward_poll_2026h2,BBBMF,2026-07,2026-07-28,2026-07-28,V5,28436f8c95803cc4,28436f8c95803cc4,false,none,0,,,false,,false
forward_poll_2026h2,BBBMF,2026-07,2026-07-29,2026-07-29,V5,28436f8c95803cc4,28436f8c95803cc4,false,none,0,,,false,,false
forward_poll_2026h2,BBBMF,2026-07,2026-07-30,2026-07-30,V5,28436f8c95803cc4,28436f8c95803cc4,false,none,0,,,false,,false
forward_poll_2026h2,BBBMF,2026-08,2026-08-03,2026-08-03,V5,28436f8c95803cc4,28436f8c95803cc4,false,none,0,,,false,,false
forward_poll_2026h2,BBBY,2026-08,2026-08-04,2026-08-05,V5,df0b1be9ecb1d048,e9d95ab454a2d40b,true,up,"[0.05,0.25)",false,false,false,true,false
forward_poll_2026h2,BBCP,2026-06,2026-06-05,2026-06-05,V5,3c704795c5c636e7,3c704795c5c636e7,false,none,0,false,false,false,false,false
forward_poll_2026h2,BBCPW,2026-06,2026-06-05,2026-06-05,V5,a0f71e228fc9e462,a0f71e228fc9e462,false,none,0,,,false,,false
forward_poll_2026h2,BBNX,2026-07,2026-07-29,2026-07-31,V3,fe7ae3366792fafc,fe7ae3366792fafc,false,none,0,true,true,false,false,false
forward_poll_2026h2,BBOT,2026-06,2026-06-05,2026-06-05,V5,d53118054438788d,d53118054438788d,false,none,0,false,false,false,false,false
forward_poll_2026h2,BBRRF,2026-06,2026-06-05,2026-06-05,V5,afe703995205dec5,afe703995205dec5,false,none,0,,,false,,true
forward_poll_2026h2,BBSEY,2026-08,2026-08-04,2026-08-04,V3,ffbdf6125b1ca9af,ffbdf6125b1ca9af,false,none,0,true,true,false,false,false
forward_poll_2026h2,BBT,2026-07,2026-07-29,2026-07-29,V5,60c2bf85733b7c95,60c2bf85733b7c95,false,none,0,false,false,false,false,false
forward_poll_2026h2,BBUC,2026-07,2026-07-31,2026-08-01,V3,af4eb38b12fc90df,b277113d3cf0ef2e,true,down,>=1.00,false,false,false,false,false
forward_poll_2026h2,BBVA,2026-07,2026-07-30,2026-08-01,V3,d567d77436b6c3fa,d567d77436b6c3fa,false,none,0,true,true,false,false,false
forward_poll_2026h2,BBVXF,2026-07,2026-08-01,2026-08-04,V3,4df8914af46dd7e5,cc9101dc31ee0d8f,true,down,"[0.01,0.05)",true,true,false,false,true
forward_poll_2026h2,BC,2026-07,2026-07-30,2026-07-30,V5,ef60d19a946913e7,ef60d19a946913e7,false,none,0,true,true,false,false,false
forward_poll_2026h2,BC-PC,2026-07,2026-07-30,2026-07-30,V3,e14cfd879f98bd07,e14cfd879f98bd07,false,none,0,true,true,false,false,false
forward_poll_2026h2,BCAL,2026-07,2026-07-27,2026-07-29,V5,9608d1c48d5d83ff,9608d1c48d5d83ff,false,none,0,false,false,false,false,false
forward_poll_2026h2,BCBP,2026-08,2026-08-03,2026-08-03,V5,0c5487b998829078,0c5487b998829078,false,none,0,false,false,false,false,false
forward_poll_2026h2,BCC,2026-08,2026-08-03,2026-08-03,V5,7603bce8891e0c77,7603bce8891e0c77,false,none,0,true,true,false,false,false
forward_poll_2026h2,BCCLF,2026-07,2026-07-24,2026-07-30,V3,c51ff912ff54e947,d7d8afb646d632f6,true,up,"(0,0.01)",false,true,true,true,false
forward_poll_2026h2,BCDRF,2026-07,2026-07-22,2026-07-22,V3,543175b12fdb04fd,543175b12fdb04fd,false,none,0,false,false,false,false,false
forward_poll_2026h2,BCH,2026-07,2026-07-31,2026-08-02,V5,8d271111ea8faf9e,8809c07a4c49fd09,true,down,"[0.05,0.25)",true,false,true,false,false
forward_poll_2026h2,BCHHF,2026-07,2026-07-31,2026-08-05,V5,91610220694f0c29,49f30fd4e200eca5,true,down,"[0.05,0.25)",false,false,false,false,false
forward_poll_2026h2,BCHMF,2026-07,2026-07-31,2026-07-31,V5,c36a6265b3014a06,2903620be0eb57e8,true,up,"(0,0.01)",false,true,true,false,false
forward_poll_2026h2,BCKIF,2026-06,2026-06-24,2026-06-24,V3,dee107af5dcd1c21,dee107af5dcd1c21,false,none,0,false,false,false,false,true
forward_poll_2026h2,BCLYF,2026-07,2026-07-28,2026-07-28,V3,94781e9517c65f90,4e1d8e9cec7a43fb,true,down,"(0,0.01)",true,true,false,false,false
forward_poll_2026h2,BCML,2026-07,2026-07-23,2026-07-24,V5,7451b1b2b4d13eb1,698b051af48eb6c9,true,down,"[0.25,1.00)",false,false,false,false,false
forward_poll_2026h2,BCNAF,2026-07,2026-07-17,2026-07-17,V5,1f5d13a42e0a5534,1f5d13a42e0a5534,false,none,0,,,false,,true
forward_poll_2026h2,BCNAY,2026-07,2026-07-17,2026-07-17,V5,82f88bf1ff935879,82f88bf1ff935879,false,none,0,,,false,,true
forward_poll_2026h2,BCOW,2026-08,2026-08-05,2026-08-05,V5,f4c4117b85f5453e,f4c4117b85f5453e,false,none,0,,,false,,false
forward_poll_2026h2,BCPC,2026-07,2026-07-31,2026-08-01,V5,2836017b7d385e78,c244a7a6f5a0fd66,true,down,"[0.05,0.25)",true,true,false,false,false
forward_poll_2026h2,BCRD,2026-07,2026-07-17,2026-07-17,V5,2922630f43cb9704,2922630f43cb9704,false,none,0,,,false,,true
forward_poll_2026h2,BCS,2026-07,2026-07-28,2026-08-04,V3,8203d956da868780,8203d956da868780,false,none,0,false,false,false,false,false
forward_poll_2026h2,BCTF,2026-08,2026-08-04,2026-08-04,V5,be6cee11d68ab579,be6cee11d68ab579,false,none,0,,,false,,false
forward_poll_2026h2,BCTX,2026-06,2026-06-10,2026-06-10,V3,e24f032d00eaad6f,e24f032d00eaad6f,false,none,0,,,false,,false
forward_poll_2026h2,BCUCF,2026-07,2026-07-31,2026-07-31,V5,1b5fc6f808aa1cb2,1b5fc6f808aa1cb2,false,none,0,false,false,false,false,false
forward_poll_2026h2,BCYC,2026-07,2026-07-30,2026-08-01,V5,5aac44f74d080837,5aac44f74d080837,false,none,0,false,false,false,false,false
forward_poll_2026h2,BDC,2026-07,2026-07-30,2026-08-02,V3,c9f0b91a4cd61a98,c9f0b91a4cd61a98,false,none,0,true,true,false,false,false
forward_poll_2026h2,BDGIF,2026-07,2026-07-31,2026-07-31,V3,c3bbae9b897f9b29,c3bbae9b897f9b29,false,none,0,true,true,false,false,false
forward_poll_2026h2,BDIMF,2026-07,2026-07-30,2026-07-30,V3,c6ac175586a0bda7,c6ac175586a0bda7,false,none,0,true,true,false,false,false
forward_poll_2026h2,BDN,2026-07,2026-07-22,2026-07-23,V3,6c833ff22d61def9,178ebcce52d8c68e,true,up,"[0.25,1.00)",true,true,false,false,false
forward_poll_2026h2,BDNNY,2026-07,2026-07-21,2026-07-21,V3,4ac164d110022095,4ac164d110022095,false,none,0,false,false,false,false,false
forward_poll_2026h2,BDOUF,2026-07,2026-07-28,2026-07-29,V3,d60943a5ff6257b6,b184a05a4803bb05,true,up,"[0.05,0.25)",false,false,false,true,false
forward_poll_2026h2,BDRAF,2026-07,2026-07-30,2026-07-31,V3,8c5b17d22127c70a,bca4dbad771f2b2c,true,down,"[0.01,0.05)",true,true,false,false,false
forward_poll_2026h2,BDRBF,2026-07,2026-07-30,2026-08-02,V5,cd4a061022a03bec,cd4a061022a03bec,false,none,0,true,true,false,false,false
forward_poll_2026h2,BDRFF,2026-08,2026-08-04,2026-08-04,V5,d7f07371cd0f008e,d7f07371cd0f008e,false,none,0,false,false,false,false,false
forward_poll_2026h2,BDRFY,2026-08,2026-08-04,2026-08-04,V5,fcb109891ff24943,fcb109891ff24943,false,none,0,false,false,false,false,false
forward_poll_2026h2,BDRPF,2026-07,2026-07-30,2026-07-30,V3,d92e4a898fafa15e,d92e4a898fafa15e,false,none,0,true,true,false,false,false
forward_poll_2026h2,BDRXF,2026-07,2026-07-30,2026-07-30,V3,5807dda6225b339b,5807dda6225b339b,false,none,0,true,true,false,false,false
forward_poll_2026h2,BDWBF,2026-07,2026-07-29,2026-07-30,V5,a8817aa1e8f3b6dc,8df99b47af4f8c31,true,up,"[0.01,0.05)",,,false,,false
forward_poll_2026h2,BDWBF,2026-07,2026-07-30,2026-07-30,V5,8df99b47af4f8c31,8df99b47af4f8c31,false,none,0,,,false,,false
forward_poll_2026h2,BE,2026-07,2026-07-28,2026-08-04,V5,88f9af19aceb632d,88f9af19aceb632d,false,none,0,true,true,false,false,false
forward_poll_2026h2,BEAM,2026-08,2026-08-04,2026-08-04,V5,50011aa545a0988b,50011aa545a0988b,false,none,0,false,false,false,false,false
forward_poll_2026h2,BEKAY,2026-07,2026-08-02,2026-08-02,V5,6d6c7ecf593607d5,6d6c7ecf593607d5,false,none,0,,,false,,true
forward_poll_2026h2,BEKSF,2026-07,2026-08-01,2026-08-01,V5,1b8e060cc4df16f3,1b8e060cc4df16f3,false,none,0,,,false,,true
forward_poll_2026h2,BELFA,2026-07,2026-07-29,2026-07-30,V5,b50eaf3a55caf874,728cc388999f9fb0,true,up,"[0.05,0.25)",true,true,false,false,false
forward_poll_2026h2,BELFB,2026-07,2026-07-29,2026-07-30,V5,1db6b0a8373d17e8,1db6b0a8373d17e8,false,none,0,true,true,false,false,false
forward_poll_2026h2,BEN,2026-07,2026-07-31,2026-08-02,V5,563430f7eba7183b,563430f7eba7183b,false,none,0,false,false,false,false,false
forward_poll_2026h2,BENF,2026-06,2026-07-04,2026-07-04,V3,a0477e1d578034a9,a0477e1d578034a9,false,none,0,true,true,false,false,true
forward_poll_2026h2,BENFW,2026-06,2026-07-04,2026-07-04,V3,361cf475eb848339,361cf475eb848339,false,none,0,true,true,false,false,true
forward_poll_2026h2,BEOB,2026-07,2026-07-16,2026-07-16,V3,b39e504ed15a1cb3,b39e504ed15a1cb3,false,none,0,,,false,,true
forward_poll_2026h2,BEP,2026-07,2026-07-31,2026-08-02,V5,35a0e9458f756fb3,35a0e9458f756fb3,false,none,0,false,false,false,false,false
forward_poll_2026h2,BEP-PA,2026-07,2026-07-31,2026-07-31,V3,3f2480847e0e40a5,3f2480847e0e40a5,false,none,0,false,false,false,false,false
forward_poll_2026h2,BEPC,2026-07,2026-07-31,2026-08-02,V3,6960fc4688101eb3,6960fc4688101eb3,false,none,0,true,true,false,false,false
forward_poll_2026h2,BESIY,2026-07,2026-07-23,2026-07-23,V3,9a2846d903014d92,9a2846d903014d92,false,none,0,false,false,false,false,false
forward_poll_2026h2,BESVF,2026-07,2026-07-24,2026-07-24,V3,00724296d1388dfa,00724296d1388dfa,false,none,0,false,false,false,false,false
forward_poll_2026h2,BF-A,2026-06,2026-06-05,2026-06-07,V3,8dc9412a5fc346b0,8dc9412a5fc346b0,false,none,0,false,false,false,false,false
forward_poll_2026h2,BF-B,2026-06,2026-06-05,2026-06-09,V5,ba1e8f42a9804be8,ba1e8f42a9804be8,false,none,0,false,false,false,false,false
forward_poll_2026h2,BFAM,2026-07,2026-07-30,2026-08-02,V5,9bee2c4205b8e9be,9bee2c4205b8e9be,false,none,0,false,false,false,false,false
forward_poll_2026h2,BFC,2026-07,2026-07-22,2026-07-23,V5,d6fa3af53d425726,d6fa3af53d425726,false,none,0,false,false,false,false,false
forward_poll_2026h2,BFFAF,2026-07,2026-07-28,2026-07-30,V3,d68fd25005b0eee6,3b04aa7b49565455,true,down,>=1.00,true,true,false,false,false
forward_poll_2026h2,BFH,2026-07,2026-07-23,2026-07-30,V5,031885d00309caad,031885d00309caad,false,none,0,true,true,false,false,false
forward_poll_2026h2,BFLY,2026-07,2026-07-30,2026-07-31,V3,2f4a94b5e2e2318d,2f4a94b5e2e2318d,false,none,0,true,true,false,false,false
forward_poll_2026h2,BFSAF,2026-07,2026-07-30,2026-08-04,V3,231f780c14aa1495,b32679231b77a623,true,up,"[0.05,0.25)",false,false,false,false,false
forward_poll_2026h2,BFST,2026-07,2026-07-23,2026-07-24,V5,a27c8c1f0f68d23e,a27c8c1f0f68d23e,false,none,0,false,false,false,false,false
forward_poll_2026h2,BG,2026-07,2026-07-29,2026-07-31,V5,2758edaa3dd6a6cc,2758edaa3dd6a6cc,false,none,0,false,false,false,false,false
forward_poll_2026h2,BGC,2026-07,2026-07-30,2026-07-30,V5,e04cff641094b2c6,e04cff641094b2c6,false,none,0,false,false,false,false,false
forward_poll_2026h2,BGI,2026-07,2026-07-24,2026-07-24,V5,83b1cf41ea0ea992,83b1cf41ea0ea992,false,none,0,,,false,,false
forward_poll_2026h2,BGKKF,2026-07,2026-07-22,2026-07-22,V3,6540a1ed64838fca,6540a1ed64838fca,false,none,0,false,false,false,false,false
forward_poll_2026h2,BGKKF,2026-07,2026-07-22,2026-07-22,V3,bbf6680d175565e6,bbf6680d175565e6,false,none,0,false,false,false,false,false
forward_poll_2026h2,BHB,2026-07,2026-07-22,2026-07-22,V3,d4c3b9ce2eb914a4,dac5ef47966683cd,true,down,"[0.01,0.05)",true,false,true,false,false
forward_poll_2026h2,BHC,2026-07,2026-07-29,2026-07-30,V5,e3b2d3082f0f0cac,19f9b812243d1c2c,true,up,"[0.01,0.05)",true,true,false,false,false
forward_poll_2026h2,BHE,2026-07,2026-07-29,2026-07-29,V5,13876a8e127e5348,13876a8e127e5348,false,none,0,false,false,false,false,false
forward_poll_2026h2,BHHOF,2026-06,2026-06-17,2026-06-17,V3,8a927c9835f4dbfd,8a927c9835f4dbfd,false,none,0,false,false,false,false,false
forward_poll_2026h2,BHLL,2026-07,2026-08-01,2026-08-04,V3,aa145d7ef6869bc4,d1c0d40007d1aa1f,true,up,"[0.25,1.00)",true,true,false,false,false
forward_poll_2026h2,BHOOY,2026-06,2026-06-18,2026-06-18,V5,7bfc72bb8b915f89,7bfc72bb8b915f89,false,none,0,,,false,,true
forward_poll_2026h2,BHRB,2026-07,2026-07-23,2026-07-24,V5,e25fd97294c09b4c,7ea9118cebe856fb,true,down,>=1.00,false,false,false,true,false
forward_poll_2026h2,BICEF,2026-07,2026-07-30,2026-07-30,V5,bd82a0a13250bc65,bd82a0a13250bc65,false,none,0,,,false,,false
forward_poll_2026h2,BIDCF,2026-06,2026-06-05,2026-06-05,V5,6457fc5a8188fad7,6457fc5a8188fad7,false,none,0,,,false,,true
forward_poll_2026h2,BIIB,2026-07,2026-07-29,2026-08-01,V5,876ecc021413f5aa,876ecc021413f5aa,false,none,0,true,true,false,false,false
forward_poll_2026h2,BIO,2026-08,2026-08-04,2026-08-04,V3,a96808b4a04854eb,a96808b4a04854eb,false,none,0,true,true,false,false,false
forward_poll_2026h2,BIO-B,2026-08,2026-08-04,2026-08-04,V3,ab220e1174b7a725,ab220e1174b7a725,false,none,0,true,true,false,false,false
forward_poll_2026h2,BIOVF,2026-07,2026-07-17,2026-07-17,V3,29d0097b12ab499c,60d4b7420c27a61e,true,up,"(0,0.01)",false,false,false,false,false
forward_poll_2026h2,BIP,2026-07,2026-07-30,2026-07-30,V5,9af797895be12fd4,9af797895be12fd4,false,none,0,false,false,false,false,false
forward_poll_2026h2,BIP-PA,2026-07,2026-07-30,2026-07-30,V3,9024b692fd965db7,9024b692fd965db7,false,none,0,false,false,false,false,false
forward_poll_2026h2,BIP-PB,2026-07,2026-07-30,2026-07-30,V3,a7d3d57597d530c4,a7d3d57597d530c4,false,none,0,false,false,false,false,false
forward_poll_2026h2,BIPC,2026-07,2026-07-30,2026-07-30,V3,6537dba3e4a0a9db,6537dba3e4a0a9db,false,none,0,false,false,false,false,false
forward_poll_2026h2,BIRMF,2026-07,2026-07-29,2026-07-29,V3,d67175bfcfcd09c8,d67175bfcfcd09c8,false,none,0,true,true,false,false,false
forward_poll_2026h2,BJRI,2026-07,2026-07-30,2026-08-02,V5,85458a7e58ad457d,85458a7e58ad457d,false,none,0,false,false,false,false,false
forward_poll_2026h2,BKAHF,2026-07,2026-07-23,2026-07-23,V3,e7bb2cb783dc1966,e7bb2cb783dc1966,false,none,0,false,false,false,false,false
forward_poll_2026h2,BKCYF,2026-08,2026-08-04,2026-08-04,V3,586964e110e305c5,86337d08808ed08e,true,down,"(0,0.01)",true,true,false,false,false
forward_poll_2026h2,BKE,2026-05,2026-06-05,2026-06-05,V5,818c3b708a587e7b,818c3b708a587e7b,false,none,0,true,true,false,false,true
forward_poll_2026h2,BKGFF,2026-06,2026-06-24,2026-06-24,V5,7cb1e7a55d386f0f,7cb1e7a55d386f0f,false,none,0,false,false,false,false,false
forward_poll_2026h2,BKGFY,2026-06,2026-06-25,2026-06-25,V3,7e4d769da1ef13b2,7e4d769da1ef13b2,false,none,0,false,false,false,false,false
forward_poll_2026h2,BKHA,2026-07,2026-07-19,2026-07-19,V5,4edbecfbeafef119,4edbecfbeafef119,false,none,0,,,false,,true
forward_poll_2026h2,BKIMF,2026-07,2026-07-23,2026-07-24,V3,d2ea54ae02f6e4c7,41374db4725844f1,true,up,"[0.01,0.05)",false,true,true,true,false
forward_poll_2026h2,BKKPF,2026-07,2026-07-22,2026-07-22,V3,f2af622e586da919,436fa5c171d99756,true,down,"(0,0.01)",false,false,false,false,false
forward_poll_2026h2,BKNG,2026-08,2026-08-04,2026-08-04,V5,b8d043291ac9089f,b8d043291ac9089f,false,none,0,false,false,false,false,false
forward_poll_2026h2,BKNIY,2026-07,2026-07-23,2026-07-23,V3,b12b75e9c217f18b,b12b75e9c217f18b,false,none,0,true,true,false,false,false
forward_poll_2026h2,BKOR,2026-07,2026-08-01,2026-08-01,V5,7e6cd98dade2d57f,7e6cd98dade2d57f,false,none,0,,,false,,false
forward_poll_2026h2,BKPKF,2026-07,2026-07-31,2026-08-01,V3,b77096732c801113,c1d986f67e7a69f0,true,down,"[0.05,0.25)",true,false,true,true,false
forward_poll_2026h2,BKR,2026-07,2026-07-27,2026-08-02,V5,9f59a0a221a7ccfc,9f59a0a221a7ccfc,false,none,0,true,true,false,false,false
forward_poll_2026h2,BKRIF,2026-07,2026-07-31,2026-07-31,V5,47d0a6019efe7bbf,47d0a6019efe7bbf,false,none,0,true,true,false,false,false
forward_poll_2026h2,BKRIY,2026-07,2026-07-31,2026-07-31,V5,8ee48ffbca2d44b0,8ee48ffbca2d44b0,false,none,0,true,true,false,false,false
forward_poll_2026h2,BKRRF,2026-06,2026-07-04,2026-07-04,V3,eeaf89aa4850e0e5,eeaf89aa4850e0e5,false,none,0,false,false,false,false,true
forward_poll_2026h2,BKSC,2026-07,2026-07-10,2026-07-10,V5,f38b270233c8a0a8,f38b270233c8a0a8,false,none,0,,,false,,false
forward_poll_2026h2,BKU,2026-07,2026-07-22,2026-07-24,V5,6dbc40818d249891,6dbc40818d249891,false,none,0,false,false,false,false,false
forward_poll_2026h2,BKZHF,2026-07,2026-07-30,2026-07-30,V3,dcda25e85e9431df,f252ad8c4401e0be,true,up,"[0.01,0.05)",true,true,false,false,false
forward_poll_2026h2,BL,2026-08,2026-08-04,2026-08-04,V5,08247991bbb96f58,08247991bbb96f58,false,none,0,false,false,false,false,false
forward_poll_2026h2,BLCO,2026-07,2026-07-29,2026-08-01,V5,78210707bc857cfa,78210707bc857cfa,false,none,0,false,false,false,false,false
forward_poll_2026h2,BLDP,2026-07,2026-07-31,2026-08-02,V5,1e332e98b10e80f1,1e332e98b10e80f1,false,none,0,false,false,false,false,false
forward_poll_2026h2,BLDR,2026-07,2026-07-30,2026-08-02,V5,fde01d24abd7d871,fde01d24abd7d871,false,none,0,false,false,false,false,false
forward_poll_2026h2,BLHK,2026-07,2026-07-11,2026-07-11,V5,3bd46ae028e0d7c3,3bd46ae028e0d7c3,false,none,0,,,false,,false
forward_poll_2026h2,BLHWF,2026-07,2026-07-21,2026-07-21,V5,cdb482e1f6c05aaf,cdb482e1f6c05aaf,false,none,0,,,false,,false
forward_poll_2026h2,BLK,2026-07,2026-07-15,2026-07-16,V5,6f24f55ed134d0d6,6f24f55ed134d0d6,false,none,0,false,false,false,false,false
forward_poll_2026h2,BLKB,2026-07,2026-07-29,2026-08-01,V5,2ff3d9560263a069,2ff3d9560263a069,false,none,0,false,false,false,false,false
forward_poll_2026h2,BLKLF,2026-06,2026-06-10,2026-06-10,V3,66ba3dcc363ff274,66ba3dcc363ff274,false,none,0,false,false,false,false,false
forward_poll_2026h2,BLRDF,2026-07,2026-07-18,2026-07-22,V3,f4fd75a5845dadd6,c6c728130264d54e,true,up,"(0,0.01)",true,true,false,false,false
forward_poll_2026h2,BLX,2026-07,2026-07-27,2026-07-29,V3,dc61fed329265e26,dc61fed329265e26,false,none,0,,,false,,false
forward_poll_2026h2,BLZE,2026-08,2026-08-03,2026-08-04,V5,3643f9809bb76525,3643f9809bb76525,false,none,0,true,true,false,false,false
forward_poll_2026h2,BMBN,2026-07,2026-07-28,2026-07-28,V5,4d5eecbe946c829b,4d5eecbe946c829b,false,none,0,,,false,,false
forward_poll_2026h2,BMI,2026-07,2026-07-22,2026-07-26,V5,42df77dfb3b291e1,42df77dfb3b291e1,false,none,0,false,false,false,false,false
forward_poll_2026h2,BML-PG,2026-07,2026-07-14,2026-07-14,V3,d9f32d51d8158215,d9f32d51d8158215,false,none,0,true,true,false,false,false
forward_poll_2026h2,BML-PH,2026-07,2026-07-14,2026-07-14,V3,da38a7bd0436365c,da38a7bd0436365c,false,none,0,true,true,false,false,false
forward_poll_2026h2,BML-PJ,2026-07,2026-07-14,2026-07-14,V3,eeb124ca781f20ee,eeb124ca781f20ee,false,none,0,true,true,false,false,false
forward_poll_2026h2,BML-PL,2026-07,2026-07-14,2026-07-14,V3,0a49398663cd874c,0a49398663cd874c,false,none,0,true,true,false,false,false
forward_poll_2026h2,BMNR,2026-07,2026-07-16,2026-07-16,V3,d8d8f5cfbb35668a,d8d8f5cfbb35668a,false,none,0,false,false,false,false,true
forward_poll_2026h2,BMNR,2026-07,2026-07-15,2026-07-15,V3,d8d8f5cfbb35668a,d8d8f5cfbb35668a,false,none,0,false,false,false,false,false
forward_poll_2026h2,BMRC,2026-07,2026-07-27,2026-08-03,V5,4894e1387a3d344e,4894e1387a3d344e,false,none,0,true,true,false,false,false
forward_poll_2026h2,BMRMF,2026-07,2026-07-20,2026-07-20,V5,ac77f1312edea07a,ac77f1312edea07a,false,none,0,,,false,,false
forward_poll_2026h2,BMRMF,2026-07,2026-07-22,2026-07-22,V5,ac77f1312edea07a,ac77f1312edea07a,false,none,0,,,false,,false
forward_poll_2026h2,BMRMF,2026-07,2026-07-22,2026-07-22,V5,ac77f1312edea07a,ac77f1312edea07a,false,none,0,,,false,,false
forward_poll_2026h2,BMRMF,2026-07,2026-07-24,2026-07-24,V5,ac77f1312edea07a,ac77f1312edea07a,false,none,0,,,false,,false
forward_poll_2026h2,BMRMF,2026-07,2026-07-26,2026-07-26,V5,ac77f1312edea07a,ac77f1312edea07a,false,none,0,,,false,,false
forward_poll_2026h2,BMRMF,2026-07,2026-07-29,2026-08-01,V5,ac77f1312edea07a,ef697545f6fc0f13,true,down,"[0.01,0.05)",,,false,,false
forward_poll_2026h2,BMRPF,2026-06,2026-06-05,2026-06-05,V5,a947e7df4a90492f,a947e7df4a90492f,false,none,0,,,false,,true
forward_poll_2026h2,BMTLF,2026-06,2026-06-06,2026-06-06,V5,fded77955ec669b2,fded77955ec669b2,false,none,0,,,false,,false
forward_poll_2026h2,BMVVF,2026-06,2026-06-05,2026-06-05,V5,6fedf230579a213b,6fedf230579a213b,false,none,0,,,false,,true
forward_poll_2026h2,BMWKY,2026-07,2026-07-30,2026-07-30,V5,753bb6527a6ec689,753bb6527a6ec689,false,none,0,,,false,,false
forward_poll_2026h2,BMXI,2026-07,2026-07-23,2026-07-23,V3,2b209cb43fffe3ac,2b209cb43fffe3ac,false,none,0,false,false,false,false,true
forward_poll_2026h2,BMXI,2026-07,2026-07-27,2026-07-27,V3,fd0d1d0ee16ba69c,fd0d1d0ee16ba69c,false,none,0,false,false,false,false,false
forward_poll_2026h2,BMXMF,2026-07,2026-07-28,2026-07-28,V5,2825c55565d20d07,02b53b14a5501e9a,true,down,"[0.25,1.00)",false,false,false,false,false
forward_poll_2026h2,BMY,2026-07,2026-07-30,2026-08-02,V5,74b99bf7594ab483,74b99bf7594ab483,false,none,0,true,true,false,false,false
forward_poll_2026h2,BNCC,2026-08,2026-08-04,2026-08-04,V5,b9010706ea1c50d4,b9010706ea1c50d4,false,none,0,,,false,,false
forward_poll_2026h2,BNDSF,2026-07,2026-07-25,2026-07-29,V3,3b49420476b3085c,3b49420476b3085c,false,none,0,false,true,true,true,false
forward_poll_2026h2,BNDSY,2026-07,2026-07-26,2026-07-29,V3,6ed20d0387e83080,d77e1dfc6e25789b,true,down,"[0.05,0.25)",true,true,false,false,true
forward_poll_2026h2,BNDSY,2026-07,2026-07-26,2026-07-26,V3,d77e1dfc6e25789b,d77e1dfc6e25789b,false,none,0,false,false,false,false,false
forward_poll_2026h2,BNED,2026-06,2026-06-25,2026-06-25,V3,ff061e343fe32adf,ff061e343fe32adf,false,none,0,false,false,false,false,false
forward_poll_2026h2,BNED,2026-07,2026-07-05,2026-07-05,V3,dee913a5bd661c91,dee913a5bd661c91,false,none,0,true,true,false,false,false
forward_poll_2026h2,BNED,2026-07,2026-07-07,2026-07-07,V3,dee913a5bd661c91,dee913a5bd661c91,false,none,0,true,true,false,false,false
forward_poll_2026h2,BNED,2026-07,2026-07-10,2026-07-15,V3,dee913a5bd661c91,a4a882dc6c5792c8,true,up,"[0.01,0.05)",true,true,false,false,false
forward_poll_2026h2,BNHUF,2026-07,2026-07-10,2026-07-10,V3,9486e7a9bc829ece,9486e7a9bc829ece,false,none,0,false,false,false,false,false
forward_poll_2026h2,BNL,2026-07,2026-07-29,2026-07-30,V5,463eafb9d541e6c6,79728225f81ba1fb,true,down,"[0.05,0.25)",true,false,true,false,false
forward_poll_2026h2,BNMDF,2026-07,2026-07-30,2026-08-04,V3,f297440742a4b718,4a00571085ef15c1,true,up,"[0.01,0.05)",false,true,true,true,false
forward_poll_2026h2,BNPQF,2026-07,2026-07-22,2026-07-25,V5,6a62bdc0b610f837,5fe7410ad6e56eac,true,up,>=1.00,,,false,,false
forward_poll_2026h2,BNPQY,2026-07,2026-07-23,2026-07-24,V3,5eb08fee5805d843,b6c28ea6bd8184cf,true,up,"[0.25,1.00)",true,true,false,false,false
forward_poll_2026h2,BNR,2026-06,2026-06-11,2026-06-11,V3,0b16c67680e50aa6,0b16c67680e50aa6,false,none,0,true,true,false,false,true
forward_poll_2026h2,BNTX,2026-08,2026-08-04,2026-08-05,V5,769f8c0add5ce519,769f8c0add5ce519,false,none,0,false,false,false,true,false
forward_poll_2026h2,BNY,2026-07,2026-07-15,2026-07-16,V5,1f5bb286e1a73e4e,5b15174bdcb6a95b,true,up,"[0.01,0.05)",true,true,false,false,false
forward_poll_2026h2,BOEUF,2026-07,2026-07-17,2026-07-17,V3,9b488c94169933e4,9cdf1baaa3c4b1dc,true,down,"(0,0.01)",false,true,true,false,false
forward_poll_2026h2,BOH,2026-07,2026-07-27,2026-07-27,V5,1613e3105db7ee38,1613e3105db7ee38,false,none,0,false,false,false,false,false
forward_poll_2026h2,BOH-PA,2026-07,2026-07-27,2026-07-27,V3,1a8712eeb42a0f08,1a8712eeb42a0f08,false,none,0,false,false,false,false,false
forward_poll_2026h2,BOKF,2026-07,2026-07-21,2026-07-21,V5,35acc214bc3e7276,35acc214bc3e7276,false,none,0,false,false,false,false,false
forward_poll_2026h2,BOMBF,2026-07,2026-07-30,2026-07-30,V3,8357cd1045fc2038,8357cd1045fc2038,false,none,0,true,true,false,false,false
forward_poll_2026h2,BOMXF,2026-07,2026-07-22,2026-07-24,V3,df87e3d0f8a70f11,4f9cba7cc27f1b13,true,down,"(0,0.01)",false,false,false,false,false
forward_poll_2026h2,BOOM,2026-07,2026-07-29,2026-07-29,V5,793114fae72f2b12,793114fae72f2b12,false,none,0,true,true,false,false,false
forward_poll_2026h2,BOOT,2026-07,2026-07-29,2026-07-30,V5,80d0d400d11ee10e,80d0d400d11ee10e,false,none,0,true,true,false,false,false
forward_poll_2026h2,BOSSY,2026-08,2026-08-04,2026-08-04,V3,35c9122050d7d153,35c9122050d7d153,false,none,0,false,false,false,false,false
forward_poll_2026h2,BOTJ,2026-07,2026-07-30,2026-07-30,V5,03cb9e39fc18d775,03cb9e39fc18d775,false,none,0,,,false,,false
forward_poll_2026h2,BOUYF,2026-07,2026-07-30,2026-07-30,V3,2ebdd0a33ddaa69b,b2f7f39b6c931ca5,true,down,"[0.05,0.25)",true,false,true,false,false
forward_poll_2026h2,BOUYY,2026-07,2026-07-30,2026-08-05,V3,aefa2a2abf18a32b,4dbb82113bf91ab7,true,up,"[0.01,0.05)",false,true,true,true,false
forward_poll_2026h2,BOW,2026-08,2026-08-03,2026-08-04,V5,3c74456cba5b33d6,3c74456cba5b33d6,false,none,0,false,false,false,false,false
forward_poll_2026h2,BOW,2026-08,2026-08-03,2026-08-03,V5,3c74456cba5b33d6,3c74456cba5b33d6,false,none,0,false,false,false,false,false
forward_poll_2026h2,BOWFF,2026-07,2026-07-28,2026-07-28,V5,11c494777d128f11,11c494777d128f11,false,none,0,,,false,,false
forward_poll_2026h2,BP,2026-08,2026-08-04,2026-08-04,V5,fc5b754c409b6c35,fc5b754c409b6c35,false,none,0,true,true,false,false,false
forward_poll_2026h2,BPAQF,2026-08,2026-08-04,2026-08-04,V3,edf4d201a004c302,edf4d201a004c302,false,none,0,true,true,false,false,false
forward_poll_2026h2,BPCGF,2026-07,2026-07-30,2026-08-01,V3,d8cb09794c7d8941,f3fd5984242ad31c,true,down,"(0,0.01)",true,false,true,true,false
forward_poll_2026h2,BPHLF,2026-07,2026-07-28,2026-07-28,V3,a58b6f49433a4535,a58b6f49433a4535,false,none,0,false,false,false,false,false
forward_poll_2026h2,BPHLY,2026-07,2026-07-28,2026-07-28,V3,05af96e75a699804,05af96e75a699804,false,none,0,true,true,false,false,false
forward_poll_2026h2,BPOP,2026-07,2026-07-23,2026-07-24,V3,0807adab577bd63a,0807adab577bd63a,false,none,0,true,true,false,false,false
forward_poll_2026h2,BPOPO,2026-07,2026-07-24,2026-07-25,V3,781702b3562aa8cf,781702b3562aa8cf,false,none,0,true,true,false,false,false
forward_poll_2026h2,BPRN,2026-07,2026-07-23,2026-07-24,V5,95309a83c1e2f82b,95309a83c1e2f82b,false,none,0,true,true,false,false,false
forward_poll_2026h2,BR,2026-08,2026-08-04,2026-08-04,V5,a9166c9bc5ebe649,a9166c9bc5ebe649,false,none,0,false,false,false,false,false
forward_poll_2026h2,BRAGF,2026-05,2026-06-05,2026-06-05,V3,51c4045c78779d65,51c4045c78779d65,false,none,0,,,false,,true
forward_poll_2026h2,BRBOF,2026-07,2026-07-31,2026-07-31,V3,15b247080eb3bed5,15b247080eb3bed5,false,none,0,true,true,false,false,true
forward_poll_2026h2,BRBR,2026-08,2026-08-04,2026-08-04,V5,8aa1fb64153fcdae,8aa1fb64153fcdae,false,none,0,false,false,false,false,false
forward_poll_2026h2,BRBS,2026-07,2026-07-30,2026-07-30,V5,907e3eb142032b33,907e3eb142032b33,false,none,0,,,false,,true
forward_poll_2026h2,BRCC,2026-08,2026-08-04,2026-08-04,V3,a41e290e57d12976,a41e290e57d12976,false,none,0,true,true,false,false,false
forward_poll_2026h2,BRCNF,2026-06,2026-06-25,2026-06-25,V3,271bcb34a51fd3b9,5f8032ec7aa875e4,true,down,"(0,0.01)",false,false,false,false,false
forward_poll_2026h2,BREJY,2026-07,2026-07-31,2026-07-31,V5,f1e811d7a92d4c37,f1e811d7a92d4c37,false,none,0,,,false,,true
forward_poll_2026h2,BRID,2026-06,2026-06-05,2026-06-05,V5,1b8ba65cb3d74c90,1b8ba65cb3d74c90,false,none,0,,,false,,true
forward_poll_2026h2,BRKCF,2026-07,2026-08-01,2026-08-01,V3,deff7c0f536bd574,deff7c0f536bd574,false,none,0,false,false,false,false,true
forward_poll_2026h2,BRKR,2026-08,2026-08-04,2026-08-04,V5,119795be59aad90d,119795be59aad90d,false,none,0,true,true,false,false,false
forward_poll_2026h2,BRKRP,2026-08,2026-08-04,2026-08-04,V3,8c5b2006e5d6ca57,8c5b2006e5d6ca57,false,none,0,true,true,false,false,false
forward_poll_2026h2,BRLS,2026-06,2026-06-05,2026-06-05,V5,c4467ffd956bb5c1,c4467ffd956bb5c1,false,none,0,,,false,,true
forward_poll_2026h2,BRLS,2026-06,2026-07-04,2026-07-04,V5,239397d2f715b399,239397d2f715b399,false,none,0,,,false,,true
forward_poll_2026h2,BRO,2026-07,2026-07-27,2026-08-03,V5,a394538772aba8b9,a394538772aba8b9,false,none,0,false,false,false,false,false
forward_poll_2026h2,BRP,2026-07,2026-07-31,2026-07-31,V5,5b2738560034567e,5b2738560034567e,false,none,0,false,false,false,false,false
forward_poll_2026h2,BRRDF,2026-07,2026-07-17,2026-07-17,V3,09c7787e8c5fdf8a,f3fd0c6e1e4ad238,true,up,"(0,0.01)",false,false,false,false,false
forward_poll_2026h2,BRRE,2026-06,2026-06-17,2026-06-17,V5,f988f4e28f5761d1,f988f4e28f5761d1,false,none,0,,,false,,true
forward_poll_2026h2,BRSGF,2026-07,2026-07-14,2026-07-14,V3,769fcb4efe6b4c49,769fcb4efe6b4c49,false,none,0,,,false,,false
forward_poll_2026h2,BRSL,2026-08,2026-08-04,2026-08-04,V3,03cba1e1d5a9798e,03cba1e1d5a9798e,false,none,0,true,true,false,false,false
forward_poll_2026h2,BRSP,2026-07,2026-07-28,2026-07-29,V5,b4c666452e26e1af,b4c666452e26e1af,false,none,0,false,false,false,false,false
forward_poll_2026h2,BRUN,2026-06,2026-06-05,2026-06-06,V5,9873c1709dd23a6c,5757dd33631626ac,true,down,"[0.25,1.00)",false,false,false,false,true
forward_poll_2026h2,BRUNW,2026-06,2026-06-05,2026-06-06,V5,5ec1388c6ce7753a,094d234652167717,true,down,"[0.25,1.00)",false,false,false,false,true
forward_poll_2026h2,BRX,2026-07,2026-07-27,2026-07-27,V5,a3228e550e255c55,a965328fe6909a72,true,down,"[0.25,1.00)",true,false,true,true,false
forward_poll_2026h2,BSAC,2026-07,2026-07-30,2026-08-05,V5,4b9971bec1c5dd1f,a6bbefbc206ab835,true,up,"[0.05,0.25)",false,true,true,false,false
forward_poll_2026h2,BSBK,2026-07,2026-07-30,2026-07-30,V3,6df4c8facdcf0f52,6df4c8facdcf0f52,false,none,0,false,false,false,false,false
forward_poll_2026h2,BSBR,2026-07,2026-07-29,2026-08-01,V3,56bc74d8644557af,ef7bbddc12137cb5,true,down,"(0,0.01)",false,false,false,false,false
forward_poll_2026h2,BSET,2026-07,2026-07-04,2026-07-08,V5,4c9c6b4f2642412a,4c9c6b4f2642412a,false,none,0,true,true,false,false,true
forward_poll_2026h2,BSFC,2026-07,2026-07-18,2026-07-18,V3,096eb8fb8fdcb243,096eb8fb8fdcb243,false,none,0,,,false,,true
forward_poll_2026h2,BSFC,2026-07,2026-08-01,2026-08-02,V3,096eb8fb8fdcb243,096eb8fb8fdcb243,false,none,0,,true,false,,false
forward_poll_2026h2,BSFFF,2026-07,2026-07-30,2026-07-30,V5,09da559c8a812d5c,09da559c8a812d5c,false,none,0,,,false,,true
forward_poll_2026h2,BSM,2026-08,2026-08-03,2026-08-03,V3,f7f10c2dd75713d1,f7f10c2dd75713d1,false,none,0,true,true,false,false,false
forward_poll_2026h2,BSMAF,2026-07,2026-08-01,2026-08-01,V3,1fdaa4e11d71a4f7,4b2084745cbe1097,true,up,"(0,0.01)",false,false,false,false,true
forward_poll_2026h2,BSRR,2026-07,2026-07-27,2026-07-27,V5,e3732dc36cbd4bbd,e3732dc36cbd4bbd,false,none,0,false,false,false,false,false
forward_poll_2026h2,BSVN,2026-07,2026-07-16,2026-07-16,V5,91d5d5da02a771f1,91d5d5da02a771f1,false,none,0,false,false,false,false,false
forward_poll_2026h2,BSX,2026-07,2026-07-29,2026-08-01,V5,fbd17804985ec7bd,fbd17804985ec7bd,false,none,0,false,false,false,false,false
forward_poll_2026h2,BTAFF,2026-07,2026-07-30,2026-07-30,V5,0b79b1822acfd1c8,0b79b1822acfd1c8,false,none,0,false,false,false,false,false
forward_poll_2026h2,BTCY,2026-07,2026-07-15,2026-07-15,V3,c846ff8e29b01e77,c846ff8e29b01e77,false,none,0,true,true,false,false,false
forward_poll_2026h2,BTCY,2026-07,2026-07-23,2026-07-23,V3,fee9127cadb928fc,fee9127cadb928fc,false,none,0,true,true,false,false,true
forward_poll_2026h2,BTE,2026-07,2026-07-30,2026-08-01,V5,52673370b2564548,52673370b2564548,false,none,0,true,true,false,false,false
forward_poll_2026h2,BTI,2026-07,2026-07-30,2026-08-02,V5,26cf94d19f2d49d6,024527dfa5827edf,true,up,"[0.01,0.05)",false,false,false,false,false
forward_poll_2026h2,BTSG,2026-07,2026-07-31,2026-08-02,V5,c0dabfd1809d9039,c0dabfd1809d9039,false,none,0,true,true,false,false,false
forward_poll_2026h2,BTSGU,2026-07,2026-07-31,2026-07-31,V3,bc529dc90d4ec15e,bc529dc90d4ec15e,false,none,0,true,true,false,false,false
forward_poll_2026h2,BTU,2026-07,2026-07-29,2026-07-31,V3,a7f789d1b636c84e,a7f789d1b636c84e,false,none,0,false,false,false,false,false
forward_poll_2026h2,BUD,2026-07,2026-07-30,2026-07-30,V5,f5b301fc219fe0ef,f5b301fc219fe0ef,false,none,0,true,true,false,false,false
forward_poll_2026h2,BUDFF,2026-07,2026-08-01,2026-08-01,V5,7dd9a672e23c3201,7dd9a672e23c3201,false,none,0,,,false,,true
forward_poll_2026h2,BUKS,2026-07,2026-07-14,2026-07-14,V5,4d34ab67bf80cdd1,4d34ab67bf80cdd1,false,none,0,,,false,,true
forward_poll_2026h2,BURCA,2026-07,2026-07-23,2026-07-27,V5,f55d099b80ec73d3,f55d099b80ec73d3,false,none,0,,,false,,false
forward_poll_2026h2,BUSE,2026-07,2026-07-28,2026-07-31,V5,fdb8bcf2192ee534,fdb8bcf2192ee534,false,none,0,false,false,false,false,false
forward_poll_2026h2,BV,2026-08,2026-08-04,2026-08-04,V5,07f8dff7b85eb676,07f8dff7b85eb676,false,none,0,false,false,false,false,false
forward_poll_2026h2,BVFL,2026-07,2026-07-24,2026-07-27,V5,bdaa88fd583ddbf9,bdaa88fd583ddbf9,false,none,0,,,false,,false
forward_poll_2026h2,BVN,2026-07,2026-07-31,2026-07-31,V3,e1dbfef3d2ea3ef9,e1dbfef3d2ea3ef9,false,none,0,false,false,false,false,false
forward_poll_2026h2,BVRDF,2026-07,2026-07-29,2026-07-31,V3,bb7ccc208fb1fd02,bb7ccc208fb1fd02,false,none,0,true,true,false,false,false
forward_poll_2026h2,BVVBY,2026-07,2026-07-29,2026-07-31,V5,6ef43e814d805f93,6ef43e814d805f93,false,none,0,false,false,false,false,false
forward_poll_2026h2,BWAGF,2026-07,2026-07-20,2026-07-20,V3,0d6539eb7586a1b3,0d6539eb7586a1b3,false,none,0,,,false,,false
forward_poll_2026h2,BWB,2026-07,2026-07-21,2026-07-22,V5,54ca115497d78635,1a57712754f47869,true,up,"[0.05,0.25)",false,true,true,true,false
forward_poll_2026h2,BWBBP,2026-07,2026-07-22,2026-07-22,V3,c2f4f7dd193ebfdb,c2f4f7dd193ebfdb,false,none,0,false,false,false,false,false
forward_poll_2026h2,BWEFF,2026-07,2026-07-31,2026-08-02,V3,6fc847cdc07daa24,6fc847cdc07daa24,false,none,0,false,false,false,false,false
forward_poll_2026h2,BWFG,2026-07,2026-07-23,2026-07-23,V5,85b4fb336b5c78f9,85b4fb336b5c78f9,false,none,0,true,true,false,false,false
forward_poll_2026h2,BWIN,2026-07,2026-07-30,2026-08-02,V5,44cbf119f6c0a56a,44cbf119f6c0a56a,false,none,0,false,false,false,false,false
forward_poll_2026h2,BWLP,2026-06,2026-06-05,2026-06-05,V3,58bef77f8bc8874b,58bef77f8bc8874b,false,none,0,false,false,false,false,true
forward_poll_2026h2,BWMX,2026-07,2026-07-23,2026-07-23,V5,12c82ce3db771706,12c82ce3db771706,false,none,0,false,false,false,false,false
forward_poll_2026h2,BWXT,2026-08,2026-08-03,2026-08-04,V5,f0e8904c3710082b,f0e8904c3710082b,false,none,0,false,false,false,false,false
forward_poll_2026h2,BX,2026-07,2026-07-23,2026-07-26,V5,176fd8394817f223,176fd8394817f223,false,none,0,true,true,false,false,false
forward_poll_2026h2,BXC,2026-08,2026-08-04,2026-08-04,V5,aabec853654c9cca,aabec853654c9cca,false,none,0,true,true,false,false,false
forward_poll_2026h2,BXDC,2026-08,2026-08-04,2026-08-04,V5,dc25d55f654452cf,dc25d55f654452cf,false,none,0,true,true,false,false,false
forward_poll_2026h2,BXMT,2026-07,2026-07-30,2026-08-02,V5,0df9a597e68a8569,f4e01f848aeedc94,true,down,"[0.05,0.25)",true,false,true,true,false
forward_poll_2026h2,BXP,2026-07,2026-07-28,2026-07-30,V5,ebcdddcb4d01de87,ebcdddcb4d01de87,false,none,0,false,false,false,false,false
forward_poll_2026h2,BY,2026-07,2026-07-23,2026-07-24,V5,f02f5881cb822ce2,f02f5881cb822ce2,false,none,0,true,true,false,false,false
forward_poll_2026h2,BYCRF,2026-07,2026-07-15,2026-07-15,V3,4ea3bde1069a5671,3779336e57276d11,true,down,"(0,0.01)",false,false,false,false,false
forward_poll_2026h2,BYD,2026-07,2026-07-23,2026-07-26,V5,5ead0334dede6b53,5ead0334dede6b53,false,none,0,false,false,false,false,false
forward_poll_2026h2,BYFC,2026-07,2026-07-28,2026-07-28,V5,d3aad5670eb9f0b5,d3aad5670eb9f0b5,false,none,0,,,false,,false
forward_poll_2026h2,BYMOF,2026-07,2026-07-30,2026-07-30,V3,50a528c507eb73a6,50a528c507eb73a6,false,none,0,true,true,false,false,false
forward_poll_2026h2,BYPLF,2026-07,2026-07-30,2026-07-30,V3,908d89fede709693,908d89fede709693,false,none,0,false,false,false,false,true
forward_poll_2026h2,BYRN,2026-07,2026-07-10,2026-07-12,V3,e5200f804751af5e,e5200f804751af5e,false,none,0,false,false,false,false,false
forward_poll_2026h2,BZFD,2026-08,2026-08-04,2026-08-04,V3,067a67bfdbbdb73a,067a67bfdbbdb73a,false,none,0,false,false,false,false,false
forward_poll_2026h2,BZFDW,2026-08,2026-08-05,2026-08-05,V3,2b8349c9f08aa074,2b8349c9f08aa074,false,none,0,false,false,false,false,false
forward_poll_2026h2,BZZUY,2026-08,2026-08-05,2026-08-05,V5,79d64b57de9c596b,79d64b57de9c596b,false,none,0,false,false,false,false,false
forward_poll_2026h2,C,2026-07,2026-07-14,2026-07-17,V5,796c7c1183fe60f2,796c7c1183fe60f2,false,none,0,true,true,false,false,false
forward_poll_2026h2,CABR,2026-06,2026-07-04,2026-07-04,V5,c84bab80ee07792e,c84bab80ee07792e,false,none,0,,,false,,true
forward_poll_2026h2,CAC,2026-07,2026-07-28,2026-07-28,V5,5135cf7824a22bec,5135cf7824a22bec,false,none,0,false,false,false,false,false
forward_poll_2026h2,CACC,2026-08,2026-08-04,2026-08-04,V5,f4d74e580a63cd75,f4d74e580a63cd75,false,none,0,false,false,false,false,false
forward_poll_2026h2,CAG,2026-07,2026-07-15,2026-07-19,V5,9b30ee58f07f3c13,9b30ee58f07f3c13,false,none,0,false,false,false,false,false
forward_poll_2026h2,CAIXY,2026-07,2026-07-30,2026-08-04,V3,f4bb5fa014747490,e2bdf90af9f2ba74,true,up,"(0,0.01)",false,true,true,false,true
forward_poll_2026h2,CAIXY,2026-07,2026-07-30,2026-07-30,V3,97e3ef9a4db019a5,97e3ef9a4db019a5,false,none,0,false,false,false,false,false
forward_poll_2026h2,CAJFF,2026-07,2026-07-27,2026-07-27,V3,7fd88bebbf6cb1d1,49ae3f4558426072,true,down,"(0,0.01)",true,true,false,false,false
forward_poll_2026h2,CAJPY,2026-07,2026-07-27,2026-07-29,V3,fcea15c91f5dcb7a,b5154b1fdd60da21,true,down,"(0,0.01)",true,true,false,false,false
forward_poll_2026h2,CAKE,2026-07,2026-07-28,2026-08-04,V5,1303d33d6be7f4b5,1303d33d6be7f4b5,false,none,0,true,true,false,false,false
forward_poll_2026h2,CAL,2026-06,2026-06-05,2026-06-06,V5,7fa5baf21482e31f,7fa5baf21482e31f,false,none,0,false,false,false,false,false
forward_poll_2026h2,CALM,2026-07,2026-07-22,2026-07-22,V5,7f07ec37e4d8c4c8,7f07ec37e4d8c4c8,false,none,0,false,false,false,false,false
forward_poll_2026h2,CALX,2026-07,2026-07-21,2026-07-23,V5,436fc86be62e1ce8,436fc86be62e1ce8,false,none,0,true,true,false,false,false
forward_poll_2026h2,CALY,2026-08,2026-08-04,2026-08-04,V5,52430b2c0f89be30,52430b2c0f89be30,false,none,0,false,false,false,false,false
forward_poll_2026h2,CALZF,2026-07,2026-07-24,2026-07-29,V3,03f92a6855a13c8e,5e6c5037c2977fc4,true,down,"(0,0.01)",false,false,false,false,true
forward_poll_2026h2,CAMRF,2026-07,2026-07-16,2026-07-16,V3,0342e40f6712a218,8f20608c2df11a7b,true,up,"(0,0.01)",true,true,false,false,false
forward_poll_2026h2,CAMZF,2026-06,2026-07-04,2026-07-04,V5,62dd59f2c26dd7cf,62dd59f2c26dd7cf,false,none,0,,,false,,true
forward_poll_2026h2,CANG,2026-05,2026-06-05,2026-06-05,V5,119b72aedbdc48ac,119b72aedbdc48ac,false,none,0,false,false,false,false,true
forward_poll_2026h2,CANOF,2026-06,2026-07-04,2026-07-04,V3,7c2284aaca230bd0,7c2284aaca230bd0,false,none,0,true,true,false,false,true
forward_poll_2026h2,CANOF,2026-07,2026-08-01,2026-08-04,V3,a890de37ee6c82f6,1c28abd2681b2ff5,true,down,"(0,0.01)",true,false,true,false,true
forward_poll_2026h2,CAPMF,2026-07,2026-07-30,2026-07-30,V5,74692aef03e3c14e,74692aef03e3c14e,false,none,0,false,false,false,false,false
forward_poll_2026h2,CAR,2026-07,2026-07-28,2026-08-04,V5,3b2d50c0b754f091,3b2d50c0b754f091,false,none,0,false,false,false,false,false
forward_poll_2026h2,CARE,2026-07,2026-07-23,2026-07-30,V5,08ec6866d3306c00,f2b9318f9a9fc882,true,up,"[0.25,1.00)",false,true,true,true,false
forward_poll_2026h2,CARR,2026-07,2026-07-28,2026-08-04,V5,c0e4f6fcca391a57,c0e4f6fcca391a57,false,none,0,false,false,false,false,false
forward_poll_2026h2,CARV,2026-06,2026-07-04,2026-07-04,V5,4efef54ec91409ed,4efef54ec91409ed,false,none,0,,,false,,true
forward_poll_2026h2,CASH,2026-07,2026-07-22,2026-07-22,V5,b96f4e3260b1e95a,b96f4e3260b1e95a,false,none,0,false,false,false,false,false
forward_poll_2026h2,CASS,2026-07,2026-07-23,2026-07-23,V5,e82b8c5e5aba11d1,e82b8c5e5aba11d1,false,none,0,false,false,false,false,false
forward_poll_2026h2,CASY,2026-06,2026-06-10,2026-06-15,V5,2172a28ac97dc31e,2172a28ac97dc31e,false,none,0,true,true,false,false,false
forward_poll_2026h2,CAT,2026-08,2026-08-04,2026-08-04,V5,a32585612c8c6702,a32585612c8c6702,false,none,0,true,true,false,false,false
forward_poll_2026h2,CATPF,2026-06,2026-06-05,2026-06-05,V5,57854ab7e8f1f70c,57854ab7e8f1f70c,false,none,0,,,false,,true
forward_poll_2026h2,CATY,2026-07,2026-07-22,2026-07-23,V5,878b2d9ca01cee60,878b2d9ca01cee60,false,none,0,false,false,false,false,false
forward_poll_2026h2,CAWW,2026-07,2026-07-17,2026-07-17,V5,2fd8fd9f87ca1cc9,2fd8fd9f87ca1cc9,false,none,0,,,false,,true
forward_poll_2026h2,CB,2026-07,2026-07-21,2026-07-24,V5,04a2452a3ce25cc5,04a2452a3ce25cc5,false,none,0,false,false,false,false,false
forward_poll_2026h2,CBAN,2026-07,2026-07-22,2026-07-22,V5,60e9aa49d82d8e7c,60e9aa49d82d8e7c,false,none,0,false,false,false,false,false
forward_poll_2026h2,CBBI,2026-07,2026-07-24,2026-07-24,V5,7f24f6f481a81cea,7f24f6f481a81cea,false,none,0,,,false,,false
forward_poll_2026h2,CBC,2026-08,2026-08-04,2026-08-04,V5,90523fe3e2998eb2,90523fe3e2998eb2,false,none,0,false,false,false,false,false
forward_poll_2026h2,CBCFF,2026-07,2026-07-30,2026-07-30,V3,e48fb27f766c9163,ddff8db7fc32c5f8,true,up,"(0,0.01)",true,true,false,false,false
forward_poll_2026h2,CBDBY,2026-08,2026-08-05,2026-08-05,V3,38546525ec934027,38546525ec934027,false,none,0,false,false,false,false,false
forward_poll_2026h2,CBFV,2026-07,2026-07-27,2026-07-28,V5,024dbaa3206a60ca,5de2a6a08b24d794,true,down,"[0.01,0.05)",true,true,false,false,false
forward_poll_2026h2,CBGZF,2026-06,2026-06-05,2026-06-05,V5,f05fea20f14196b1,f05fea20f14196b1,false,none,0,,,false,,true
forward_poll_2026h2,CBIO,2026-07,2026-07-30,2026-08-01,V5,6944a7e62c8a88f5,6944a7e62c8a88f5,false,none,0,false,false,false,false,false
forward_poll_2026h2,CBK,2026-06,2026-06-05,2026-06-05,V3,ffe93da58a2b476b,ffe93da58a2b476b,false,none,0,false,false,false,false,true
forward_poll_2026h2,CBK,2026-07,2026-07-27,2026-07-27,V3,d86453766effd6fc,d86453766effd6fc,false,none,0,true,true,false,false,false
forward_poll_2026h2,CBKM,2026-07,2026-07-30,2026-07-30,V5,cc873b2610503289,dcb44d82baef34c8,true,up,"[0.01,0.05)",,,false,,false
forward_poll_2026h2,CBLNF,2026-07,2026-07-30,2026-07-30,V5,9e96915a5fca2102,9e96915a5fca2102,false,none,0,,,false,,false
forward_poll_2026h2,CBNA,2026-07,2026-07-29,2026-08-04,V5,029af78c059b18e8,029af78c059b18e8,false,none,0,true,true,false,false,false
forward_poll_2026h2,CBNK,2026-07,2026-07-27,2026-07-27,V5,7ade667ff31c3c9d,7ade667ff31c3c9d,false,none,0,false,false,false,false,false
forward_poll_2026h2,CBOE,2026-07,2026-07-31,2026-08-01,V5,8d63127d0d7a700f,8d63127d0d7a700f,false,none,0,false,false,false,false,false
forward_poll_2026h2,CBRE,2026-07,2026-07-29,2026-07-31,V5,30f6d41fe9a44d30,30f6d41fe9a44d30,false,none,0,false,false,false,false,false
forward_poll_2026h2,CBRL,2026-06,2026-06-09,2026-06-12,V5,0e63b8952d1e85ff,0e63b8952d1e85ff,false,none,0,true,true,false,false,false
forward_poll_2026h2,CBRS,2026-06,2026-06-22,2026-06-25,V5,c85bbb827c4e1194,5d04f3be55cbeaf1,true,up,"[0.05,0.25)",true,true,false,false,false
forward_poll_2026h2,CBRSF,2026-06,2026-06-05,2026-06-05,V5,4b723c1d4afc2944,4b723c1d4afc2944,false,none,0,,,false,,true
forward_poll_2026h2,CBSH,2026-07,2026-07-16,2026-07-23,V5,a0de7c532c0ed24b,a0de7c532c0ed24b,false,none,0,false,false,false,false,false
forward_poll_2026h2,CBT,2026-08,2026-08-03,2026-08-04,V3,d772c8f1c8d48fca,d772c8f1c8d48fca,false,none,0,false,false,false,false,false
forward_poll_2026h2,CBU,2026-07,2026-07-28,2026-07-28,V5,57bd14cdd3755d79,57bd14cdd3755d79,false,none,0,false,false,false,false,false
forward_poll_2026h2,CBUTF,2026-06,2026-06-24,2026-06-24,V5,4a33ba2cb6b69670,4a33ba2cb6b69670,false,none,0,,,false,,true
forward_poll_2026h2,CBZ,2026-07,2026-07-29,2026-08-01,V5,c522de7ce0ab0f30,c522de7ce0ab0f30,false,none,0,true,true,false,false,false
forward_poll_2026h2,CC,2026-08,2026-08-04,2026-08-04,V5,2e5b163bfadd08c6,2e5b163bfadd08c6,false,none,0,false,false,false,false,false
forward_poll_2026h2,CCB,2026-07,2026-07-30,2026-08-02,V5,906b44a11f08ae34,906b44a11f08ae34,false,none,0,false,false,false,false,false
forward_poll_2026h2,CCBC,2026-07,2026-07-18,2026-07-18,V5,ed146240f174371c,ed146240f174371c,false,none,0,,,false,,false
forward_poll_2026h2,CCBG,2026-07,2026-07-21,2026-07-21,V5,e59e310f117c7da1,e59e310f117c7da1,false,none,0,false,false,false,false,false
forward_poll_2026h2,CCC,2026-07,2026-07-30,2026-08-02,V5,116d989e076287c1,116d989e076287c1,false,none,0,false,false,false,true,false
forward_poll_2026h2,CCEC,2026-07,2026-07-29,2026-07-31,V5,179f25499bfdf76c,179f25499bfdf76c,false,none,0,true,true,false,false,false
forward_poll_2026h2,CCEGF,2026-07,2026-07-04,2026-07-04,V5,1229c52004d26d2f,1229c52004d26d2f,false,none,0,,,false,,true
forward_poll_2026h2,CCEL,2026-07,2026-07-15,2026-07-17,V3,accadf5f632f2172,accadf5f632f2172,false,none,0,true,true,false,false,false
forward_poll_2026h2,CCEP,2026-08,2026-08-04,2026-08-04,V3,0243067f0c44c7be,0243067f0c44c7be,false,none,0,false,false,false,false,false
forward_poll_2026h2,CCI,2026-07,2026-07-22,2026-07-23,V5,6ec5589bd83cde86,57724019c11feeaa,true,down,"[0.25,1.00)",true,true,false,false,false
forward_poll_2026h2,CCJ,2026-07,2026-07-31,2026-08-02,V5,1792dd5a93c02097,1792dd5a93c02097,false,none,0,false,false,false,false,false
forward_poll_2026h2,CCK,2026-07,2026-07-21,2026-07-23,V5,a432d80a5f9e1d18,08371185c869f8ad,true,up,"[0.25,1.00)",false,true,true,false,false
forward_poll_2026h2,CCL,2026-06,2026-06-23,2026-06-25,V5,30b5557a56fb64b0,30b5557a56fb64b0,false,none,0,true,true,false,false,false
forward_poll_2026h2,CCNE,2026-07,2026-07-23,2026-07-23,V5,a2a934d49dfe0680,a2a934d49dfe0680,false,none,0,false,false,false,false,false
forward_poll_2026h2,CCNEP,2026-07,2026-07-23,2026-07-23,V3,b61c06e32e62026f,b61c06e32e62026f,false,none,0,true,true,false,false,false
forward_poll_2026h2,CCOEF,2026-07,2026-07-28,2026-07-28,V3,6412e318be049a93,16aee0c99c06bde6,true,down,"(0,0.01)",true,true,false,false,false
forward_poll_2026h2,CCOEY,2026-07,2026-07-28,2026-07-28,V3,9e2fa3e50013fd78,9e2fa3e50013fd78,false,none,0,true,true,false,false,false
forward_poll_2026h2,CCOEY,2026-07,2026-07-28,2026-07-28,V3,cf7252c467b40f8d,cf7252c467b40f8d,false,none,0,true,true,false,false,false
forward_poll_2026h2,CCOJF,2026-07,2026-07-31,2026-07-31,V3,b0be39ed14555e2e,44293c1a8b3bf355,true,up,"(0,0.01)",true,true,false,false,false
forward_poll_2026h2,CCORF,2026-06,2026-06-05,2026-06-05,V3,b711c81d87b5643a,b711c81d87b5643a,false,none,0,true,true,false,false,true
forward_poll_2026h2,CCPPF,2026-07,2026-07-29,2026-07-29,V5,bfb749484fbdf2be,bfb749484fbdf2be,false,none,0,,,false,,false
forward_poll_2026h2,CCS,2026-07,2026-07-22,2026-07-22,V3,aed82ddae3f2e689,aed82ddae3f2e689,false,none,0,true,true,false,false,false
forward_poll_2026h2,CCTG,2026-07,2026-07-22,2026-07-22,V5,b695f0dd00ea74df,b695f0dd00ea74df,false,none,0,,,false,,true
forward_poll_2026h2,CCU,2026-08,2026-08-05,2026-08-05,V3,0b31e87b4e445911,0b31e87b4e445911,false,none,0,false,false,false,false,false
forward_poll_2026h2,CCWOF,2026-06,2026-06-05,2026-06-05,V5,526438836a15b32f,526438836a15b32f,false,none,0,,,false,,true
forward_poll_2026h2,CDCTF,2026-07,2026-07-31,2026-07-31,V3,b4193327649e5a32,b4193327649e5a32,false,none,0,true,true,false,false,false
forward_poll_2026h2,CDDRF,2026-07,2026-07-24,2026-07-24,V3,cfc323b2c966f79a,cfc323b2c966f79a,false,none,0,true,true,false,false,false
forward_poll_2026h2,CDHSF,2026-07,2026-07-30,2026-07-30,V3,3067b066d5fa26e2,3067b066d5fa26e2,false,none,0,,,false,,false
forward_poll_2026h2,CDMNF,2026-05,2026-06-05,2026-06-05,V5,ac1ebdc89283095f,ac1ebdc89283095f,false,none,0,,,false,,true
forward_poll_2026h2,CDNA,2026-07,2026-07-30,2026-07-31,V3,6936669d36415c29,6936669d36415c29,false,none,0,true,true,false,false,false
forward_poll_2026h2,CDNS,2026-07,2026-07-27,2026-07-29,V5,5ad15fed270b9a7c,5ad15fed270b9a7c,false,none,0,false,false,false,false,false
forward_poll_2026h2,CDP,2026-07,2026-07-27,2026-07-27,V5,02e398957b85de1f,aebcd5945b93c6ae,true,down,"[0.25,1.00)",true,true,false,false,false
forward_poll_2026h2,CDR-PB,2026-07,2026-07-30,2026-07-30,V3,e4a6c91fae104e68,e4a6c91fae104e68,false,none,0,true,true,false,false,false
forward_poll_2026h2,CDR-PB,2026-08,2026-08-02,2026-08-02,V3,e4a6c91fae104e68,e4a6c91fae104e68,false,none,0,true,true,false,false,false
forward_poll_2026h2,CDR-PB,2026-08,2026-08-04,2026-08-04,V3,e4a6c91fae104e68,e4a6c91fae104e68,false,none,0,true,true,false,false,false
forward_poll_2026h2,CDR-PB,2026-08,2026-08-05,2026-08-05,V3,e4a6c91fae104e68,e4a6c91fae104e68,false,none,0,true,true,false,false,false
forward_poll_2026h2,CDR-PC,2026-07,2026-07-30,2026-07-30,V3,5e0cffd0fcb9ce8b,5e0cffd0fcb9ce8b,false,none,0,true,true,false,false,false
forward_poll_2026h2,CDR-PC,2026-08,2026-08-02,2026-08-02,V3,5e0cffd0fcb9ce8b,5e0cffd0fcb9ce8b,false,none,0,true,true,false,false,false
forward_poll_2026h2,CDR-PC,2026-08,2026-08-04,2026-08-04,V3,5e0cffd0fcb9ce8b,5e0cffd0fcb9ce8b,false,none,0,true,true,false,false,false
forward_poll_2026h2,CDR-PC,2026-08,2026-08-05,2026-08-05,V3,5e0cffd0fcb9ce8b,5e0cffd0fcb9ce8b,false,none,0,true,true,false,false,false
forward_poll_2026h2,CDRO,2026-07,2026-08-02,2026-08-02,V3,350026eaddb0af29,350026eaddb0af29,false,none,0,false,false,false,false,true
forward_poll_2026h2,CDROW,2026-07,2026-08-02,2026-08-02,V3,991196b9dc6b39bb,991196b9dc6b39bb,false,none,0,false,false,false,false,true
forward_poll_2026h2,CDT,2026-06,2026-06-05,2026-06-05,V5,ab5289c8b06221af,ab5289c8b06221af,false,none,0,,,false,,false
forward_poll_2026h2,CDT,2026-06,2026-06-11,2026-06-11,V5,ab5289c8b06221af,ab5289c8b06221af,false,none,0,,,false,,false
forward_poll_2026h2,CDT,2026-06,2026-06-18,2026-06-18,V5,ab5289c8b06221af,ab5289c8b06221af,false,none,0,,,false,,false
forward_poll_2026h2,CDT,2026-06,2026-06-25,2026-06-25,V5,ab5289c8b06221af,ab5289c8b06221af,false,none,0,,,false,,false
forward_poll_2026h2,CDT,2026-07,2026-07-04,2026-07-09,V5,ab5289c8b06221af,6a47a8e3a6ae3f26,true,down,>=1.00,,,false,,true
forward_poll_2026h2,CDT,2026-07,2026-07-16,2026-07-17,V5,ab5289c8b06221af,146fb43c0c3dab2c,true,down,>=1.00,,,false,,false
forward_poll_2026h2,CDT,2026-07,2026-07-30,2026-07-30,V5,c63a2350b2269198,c63a2350b2269198,false,none,0,,,false,,false
forward_poll_2026h2,CDUAF,2026-07,2026-07-29,2026-07-29,V3,2d0c5f9f2c6bfcd6,2d0c5f9f2c6bfcd6,false,none,0,true,true,false,false,false
forward_poll_2026h2,CE,2026-08,2026-08-04,2026-08-04,V5,0898c1bd7ee1983d,0898c1bd7ee1983d,false,none,0,false,false,false,false,false
forward_poll_2026h2,CEFC,2026-07,2026-07-27,2026-07-27,V5,70cbcf7092daee2c,70cbcf7092daee2c,false,none,0,,,false,,false
forward_poll_2026h2,CELG-RI,2026-07,2026-07-30,2026-07-30,V3,16681bfcc59c5548,16681bfcc59c5548,false,none,0,true,true,false,false,false
forward_poll_2026h2,CERS,2026-07,2026-07-31,2026-07-31,V5,40de3ef94d7a9ceb,40de3ef94d7a9ceb,false,none,0,true,true,false,false,false
forward_poll_2026h2,CERT,2026-08,2026-08-04,2026-08-04,V5,95223ed5d30390d3,95223ed5d30390d3,false,none,0,false,false,false,false,false
forward_poll_2026h2,CETY,2026-06,2026-06-07,2026-06-07,V5,424525b70a4dc0f9,424525b70a4dc0f9,false,none,0,,,false,,true
forward_poll_2026h2,CETY,2026-07,2026-07-27,2026-07-27,V5,13ccf90a76fe7fc1,13ccf90a76fe7fc1,false,none,0,,,false,,false
forward_poll_2026h2,CFBK,2026-07,2026-07-28,2026-07-28,V3,1a7b13cf36dcf821,1a7b13cf36dcf821,false,none,0,false,false,false,false,false
forward_poll_2026h2,CFFI,2026-07,2026-07-23,2026-07-28,V5,52f29974ae01e25f,f0ced7ae41c1436d,true,up,"[0.05,0.25)",,,false,,false
forward_poll_2026h2,CFFN,2026-07,2026-07-29,2026-07-31,V3,2455c250e325fad1,2455c250e325fad1,false,none,0,true,true,false,false,false
forward_poll_2026h2,CFG,2026-07,2026-07-16,2026-07-17,V5,6b0e357c26b8ddb6,6b0e357c26b8ddb6,false,none,0,false,false,false,false,false
forward_poll_2026h2,CFG-PE,2026-07,2026-07-16,2026-07-16,V3,dbaa4efee5dac4b4,dbaa4efee5dac4b4,false,none,0,true,true,false,false,false
forward_poll_2026h2,CFG-PH,2026-07,2026-07-16,2026-07-16,V3,5fa2f6f65f59f882,5fa2f6f65f59f882,false,none,0,true,true,false,false,false
forward_poll_2026h2,CFPZF,2026-07,2026-07-30,2026-07-30,V3,08bf8f57654ff341,572b8d31f0593f4e,true,up,"[0.05,0.25)",true,true,false,false,false
forward_poll_2026h2,CFR,2026-07,2026-07-30,2026-08-01,V5,f20b39541a91c8d8,f20b39541a91c8d8,false,none,0,false,false,false,false,false
forward_poll_2026h2,CFR-PB,2026-07,2026-07-30,2026-07-30,V3,116b15dec17e9137,116b15dec17e9137,false,none,0,true,true,false,false,false
forward_poll_2026h2,CGAU,2026-07,2026-07-28,2026-08-04,V5,59f05c4e3864c0bd,59f05c4e3864c0bd,false,none,0,false,false,false,false,false
forward_poll_2026h2,CGC,2026-05,2026-06-05,2026-06-05,V5,22b0d97f9e4cffdf,22b0d97f9e4cffdf,false,none,0,false,false,false,false,true
forward_poll_2026h2,CGC,2026-06,2026-06-15,2026-06-18,V5,8c132cb93dda530d,5326d26ba2274b4f,true,up,"[0.05,0.25)",false,false,false,false,false
forward_poll_2026h2,CGEAF,2026-07,2026-07-16,2026-07-16,V3,68f71f1a32a05f38,68f71f1a32a05f38,false,none,0,true,true,false,false,false
forward_poll_2026h2,CGECF,2026-07,2026-07-16,2026-07-16,V3,a927eb13082627b0,a927eb13082627b0,false,none,0,true,true,false,false,false
forward_poll_2026h2,CGEH,2026-06,2026-06-05,2026-06-05,V3,468bc9215b046595,468bc9215b046595,false,none,0,false,false,false,false,true
forward_poll_2026h2,CGEMY,2026-07,2026-07-30,2026-07-31,V3,df9304504118ba1e,50859b6a7b4229e6,true,up,"[0.01,0.05)",false,false,false,false,false
forward_poll_2026h2,CGEN,2026-08,2026-08-03,2026-08-03,V5,ede8b3d535b14ce4,ede8b3d535b14ce4,false,none,0,true,true,false,false,false
forward_poll_2026h2,CGGGF,2026-07,2026-07-29,2026-07-30,V5,9905404f3a0df4f0,303fb7cb955e243c,true,up,"(0,0.01)",false,false,false,false,false
forward_poll_2026h2,CGIUF,2026-07,2026-07-28,2026-07-28,V5,1df692475810d1c7,d32fad834332f4a2,true,down,"(0,0.01)",,,false,,false
forward_poll_2026h2,CGIUF,2026-07,2026-08-03,2026-08-03,V5,af39669296c18d28,af39669296c18d28,false,none,0,,,false,,true
forward_poll_2026h2,CGKEF,2026-07,2026-07-31,2026-07-31,V3,9f89044f4e9e8744,9f89044f4e9e8744,false,none,0,false,false,false,false,false
forward_poll_2026h2,CGLCF,2026-06,2026-06-05,2026-06-05,V3,ecd2c6fa39ce94d4,ecd2c6fa39ce94d4,false,none,0,true,true,false,false,true
forward_poll_2026h2,CGNT,2026-06,2026-06-05,2026-06-05,V5,4645825855e474d5,4645825855e474d5,false,none,0,false,false,false,false,true
forward_poll_2026h2,CGPVF,2026-07,2026-08-01,2026-08-01,V3,8bd31eb3af72ff84,8bd31eb3af72ff84,false,none,0,false,false,false,false,true
forward_poll_2026h2,CGUIF,2026-07,2026-08-01,2026-08-01,V5,dd666f08908b2c5d,dd666f08908b2c5d,false,none,0,,,false,,true
forward_poll_2026h2,CHAI,2026-06,2026-06-06,2026-06-06,V3,97dabc8c2f2fabbc,97dabc8c2f2fabbc,false,none,0,,,false,,true
forward_poll_2026h2,CHBAF,2026-08,2026-08-04,2026-08-04,V3,a53fa38be4a63595,9360a8e10360510d,true,down,"(0,0.01)",true,true,false,false,false
forward_poll_2026h2,CHBAY,2026-08,2026-08-04,2026-08-04,V3,233260cf7fc55758,233260cf7fc55758,false,none,0,true,true,false,false,false
forward_poll_2026h2,CHBAY,2026-08,2026-08-04,2026-08-04,V3,b61c10d91e2a01d8,b61c10d91e2a01d8,false,none,0,true,true,false,false,false
forward_poll_2026h2,CHCO,2026-07,2026-07-22,2026-07-23,V5,65ca94b9d3c1e4fa,65ca94b9d3c1e4fa,false,none,0,false,false,false,false,false
forward_poll_2026h2,CHCT,2026-08,2026-08-04,2026-08-04,V3,c9d7c4430ea21338,97b9228136643d4c,true,up,"[0.25,1.00)",false,true,true,true,false
forward_poll_2026h2,CHD,2026-07,2026-07-31,2026-07-31,V5,30f31236f0a3d64f,30f31236f0a3d64f,false,none,0,false,false,false,false,false
forward_poll_2026h2,CHDN,2026-07,2026-07-29,2026-07-29,V5,a1608e42d365507e,a1608e42d365507e,false,none,0,false,false,false,false,false
forward_poll_2026h2,CHDRF,2026-07,2026-07-29,2026-07-29,V5,8bcf154ee75528fc,8bcf154ee75528fc,false,none,0,,,false,,true
forward_poll_2026h2,CHE,2026-07,2026-07-28,2026-07-28,V5,13248da7257e39ac,13248da7257e39ac,false,none,0,false,false,false,false,false
forward_poll_2026h2,CHEF,2026-07,2026-07-29,2026-08-01,V5,1d0ce746a71289a3,1d0ce746a71289a3,false,none,0,true,true,false,false,false
forward_poll_2026h2,CHELF,2026-06,2026-06-05,2026-06-05,V3,8fa69ab95a274dc2,8fa69ab95a274dc2,false,none,0,true,true,false,false,true
forward_poll_2026h2,CHGCF,2026-07,2026-07-24,2026-07-25,V3,d7893c9926cabcbe,d7893c9926cabcbe,false,none,0,false,false,false,false,false
forward_poll_2026h2,CHGCY,2026-07,2026-07-24,2026-07-24,V5,d774ac26589cee4e,d774ac26589cee4e,false,none,0,,,false,,false
forward_poll_2026h2,CHHHF,2026-07,2026-07-30,2026-07-30,V3,baec5b6e6bafa49e,baec5b6e6bafa49e,false,none,0,false,false,false,false,false
forward_poll_2026h2,CHHYF,2026-05,2026-06-05,2026-06-05,V5,1ccbe4ca2951b8af,1ccbe4ca2951b8af,false,none,0,,,false,,true
forward_poll_2026h2,CHK,2026-07,2026-07-29,2026-07-31,V5,2bb2871441c3ca26,2bb2871441c3ca26,false,none,0,true,true,false,false,false
forward_poll_2026h2,CHKP,2026-07,2026-07-30,2026-08-02,V5,b4d03c229f055bc5,b4d03c229f055bc5,false,none,0,false,false,false,false,false
forward_poll_2026h2,CHMG,2026-07,2026-07-22,2026-07-22,V3,76ff3153ae12dedb,76ff3153ae12dedb,false,none,0,true,true,false,false,false
forward_poll_2026h2,CHPT,2026-06,2026-06-05,2026-06-10,V3,d1e98bbc2431e820,51165e5d38877d86,true,down,>=1.00,true,true,false,false,true
forward_poll_2026h2,CHR,2026-07,2026-08-01,2026-08-01,V3,66d828f26982f916,66d828f26982f916,false,none,0,false,false,false,false,true
forward_poll_2026h2,CHRRF,2026-08,2026-08-04,2026-08-05,V3,f8e7fe702c7caf91,4d8d2d7bb0826a4e,true,down,"(0,0.01)",true,true,false,false,false
forward_poll_2026h2,CHRW,2026-07,2026-07-29,2026-08-02,V5,59cbbc81b6245c95,59cbbc81b6245c95,false,none,0,false,false,false,false,false
forward_poll_2026h2,CHSCP,2026-07,2026-07-13,2026-07-13,V5,9cdbf9ba1f81b82b,9cdbf9ba1f81b82b,false,none,0,,,false,,true
forward_poll_2026h2,CHT,2026-08,2026-08-04,2026-08-05,V3,c09a02f8e177f89d,70edad44064b5e71,true,down,"(0,0.01)",true,true,false,false,false
forward_poll_2026h2,CHTR,2026-07,2026-07-24,2026-07-24,V5,40c145aa039e617e,40c145aa039e617e,false,none,0,false,false,false,false,false
forward_poll_2026h2,CHUEF,2026-07,2026-07-29,2026-07-29,V3,1a2799037c8d784a,c6f1f0f03f17deb5,true,down,"(0,0.01)",false,false,false,false,false
forward_poll_2026h2,CHWY,2026-06,2026-06-10,2026-06-11,V5,1c2b440b97a0695d,1c2b440b97a0695d,false,none,0,false,false,false,false,false
forward_poll_2026h2,CHXMF,2026-06,2026-06-08,2026-06-08,V3,0434e170c6698ab6,0434e170c6698ab6,false,none,0,false,false,false,false,true
forward_poll_2026h2,CHYCF,2026-08,2026-08-03,2026-08-03,V5,3ea8f7c8bf06348c,98aa7718509a63dd,true,up,"(0,0.01)",,,false,,false
forward_poll_2026h2,CHYCY,2026-08,2026-08-03,2026-08-03,V5,6c0b91184e7cfe20,6c0b91184e7cfe20,false,none,0,,,false,,false
forward_poll_2026h2,CHYFF,2026-06,2026-06-05,2026-06-05,V3,9118e82ec998162a,9118e82ec998162a,false,none,0,false,false,false,false,true
forward_poll_2026h2,CI,2026-07,2026-07-30,2026-08-02,V5,8c378a71b8026636,8c378a71b8026636,false,none,0,false,false,false,false,false
forward_poll_2026h2,CIAFF,2026-07,2026-07-30,2026-07-31,V3,c1fa461413543cb0,fae33b476737f8b8,true,up,"(0,0.01)",false,false,false,false,false
forward_poll_2026h2,CIAFF,2026-07,2026-07-31,2026-07-31,V3,cfea24f13416088d,cfea24f13416088d,false,none,0,false,false,false,false,false
forward_poll_2026h2,CIBEY,2026-07,2026-07-22,2026-07-22,V5,3c6a0f172330f2b9,3c6a0f172330f2b9,false,none,0,,,false,,true
forward_poll_2026h2,CIBH,2026-07,2026-07-15,2026-07-15,V5,a88d2e57b95f685c,a88d2e57b95f685c,false,none,0,,,false,,true
forward_poll_2026h2,CIEN,2026-06,2026-06-05,2026-06-06,V5,6c0f66abea2315b5,6c0f66abea2315b5,false,none,0,true,true,false,false,false
forward_poll_2026h2,CIFR,2026-08,2026-08-04,2026-08-04,V5,b0b176e7812c9002,b0b176e7812c9002,false,none,0,false,false,false,false,false
forward_poll_2026h2,CIGI,2026-07,2026-07-30,2026-08-02,V5,80e2c486b67dc874,80e2c486b67dc874,false,none,0,false,false,false,false,false
forward_poll_2026h2,CIIT,2026-06,2026-06-23,2026-06-23,V5,a711cdee0f6178b7,a711cdee0f6178b7,false,none,0,,,false,,false
forward_poll_2026h2,CINF,2026-07,2026-07-27,2026-08-03,V5,56a45a39d381a79e,56a45a39d381a79e,false,none,0,false,false,false,false,false
forward_poll_2026h2,CIVB,2026-07,2026-07-23,2026-07-24,V5,f89409deea8fb6d0,f89409deea8fb6d0,false,none,0,false,false,false,false,false
forward_poll_2026h2,CIX,2026-08,2026-08-04,2026-08-04,V5,753100e9d456eb8d,753100e9d456eb8d,false,none,0,,,false,,false
forward_poll_2026h2,CIXPF,2026-07,2026-07-30,2026-08-04,V3,694623173edfe9c9,18e4748a8b01645f,true,up,"[0.01,0.05)",false,true,true,true,false
forward_poll_2026h2,CIZN,2026-07,2026-07-29,2026-07-29,V5,95038ec8ac23efe9,95038ec8ac23efe9,false,none,0,,,false,,false
forward_poll_2026h2,CJEWF,2026-06,2026-06-11,2026-06-12,V3,451bc6e44f4d909d,cc8086cf82b235a4,true,up,"(0,0.01)",false,true,true,false,false
forward_poll_2026h2,CJIMF,2026-06,2026-06-05,2026-06-05,V5,41a43b75fef1d6d2,41a43b75fef1d6d2,false,none,0,,,false,,true
forward_poll_2026h2,CJPRF,2026-07,2026-07-31,2026-07-31,V3,a037849d1c0e6a41,bfc263c33e91c156,true,down,"(0,0.01)",true,true,false,false,false
forward_poll_2026h2,CJPRY,2026-07,2026-07-31,2026-08-02,V3,a8a22b38f456a27e,23db1b5e35a87444,true,up,"(0,0.01)",true,true,false,false,false
forward_poll_2026h2,CKNHF,2026-08,2026-08-04,2026-08-04,V5,fcba1c4f97caced6,fcba1c4f97caced6,false,none,0,false,false,false,false,false
forward_poll_2026h2,CKOCF,2026-07,2026-07-31,2026-07-31,V5,075d9c34594ec11b,8952cc575a9f7e7f,true,down,"(0,0.01)",,,false,,false
forward_poll_2026h2,CKSNF,2026-07,2026-07-30,2026-08-02,V5,f616d40d55e0dbbe,d72a999f89820532,true,down,"[0.05,0.25)",false,false,false,true,false
forward_poll_2026h2,CL,2026-07,2026-07-31,2026-08-02,V5,545251a696f90611,545251a696f90611,false,none,0,false,false,false,false,false
forward_poll_2026h2,CLB,2026-07,2026-07-29,2026-07-31,V3,50cf293f1b7bed3f,50cf293f1b7bed3f,false,none,0,true,true,false,false,false
forward_poll_2026h2,CLBK,2026-07,2026-07-30,2026-07-30,V5,624e0c35aff023f4,624e0c35aff023f4,false,none,0,true,true,false,false,false
forward_poll_2026h2,CLBR-UN,2026-08,2026-08-04,2026-08-04,V5,73551377ba6c09cb,73551377ba6c09cb,false,none,0,,,false,,false
forward_poll_2026h2,CLCMF,2026-07,2026-07-23,2026-07-23,V3,86813a6180f28e24,3d4d37cdc9f0ca9c,true,down,"(0,0.01)",false,false,false,false,false
forward_poll_2026h2,CLDT,2026-08,2026-08-04,2026-08-04,V3,5f40fca8a48c12b6,5f40fca8a48c12b6,false,none,0,true,true,false,false,false
forward_poll_2026h2,CLDT-PA,2026-08,2026-08-04,2026-08-04,V3,d64ea269c45ac070,d64ea269c45ac070,false,none,0,true,true,false,false,false
forward_poll_2026h2,CLEV,2026-06,2026-06-23,2026-06-23,V5,4f79ed4c863602f9,4f79ed4c863602f9,false,none,0,,,false,,false
forward_poll_2026h2,CLF,2026-07,2026-07-23,2026-07-29,V5,937899032169d9e5,937899032169d9e5,false,none,0,false,false,false,false,false
forward_poll_2026h2,CLGN,2026-05,2026-06-05,2026-06-05,V3,2144f91b8d07c7c1,2144f91b8d07c7c1,false,none,0,true,true,false,false,true
forward_poll_2026h2,CLGPF,2026-06,2026-06-05,2026-06-05,V3,84e9d3e5c0e99a10,84e9d3e5c0e99a10,false,none,0,true,true,false,false,true
forward_poll_2026h2,CLH,2026-07,2026-07-29,2026-07-31,V5,34b3940cd0b5c8ad,34b3940cd0b5c8ad,false,none,0,true,true,false,false,false
forward_poll_2026h2,CLKXF,2026-07,2026-08-02,2026-08-02,V5,b8f1127fec3ac05d,b8f1127fec3ac05d,false,none,0,,,false,,true
forward_poll_2026h2,CLLFF,2026-06,2026-07-04,2026-07-04,V3,b6b183aa91a64688,b6b183aa91a64688,false,none,0,true,true,false,false,true
forward_poll_2026h2,CLLNY,2026-07,2026-07-31,2026-08-01,V3,1bc8aa18dbf00f8b,308c7a498c19a120,true,down,"[0.01,0.05)",false,false,false,false,false
forward_poll_2026h2,CLMB,2026-07,2026-07-29,2026-07-31,V5,29a8305c2b78a89c,29a8305c2b78a89c,false,none,0,false,false,false,true,false
forward_poll_2026h2,CLNXF,2026-07,2026-07-31,2026-08-01,V3,67ab911d1a9ddb86,a2c358dceb59a361,true,down,"[0.05,0.25)",false,false,false,true,false
forward_poll_2026h2,CLOEF,2026-07,2026-07-16,2026-07-16,V3,1abbdd13f092d14c,f53f990308cb66d5,true,down,"(0,0.01)",true,true,false,false,false
forward_poll_2026h2,CLPMF,2026-05,2026-06-05,2026-06-05,V3,2a994dc422cb85d2,2a994dc422cb85d2,false,none,0,false,false,false,false,true
forward_poll_2026h2,CLPT,2026-08,2026-08-03,2026-08-03,V5,3d777df04c020b41,3d777df04c020b41,false,none,0,false,false,false,false,false
forward_poll_2026h2,CLRMF,2026-06,2026-06-05,2026-06-05,V3,2df8288b9fa37570,2df8288b9fa37570,false,none,0,true,true,false,false,true
forward_poll_2026h2,CLRMF,2026-06,2026-06-24,2026-06-24,V3,2df8288b9fa37570,2df8288b9fa37570,false,none,0,true,true,false,false,false
forward_poll_2026h2,CLRMF,2026-06,2026-07-04,2026-07-04,V3,d8125590c9d866ec,d8125590c9d866ec,false,none,0,true,true,false,false,true
forward_poll_2026h2,CLRMF,2026-06,2026-07-04,2026-07-04,V3,2df8288b9fa37570,2df8288b9fa37570,false,none,0,true,true,false,false,true
forward_poll_2026h2,CLS,2026-07,2026-07-27,2026-08-03,V5,631f842ff9ded14a,631f842ff9ded14a,false,none,0,true,true,false,false,false
forward_poll_2026h2,CLST,2026-07,2026-07-30,2026-07-30,V5,2d82409add041cdc,2d82409add041cdc,false,none,0,,,false,,false
forward_poll_2026h2,CLVSF,2026-07,2026-07-20,2026-07-22,V3,9e6278f462c103bb,29bdd3ee0868f39f,true,up,"(0,0.01)",false,true,true,false,true
forward_poll_2026h2,CLVT,2026-07,2026-07-29,2026-07-29,V3,351979067be1f95c,351979067be1f95c,false,none,0,true,true,false,false,false
forward_poll_2026h2,CLW,2026-07,2026-07-28,2026-07-28,V5,dffa97670b3c90be,dffa97670b3c90be,false,none,0,false,false,false,false,false
forward_poll_2026h2,CLX,2026-08,2026-08-03,2026-08-04,V5,dce051d6b3289566,dce051d6b3289566,false,none,0,false,false,false,false,false
forward_poll_2026h2,CLZNF,2026-07,2026-08-01,2026-08-03,V3,f0ce201a0e3b2100,b2828dd39a71449a,true,up,"[0.05,0.25)",false,true,true,true,false
forward_poll_2026h2,CLZNY,2026-07,2026-08-02,2026-08-04,V5,6bae60e9e56c4c75,4db98144ea0c0923,true,up,"[0.01,0.05)",false,true,true,true,true
forward_poll_2026h2,CMAUF,2026-06,2026-06-05,2026-06-05,V5,f4bcec0913f7af8e,f4bcec0913f7af8e,false,none,0,,,false,,true
forward_poll_2026h2,CMBNF,2026-07,2026-07-24,2026-07-24,V5,cd8fe6ef9c24fb6c,cd8fe6ef9c24fb6c,false,none,0,false,false,false,false,false
forward_poll_2026h2,CMC,2026-06,2026-06-25,2026-06-25,V5,7a9ab7a02701a26c,7a9ab7a02701a26c,false,none,0,false,false,false,false,false
forward_poll_2026h2,CMCM,2026-06,2026-06-10,2026-06-11,V3,a90710be824f51ac,a437ff90ea343e07,true,down,"[0.05,0.25)",false,false,false,false,false
forward_poll_2026h2,CMCO,2026-06,2026-06-05,2026-06-11,V5,44dc36367c4c1ef2,44dc36367c4c1ef2,false,none,0,false,false,false,false,false
forward_poll_2026h2,CMCO,2026-07,2026-07-28,2026-07-28,V5,d3fbcf2b76a92628,d3fbcf2b76a92628,false,none,0,true,true,false,false,false
forward_poll_2026h2,CMCO,2026-07,2026-07-30,2026-07-31,V5,d7591160763dc925,d7591160763dc925,false,none,0,true,true,false,false,false
forward_poll_2026h2,CMCSA,2026-07,2026-07-23,2026-07-29,V5,a25d1e41d1a324e6,a25d1e41d1a324e6,false,none,0,false,false,false,false,false
forward_poll_2026h2,CMCXF,2026-06,2026-07-07,2026-07-07,V5,dbeeb951afd863e4,dbeeb951afd863e4,false,none,0,,,false,,true
forward_poll_2026h2,CMDB,2026-08,2026-08-03,2026-08-03,V5,78038601e744055b,78038601e744055b,false,none,0,,,false,,false
forward_poll_2026h2,CME,2026-07,2026-07-22,2026-07-26,V5,eef84a8b9f0cde1c,eef84a8b9f0cde1c,false,none,0,false,false,false,false,false
forward_poll_2026h2,CMG,2026-07,2026-07-29,2026-08-02,V5,eb12e429af789a20,eb12e429af789a20,false,none,0,false,false,false,false,false
forward_poll_2026h2,CMGGF,2026-07,2026-07-24,2026-07-24,V5,5b2786cf5f6a81c1,5b2786cf5f6a81c1,false,none,0,,,false,,true
forward_poll_2026h2,CMGMF,2026-06,2026-06-05,2026-06-06,V5,dd11a2697b3cf471,dc218bf6ce91321e,true,up,"[0.01,0.05)",false,false,false,false,true
forward_poll_2026h2,CMGMY,2026-06,2026-06-05,2026-06-05,V5,4fa7879d1e02bb90,4fa7879d1e02bb90,false,none,0,,,false,,true
forward_poll_2026h2,CMHF,2026-07,2026-07-23,2026-07-23,V5,06e1b25fec59298b,06e1b25fec59298b,false,none,0,,,false,,false
forward_poll_2026h2,CMI,2026-08,2026-08-04,2026-08-04,V5,e0a2d27b53897df3,3cef1ca26095fd30,true,down,"[0.05,0.25)",false,false,false,false,false
forward_poll_2026h2,CMMCF,2026-07,2026-07-25,2026-07-25,V5,adea6ef000bcce80,adea6ef000bcce80,false,none,0,,,false,,false
forward_poll_2026h2,CMND,2026-06,2026-06-16,2026-06-16,V5,6c7781e211e20ced,6c7781e211e20ced,false,none,0,,,false,,false
forward_poll_2026h2,CMOPF,2026-07,2026-07-25,2026-07-25,V5,d61b9453b5cb5214,d61b9453b5cb5214,false,none,0,,,false,,true
forward_poll_2026h2,CMPR,2026-07,2026-07-29,2026-07-30,V5,91a5a3f0fe88f3e4,489947c590910e39,true,down,"[0.05,0.25)",false,false,false,false,false
forward_poll_2026h2,CMPRF,2026-07,2026-07-24,2026-07-30,V3,a8ae3828206ca789,a8ae3828206ca789,false,none,0,true,true,false,false,false
forward_poll_2026h2,CMRE,2026-07,2026-07-27,2026-07-27,V3,7e0c76ea4c7ce83b,7e0c76ea4c7ce83b,false,none,0,true,true,false,false,false
forward_poll_2026h2,CMRE-PB,2026-07,2026-07-27,2026-07-27,V3,5c448da1d29f3f4e,5c448da1d29f3f4e,false,none,0,true,true,false,false,false
forward_poll_2026h2,CMRE-PC,2026-07,2026-07-27,2026-07-27,V3,fa04409dc79ec8e5,fa04409dc79ec8e5,false,none,0,true,true,false,false,false
forward_poll_2026h2,CMRE-PD,2026-07,2026-07-27,2026-07-27,V3,cad31f0ae203ec2f,cad31f0ae203ec2f,false,none,0,true,true,false,false,false
forward_poll_2026h2,CMS,2026-07,2026-07-28,2026-08-04,V5,4e845fd01806b303,4e845fd01806b303,false,none,0,false,false,false,false,false
forward_poll_2026h2,CMS-PB,2026-07,2026-07-29,2026-07-29,V5,5b1ce71892757676,3bc5c0808ac9399c,true,up,"[0.05,0.25)",,,false,,false
forward_poll_2026h2,CMS-PC,2026-07,2026-07-28,2026-07-28,V3,f7b62c32bf11a791,f7b62c32bf11a791,false,none,0,true,true,false,false,false
forward_poll_2026h2,CMSA,2026-07,2026-07-28,2026-07-28,V3,753cea3da9f0824d,753cea3da9f0824d,false,none,0,true,true,false,false,false
forward_poll_2026h2,CMSC,2026-07,2026-07-28,2026-07-28,V3,d523efbf32ff6255,d523efbf32ff6255,false,none,0,true,true,false,false,false
forward_poll_2026h2,CMSD,2026-07,2026-07-28,2026-07-28,V3,8c6c48146c368098,8c6c48146c368098,false,none,0,true,true,false,false,false
forward_poll_2026h2,CMT,2026-08,2026-08-04,2026-08-05,V3,00c45a30d1e546fa,958ebf14cccbb0c6,true,up,"[0.05,0.25)",false,true,true,true,false
forward_poll_2026h2,CMTDF,2026-07,2026-08-01,2026-08-01,V3,347f3ff68623995d,347f3ff68623995d,false,none,0,true,true,false,false,true
forward_poll_2026h2,CMTG,2026-07,2026-07-29,2026-07-29,V3,c28c0f992037dea8,c28c0f992037dea8,false,none,0,false,false,false,false,false
forward_poll_2026h2,CMTL,2026-06,2026-06-15,2026-06-22,V3,52424f9503f38a47,5d19dda5abab0291,true,up,"[0.25,1.00)",false,true,true,true,false
forward_poll_2026h2,CMTV,2026-07,2026-07-22,2026-07-22,V5,56bbfbf23ed5a6ea,56bbfbf23ed5a6ea,false,none,0,,,false,,false
forward_poll_2026h2,CNA,2026-08,2026-08-03,2026-08-03,V3,ab15265a4d4fd26b,ab15265a4d4fd26b,false,none,0,true,true,false,false,false
forward_poll_2026h2,CNAF,2026-07,2026-07-22,2026-07-22,V5,c68d236699804ae1,c68d236699804ae1,false,none,0,,,false,,false
forward_poll_2026h2,CNAUF,2026-07,2026-07-29,2026-07-29,V3,c2cfff4320c8ea40,cb35311d23777ae5,true,down,"(0,0.01)",true,true,false,false,false
forward_poll_2026h2,CNC,2026-07,2026-07-28,2026-08-04,V5,f6a4dc326f4ea4f5,f6a4dc326f4ea4f5,false,none,0,true,true,false,false,false
forward_poll_2026h2,CNH,2026-08,2026-08-03,2026-08-04,V5,aef37081d1f704b4,aef37081d1f704b4,false,none,0,true,true,false,false,false
forward_poll_2026h2,CNI,2026-07,2026-07-24,2026-07-31,V5,5a2b5ea79505c347,5a2b5ea79505c347,false,none,0,false,false,false,false,false
forward_poll_2026h2,CNIKF,2026-06,2026-06-19,2026-06-19,V3,1feebd17aae16ea3,1feebd17aae16ea3,false,none,0,false,false,false,false,false
forward_poll_2026h2,CNK,2026-07,2026-07-30,2026-08-02,V5,8a604475b70c76e2,8a604475b70c76e2,false,none,0,true,true,false,false,false
forward_poll_2026h2,CNM,2026-06,2026-06-10,2026-06-11,V3,0c5a155412ca65f0,ef097809dd170eda,true,up,"[0.01,0.05)",false,true,true,true,false
forward_poll_2026h2,CNMD,2026-07,2026-07-29,2026-07-31,V5,8b16ab9db0958406,8b16ab9db0958406,false,none,0,true,true,false,false,false
forward_poll_2026h2,CNMVF,2026-06,2026-06-05,2026-06-05,V5,1532598b4caac201,1532598b4caac201,false,none,0,,,false,,true
forward_poll_2026h2,CNO,2026-07,2026-07-30,2026-08-01,V3,299781bf6a7cd7e9,299781bf6a7cd7e9,false,none,0,true,true,false,false,false
forward_poll_2026h2,CNO-PA,2026-07,2026-07-30,2026-07-30,V3,4ba3aab76adbb5bd,4ba3aab76adbb5bd,false,none,0,true,true,false,false,false
forward_poll_2026h2,CNOB,2026-07,2026-07-23,2026-07-23,V5,0a402d6493087f89,966f40d0e5e2cf35,true,down,"[0.01,0.05)",false,false,false,true,false
forward_poll_2026h2,CNOBP,2026-07,2026-07-23,2026-07-23,V3,32e9b1f37a3be6d2,32e9b1f37a3be6d2,false,none,0,false,false,false,false,false
forward_poll_2026h2,CNP,2026-07,2026-07-28,2026-07-30,V5,e322379ff44f8cf5,e322379ff44f8cf5,false,none,0,false,false,false,false,false
forward_poll_2026h2,CNRFF,2026-07,2026-07-23,2026-07-28,V3,6a7a5b060afd2790,537e16443abdea73,true,down,"(0,0.01)",false,false,false,false,false
forward_poll_2026h2,CNRSF,2026-06,2026-06-05,2026-06-05,V5,4c1c36d96a32cac8,4c1c36d96a32cac8,false,none,0,,,false,,true
forward_poll_2026h2,CNS,2026-07,2026-07-17,2026-07-17,V5,bd99da810659288e,bd99da810659288e,false,none,0,false,false,false,false,false
forward_poll_2026h2,CNTMF,2026-06,2026-06-07,2026-06-07,V3,dee310b7843d0880,dee310b7843d0880,false,none,0,,,false,,true
forward_poll_2026h2,CNUCF,2026-06,2026-06-05,2026-06-05,V5,aa3992f0eb338db3,aa3992f0eb338db3,false,none,0,,,false,,true
forward_poll_2026h2,CNUTF,2026-07,2026-07-29,2026-07-29,V3,55e5f563e7b45fd5,142bc9908e1bebd5,true,down,"(0,0.01)",true,true,false,false,false
forward_poll_2026h2,CNVVF,2026-08,2026-08-04,2026-08-04,V3,c61f4226522c419a,c61f4226522c419a,false,none,0,false,true,true,false,false
forward_poll_2026h2,CNVVY,2026-08,2026-08-04,2026-08-04,V5,84298b70375f22fc,84298b70375f22fc,false,none,0,false,false,false,false,false
forward_poll_2026h2,CNX,2026-07,2026-07-30,2026-08-02,V5,b79fa6f0b7083f91,b79fa6f0b7083f91,false,none,0,true,true,false,false,false
forward_poll_2026h2,CNXC,2026-06,2026-07-04,2026-07-04,V3,9b2258608cbc4f5b,9b2258608cbc4f5b,false,none,0,false,false,false,false,true
forward_poll_2026h2,CNXN,2026-07,2026-07-29,2026-07-29,V5,6874df470b87de9a,6874df470b87de9a,false,none,0,true,true,false,false,false
forward_poll_2026h2,COCO,2026-07,2026-07-23,2026-07-24,V5,1c6e27fd90b677d0,1c6e27fd90b677d0,false,none,0,true,true,false,false,false
forward_poll_2026h2,COCSF,2026-07,2026-07-29,2026-08-02,V3,1e314d711066e43c,2a464adbdee94a62,true,down,"(0,0.01)",true,true,false,false,true
forward_poll_2026h2,COCXF,2026-07,2026-07-22,2026-07-22,V5,464cc4ab75322040,c987e076404598db,true,down,"[0.05,0.25)",true,false,true,false,false
forward_poll_2026h2,CODA,2026-06,2026-06-15,2026-06-21,V3,2b54892db2321cc6,2b54892db2321cc6,false,none,0,true,true,false,false,false
forward_poll_2026h2,CODGF,2026-07,2026-07-31,2026-07-31,V5,efbf4c75721735f4,efbf4c75721735f4,false,none,0,false,false,false,false,false
forward_poll_2026h2,CODYY,2026-07,2026-07-30,2026-08-01,V3,395bc95730c4132c,3008e54dcf2e834e,true,up,"(0,0.01)",true,true,false,false,false
forward_poll_2026h2,COE,2026-06,2026-06-13,2026-06-13,V5,fcab737915e1eae0,fcab737915e1eae0,false,none,0,,,false,,false
forward_poll_2026h2,COEPW,2026-06,2026-06-05,2026-06-05,V3,544da8c4ed68db3b,544da8c4ed68db3b,false,none,0,,,false,,true
forward_poll_2026h2,COF,2026-07,2026-07-21,2026-07-22,V5,3ede3ebd4b4f7a10,3ede3ebd4b4f7a10,false,none,0,true,true,false,false,false
forward_poll_2026h2,COF-PI,2026-07,2026-07-22,2026-07-22,V3,5422a8001d26896b,5422a8001d26896b,false,none,0,true,true,false,false,false
forward_poll_2026h2,COF-PJ,2026-07,2026-07-22,2026-07-22,V3,8e8461f39aabf786,8e8461f39aabf786,false,none,0,true,true,false,false,false
forward_poll_2026h2,COF-PK,2026-07,2026-07-22,2026-07-22,V3,b4c2c334b625d890,b4c2c334b625d890,false,none,0,true,true,false,false,false
forward_poll_2026h2,COF-PL,2026-07,2026-07-22,2026-07-22,V3,a1010559e1e6756f,a1010559e1e6756f,false,none,0,true,true,false,false,false
forward_poll_2026h2,COF-PN,2026-07,2026-07-22,2026-07-22,V3,2551e7cd324960c6,2551e7cd324960c6,false,none,0,true,true,false,false,false
forward_poll_2026h2,COFS,2026-07,2026-07-24,2026-07-24,V5,51572879dc08106b,5c0398412f1ac5af,true,down,"[0.05,0.25)",false,false,false,true,false
forward_poll_2026h2,COHN,2026-08,2026-08-03,2026-08-03,V3,195b56d22b432b63,195b56d22b432b63,false,none,0,true,true,false,false,false
forward_poll_2026h2,COHU,2026-07,2026-07-30,2026-08-02,V5,3b035d7dd2781722,3b035d7dd2781722,false,none,0,true,true,false,false,false
forward_poll_2026h2,COIHF,2026-07,2026-07-28,2026-07-28,V5,ac21a6250f7d9b42,ac21a6250f7d9b42,false,none,0,false,false,false,false,false
forward_poll_2026h2,COIN,2026-07,2026-07-30,2026-08-02,V5,fe72cffc32867cbc,2a24b5e16ed6442a,true,down,"[0.25,1.00)",false,false,false,false,false
forward_poll_2026h2,COLB,2026-07,2026-07-23,2026-07-26,V5,c0ef7a2b5a7b2911,c0ef7a2b5a7b2911,false,none,0,false,false,false,false,false
forward_poll_2026h2,COLM,2026-07,2026-07-30,2026-08-02,V5,0a69de5cd7fce225,62083e4c56b091ec,true,up,"[0.25,1.00)",false,true,true,true,false
forward_poll_2026h2,COMP,2026-08,2026-08-04,2026-08-04,V3,a4e1a0156df8a478,a4e1a0156df8a478,false,none,0,true,true,false,false,false
forward_poll_2026h2,CONXF,2026-06,2026-07-04,2026-07-04,V3,b554b90a9800b7bb,b554b90a9800b7bb,false,none,0,false,false,false,false,true
forward_poll_2026h2,COO,2026-06,2026-06-05,2026-06-06,V5,ddcb2cbfabbfffb9,958270448ac9d348,true,up,"[0.25,1.00)",false,false,false,true,false
forward_poll_2026h2,CORT,2026-07,2026-07-29,2026-08-01,V5,39a5a66314260bec,39a5a66314260bec,false,none,0,true,true,false,false,false
forward_poll_2026h2,CORZ,2026-07,2026-07-28,2026-08-04,V3,a47eefae85c18340,accb04a65f487a0c,true,down,>=1.00,true,false,true,true,false
forward_poll_2026h2,CORZR,2026-07,2026-07-28,2026-07-28,V3,df2fc87ff3baff8b,df2fc87ff3baff8b,false,none,0,false,false,false,false,false
forward_poll_2026h2,CORZW,2026-07,2026-07-28,2026-07-28,V3,51015d8aa38379e7,51015d8aa38379e7,false,none,0,false,false,false,false,false
forward_poll_2026h2,CORZZ,2026-07,2026-07-29,2026-07-29,V3,e4b3c8d4b00f65c1,e4b3c8d4b00f65c1,false,none,0,false,false,false,false,false
forward_poll_2026h2,COSG,2026-08,2026-08-03,2026-08-03,V3,5bbb88a44297239e,5bbb88a44297239e,false,none,0,,,false,,false
forward_poll_2026h2,COSO,2026-07,2026-07-21,2026-07-21,V3,c7126181f5d4009f,90ae8062a5a1ba7b,true,down,"[0.01,0.05)",false,false,false,false,false
forward_poll_2026h2,COSRF,2026-06,2026-06-05,2026-06-05,V5,27a632cc24778bc8,27a632cc24778bc8,false,none,0,,,false,,true
forward_poll_2026h2,COSXF,2026-06,2026-06-19,2026-06-24,V3,115867eef2f0ff6b,8cc8230a08d52e2a,true,up,"(0,0.01)",,,false,,false
forward_poll_2026h2,COUR,2026-07,2026-07-29,2026-07-31,V5,bb434b2629ce28f0,bb434b2629ce28f0,false,none,0,true,true,false,false,false
forward_poll_2026h2,CP,2026-07,2026-07-29,2026-07-31,V5,8bb7e83c9ce83f13,8bb7e83c9ce83f13,false,none,0,false,false,false,false,false
forward_poll_2026h2,CPAC,2026-07,2026-07-21,2026-07-22,V3,f9b28f4f2055a1a0,f9b28f4f2055a1a0,false,none,0,true,true,false,false,false
forward_poll_2026h2,CPB,2026-06,2026-06-08,2026-06-10,V5,afdc53a4387ea0dd,afdc53a4387ea0dd,false,none,0,false,false,false,false,false
forward_poll_2026h2,CPBI,2026-06,2026-06-19,2026-06-23,V5,72cb18efc2677e7d,c388c68662cf709b,true,down,"[0.01,0.05)",,,false,,false
forward_poll_2026h2,CPCAF,2026-08,2026-08-05,2026-08-05,V5,a620a862db45e0ce,a620a862db45e0ce,false,none,0,,,false,,false
forward_poll_2026h2,CPCAY,2026-08,2026-08-05,2026-08-05,V5,01e3fff215c74b90,01e3fff215c74b90,false,none,0,,,false,,false
forward_poll_2026h2,CPF,2026-07,2026-07-24,2026-07-24,V5,832a863bdd3b59ad,832a863bdd3b59ad,false,none,0,false,false,false,false,false
forward_poll_2026h2,CPFXF,2026-06,2026-07-04,2026-07-04,V5,c93a487cd4a5fb01,c93a487cd4a5fb01,false,none,0,,,false,,true
forward_poll_2026h2,CPIFF,2026-06,2026-06-05,2026-06-05,V5,f9b069bd231e3e8a,f9b069bd231e3e8a,false,none,0,,,false,,false
forward_poll_2026h2,CPIFF,2026-06,2026-06-07,2026-06-07,V5,f9b069bd231e3e8a,f9b069bd231e3e8a,false,none,0,,,false,,false
forward_poll_2026h2,CPIFF,2026-06,2026-06-09,2026-06-09,V5,f9b069bd231e3e8a,f9b069bd231e3e8a,false,none,0,,,false,,false
forward_poll_2026h2,CPIFF,2026-06,2026-06-10,2026-06-10,V5,f9b069bd231e3e8a,f9b069bd231e3e8a,false,none,0,,,false,,false
forward_poll_2026h2,CPIFF,2026-06,2026-06-11,2026-06-11,V5,f9b069bd231e3e8a,f9b069bd231e3e8a,false,none,0,,,false,,false
forward_poll_2026h2,CPIFF,2026-06,2026-06-14,2026-06-14,V5,f9b069bd231e3e8a,f9b069bd231e3e8a,false,none,0,,,false,,false
forward_poll_2026h2,CPIFF,2026-06,2026-06-16,2026-06-16,V5,f9b069bd231e3e8a,f9b069bd231e3e8a,false,none,0,,,false,,false
forward_poll_2026h2,CPIFF,2026-06,2026-06-17,2026-06-17,V5,f9b069bd231e3e8a,f9b069bd231e3e8a,false,none,0,,,false,,false
forward_poll_2026h2,CPIFF,2026-06,2026-06-18,2026-06-18,V5,f9b069bd231e3e8a,f9b069bd231e3e8a,false,none,0,,,false,,false
forward_poll_2026h2,CPIFF,2026-06,2026-06-21,2026-06-21,V5,f9b069bd231e3e8a,f9b069bd231e3e8a,false,none,0,,,false,,false
forward_poll_2026h2,CPIFF,2026-06,2026-06-23,2026-06-23,V5,f9b069bd231e3e8a,f9b069bd231e3e8a,false,none,0,,,false,,false
forward_poll_2026h2,CPIFF,2026-06,2026-06-24,2026-06-24,V5,f9b069bd231e3e8a,f9b069bd231e3e8a,false,none,0,,,false,,false
forward_poll_2026h2,CPIFF,2026-06,2026-06-25,2026-06-25,V5,f9b069bd231e3e8a,f9b069bd231e3e8a,false,none,0,,,false,,false
forward_poll_2026h2,CPIFF,2026-07,2026-07-05,2026-07-05,V5,f9b069bd231e3e8a,f9b069bd231e3e8a,false,none,0,,,false,,false
forward_poll_2026h2,CPIFF,2026-07,2026-07-07,2026-07-07,V5,f9b069bd231e3e8a,f9b069bd231e3e8a,false,none,0,,,false,,false
forward_poll_2026h2,CPIFF,2026-07,2026-07-08,2026-07-08,V5,f9b069bd231e3e8a,f9b069bd231e3e8a,false,none,0,,,false,,false
forward_poll_2026h2,CPIFF,2026-07,2026-07-12,2026-07-12,V5,f9b069bd231e3e8a,f9b069bd231e3e8a,false,none,0,,,false,,false
forward_poll_2026h2,CPIFF,2026-07,2026-07-14,2026-07-14,V5,f9b069bd231e3e8a,f9b069bd231e3e8a,false,none,0,,,false,,false
forward_poll_2026h2,CPIFF,2026-07,2026-07-15,2026-07-15,V5,f9b069bd231e3e8a,f9b069bd231e3e8a,false,none,0,,,false,,false
forward_poll_2026h2,CPIFF,2026-07,2026-07-16,2026-07-16,V5,f9b069bd231e3e8a,f9b069bd231e3e8a,false,none,0,,,false,,false
forward_poll_2026h2,CPIFF,2026-07,2026-07-20,2026-07-20,V5,f9b069bd231e3e8a,f9b069bd231e3e8a,false,none,0,,,false,,false
forward_poll_2026h2,CPIFF,2026-07,2026-07-21,2026-07-21,V5,f9b069bd231e3e8a,f9b069bd231e3e8a,false,none,0,,,false,,false
forward_poll_2026h2,CPIFF,2026-07,2026-07-22,2026-07-22,V5,f9b069bd231e3e8a,f9b069bd231e3e8a,false,none,0,,,false,,false
forward_poll_2026h2,CPIFF,2026-07,2026-07-23,2026-07-23,V5,f9b069bd231e3e8a,f9b069bd231e3e8a,false,none,0,,,false,,false
forward_poll_2026h2,CPIFF,2026-07,2026-07-26,2026-07-26,V5,f9b069bd231e3e8a,f9b069bd231e3e8a,false,none,0,,,false,,false
forward_poll_2026h2,CPIFF,2026-07,2026-07-28,2026-07-28,V5,f9b069bd231e3e8a,f9b069bd231e3e8a,false,none,0,,,false,,false
forward_poll_2026h2,CPIFF,2026-07,2026-07-29,2026-07-29,V5,f9b069bd231e3e8a,f9b069bd231e3e8a,false,none,0,,,false,,false
forward_poll_2026h2,CPIFF,2026-07,2026-07-30,2026-07-30,V5,f9b069bd231e3e8a,f9b069bd231e3e8a,false,none,0,,,false,,false
forward_poll_2026h2,CPIFF,2026-08,2026-08-03,2026-08-03,V5,f9b069bd231e3e8a,f9b069bd231e3e8a,false,none,0,,,false,,false
forward_poll_2026h2,CPIX,2026-08,2026-08-04,2026-08-04,V3,e9f72eac1f74c4c9,e9f72eac1f74c4c9,false,none,0,false,false,false,false,false
forward_poll_2026h2,CPKF,2026-07,2026-07-23,2026-07-23,V3,dabff0a4b6e5c10c,dabff0a4b6e5c10c,false,none,0,true,true,false,false,true
forward_poll_2026h2,CPKF,2026-07,2026-07-22,2026-07-24,V3,8334e2313dfc795a,dabff0a4b6e5c10c,true,up,"[0.25,1.00)",true,true,false,false,false
forward_poll_2026h2,CPNG,2026-08,2026-08-04,2026-08-05,V3,22d15f4ebd564302,b0407c642984c838,true,down,"[0.05,0.25)",true,false,true,true,false
forward_poll_2026h2,CPRHF,2026-07,2026-07-29,2026-07-29,V3,72e64e8687eadadd,72e64e8687eadadd,false,none,0,false,false,false,false,false
forward_poll_2026h2,CPSS,2026-08,2026-08-04,2026-08-04,V3,d619470d3c9d0ba2,d619470d3c9d0ba2,false,none,0,,,false,,false
forward_poll_2026h2,CPT,2026-07,2026-07-30,2026-08-01,V3,d2ed47c11be54589,9e958ab27e329799,true,down,>=1.00,true,false,true,true,false
forward_poll_2026h2,CPWPF,2026-07,2026-07-29,2026-07-30,V3,60b723ed04a3cd35,60b723ed04a3cd35,false,none,0,false,false,false,false,false
forward_poll_2026h2,CPXWF,2026-07,2026-07-29,2026-07-30,V3,83eec27b96a7af62,abc1376a9d44beac,true,up,"(0,0.01)",false,false,false,false,false
forward_poll_2026h2,CPYYF,2026-07,2026-07-25,2026-07-25,V5,8cfce4f5ddb7dc29,8cfce4f5ddb7dc29,false,none,0,true,true,false,false,true
forward_poll_2026h2,CPYYY,2026-07,2026-07-25,2026-07-25,V3,b028ed7bc94be884,b028ed7bc94be884,false,none,0,true,true,false,false,true
forward_poll_2026h2,CR,2026-07,2026-07-28,2026-08-04,V5,e2b98e784848b7b6,e2b98e784848b7b6,false,none,0,false,false,false,false,false
forward_poll_2026h2,CRARF,2026-07,2026-08-01,2026-08-01,V5,bc0277792c2a17d0,bc0277792c2a17d0,false,none,0,,,false,,false
forward_poll_2026h2,CRARY,2026-07,2026-07-31,2026-07-31,V3,33243c8bab2c1e6f,33243c8bab2c1e6f,false,none,0,false,false,false,false,false
forward_poll_2026h2,CRBG,2026-08,2026-08-04,2026-08-04,V5,c6c4ca136cba0cd4,c6c4ca136cba0cd4,false,none,0,false,false,false,false,false
forward_poll_2026h2,CRCT,2026-08,2026-08-04,2026-08-04,V5,d96574f68a557aa7,d96574f68a557aa7,false,none,0,true,true,false,false,false
forward_poll_2026h2,CRD-A,2026-08,2026-08-03,2026-08-03,V3,d02371a369c13179,d02371a369c13179,false,none,0,true,true,false,false,false
forward_poll_2026h2,CRD-B,2026-08,2026-08-03,2026-08-03,V5,7e64710b05782221,7e64710b05782221,false,none,0,true,true,false,false,false
forward_poll_2026h2,CRDO,2026-06,2026-06-05,2026-06-07,V5,b242e4611ffe271e,b242e4611ffe271e,false,none,0,true,true,false,false,true
forward_poll_2026h2,CRECF,2026-07,2026-07-22,2026-07-22,V3,3816ea3bb991cb0a,3816ea3bb991cb0a,false,none,0,,,false,,true
forward_poll_2026h2,CRERF,2026-07,2026-07-23,2026-07-23,V5,a7e1ef35c828b73c,a7e1ef35c828b73c,false,none,0,false,false,false,false,false
forward_poll_2026h2,CRERF,2026-07,2026-07-28,2026-07-28,V5,b439a5d0da61f409,b439a5d0da61f409,false,none,0,false,false,false,false,false
forward_poll_2026h2,CRGY,2026-08,2026-08-03,2026-08-04,V5,c89308b01a2af2d9,9e95d63ce6541c02,true,down,"[0.25,1.00)",true,true,false,false,false
forward_poll_2026h2,CRH,2026-07,2026-07-30,2026-07-30,V5,48c10a38396f2ded,48c10a38396f2ded,false,none,0,false,false,false,false,false
forward_poll_2026h2,CRHCF,2026-07,2026-07-30,2026-07-30,V5,13322484fe42d743,13322484fe42d743,false,none,0,,,false,,false
forward_poll_2026h2,CRI,2026-07,2026-07-31,2026-07-31,V5,7780d4bddcb32bbf,7780d4bddcb32bbf,false,none,0,true,true,false,false,false
forward_poll_2026h2,CRK,2026-07,2026-07-29,2026-08-01,V5,247af3f3e034a4bf,247af3f3e034a4bf,false,none,0,true,true,false,false,false
forward_poll_2026h2,CRLFF,2026-07,2026-07-29,2026-07-29,V3,193451b4528d2ff9,9d0b7b5ea04f014c,true,down,"(0,0.01)",false,false,false,false,false
forward_poll_2026h2,CRMT,2026-07,2026-07-15,2026-07-15,V3,f1dee54b950a0565,4703369779d8adf3,true,up,>=1.00,false,true,true,true,false
forward_poll_2026h2,CRNX,2026-08,2026-08-04,2026-08-04,V5,68c1e9daea133b23,68c1e9daea133b23,false,none,0,false,false,false,false,false
forward_poll_2026h2,CRNX,2026-08,2026-08-03,2026-08-03,V5,68c1e9daea133b23,68c1e9daea133b23,false,none,0,false,false,false,false,false
forward_poll_2026h2,CROX,2026-07,2026-07-30,2026-07-31,V5,8466871e9dd28583,8466871e9dd28583,false,none,0,false,false,false,false,false
forward_poll_2026h2,CRRFY,2026-07,2026-07-23,2026-07-24,V3,c67683dfb6f02c01,bff153dafab32e41,true,up,"(0,0.01)",true,true,false,false,false
forward_poll_2026h2,CRRFY,2026-07,2026-07-28,2026-07-31,V3,2ce15883c027102f,2ce15883c027102f,false,none,0,false,false,false,false,false
forward_poll_2026h2,CRS,2026-07,2026-07-30,2026-08-02,V5,a59955bad4480b30,a59955bad4480b30,false,none,0,false,false,false,false,false
forward_poll_2026h2,CRSF,2026-06,2026-06-16,2026-06-16,V5,84990c76e6fec12f,84990c76e6fec12f,false,none,0,,,false,,false
forward_poll_2026h2,CRWD,2026-06,2026-06-05,2026-06-05,V5,43361b75b0aa4528,43361b75b0aa4528,false,none,0,false,false,false,false,true
forward_poll_2026h2,CRWS,2026-06,2026-06-23,2026-06-25,V3,05bf73adc35c65c9,bdbfca69c8ca2c21,true,down,"[0.05,0.25)",,,false,,false
forward_poll_2026h2,CSAI,2026-07,2026-07-19,2026-07-19,V3,05c95fa53110bef9,05c95fa53110bef9,false,none,0,false,false,false,false,true
forward_poll_2026h2,CSBB,2026-07,2026-07-21,2026-07-21,V5,859fb850a742edba,859fb850a742edba,false,none,0,,,false,,false
forward_poll_2026h2,CSBR,2026-07,2026-07-27,2026-07-28,V3,6791cce091f0488a,57764c336016764f,true,up,"[0.05,0.25)",false,true,true,true,false
forward_poll_2026h2,CSCCF,2026-07,2026-07-31,2026-07-31,V3,ef7e43484ced38a4,2d3b6fb2635035ba,true,up,"[0.01,0.05)",false,false,false,false,false
forward_poll_2026h2,CSGP,2026-07,2026-07-28,2026-08-04,V5,742e847d4982f81e,742e847d4982f81e,false,none,0,true,true,false,false,false
forward_poll_2026h2,CSIOF,2026-07,2026-07-31,2026-07-31,V5,8acfe8d04b21552e,cee2e6c839565728,true,down,"(0,0.01)",,,false,,false
forward_poll_2026h2,CSIOY,2026-07,2026-07-31,2026-07-31,V5,1999cef6ccdf76e3,1999cef6ccdf76e3,false,none,0,,,false,,false
forward_poll_2026h2,CSL,2026-07,2026-07-29,2026-07-31,V5,86bd80daa1c28108,86bd80daa1c28108,false,none,0,true,true,false,false,false
forward_poll_2026h2,CSMYF,2026-07,2026-07-13,2026-07-13,V3,e3180b6c7151cac6,e3180b6c7151cac6,false,none,0,false,false,false,false,false
forward_poll_2026h2,CSNVF,2026-07,2026-08-01,2026-08-03,V5,66ea2c0ca15d1443,aa050ca0abb73830,true,up,"[0.01,0.05)",false,false,false,true,false
forward_poll_2026h2,CSR,2026-08,2026-08-03,2026-08-04,V3,61b0e87f1aa0af52,dc71156d54ab7ed9,true,down,>=1.00,true,true,false,false,false
forward_poll_2026h2,CSRNF,2026-06,2026-06-05,2026-06-05,V5,a4851e39f59a95c9,a4851e39f59a95c9,false,none,0,,,false,,true
forward_poll_2026h2,CSTL,2026-07,2026-07-30,2026-08-02,V5,cd27745ff7b3033a,cd27745ff7b3033a,false,none,0,true,true,false,false,false
forward_poll_2026h2,CSTM,2026-07,2026-07-29,2026-07-30,V3,4e38317aa28daf2b,4e38317aa28daf2b,false,none,0,true,true,false,false,false
forward_poll_2026h2,CSTXF,2026-05,2026-06-05,2026-06-05,V5,ab04e4b1a60b4c12,ab04e4b1a60b4c12,false,none,0,,,false,,true
forward_poll_2026h2,CSTXF,2026-06,2026-06-05,2026-06-05,V5,ab04e4b1a60b4c12,ab04e4b1a60b4c12,false,none,0,,,false,,true
forward_poll_2026h2,CSW,2026-07,2026-07-30,2026-07-30,V5,42dad6039b8dae98,42dad6039b8dae98,false,none,0,true,true,false,false,false
forward_poll_2026h2,CSWC,2026-08,2026-08-03,2026-08-03,V5,c682c1eba76dc9ef,c682c1eba76dc9ef,false,none,0,false,false,false,false,false
forward_poll_2026h2,CSX,2026-07,2026-07-22,2026-07-26,V5,35e501afda3a58ed,35e501afda3a58ed,false,none,0,false,false,false,false,false
forward_poll_2026h2,CTA-PA,2026-07,2026-08-01,2026-08-01,V3,9680d8f0360498df,9680d8f0360498df,false,none,0,true,true,false,false,false
forward_poll_2026h2,CTA-PB,2026-07,2026-08-01,2026-08-01,V5,8005e730fd1ee971,8005e730fd1ee971,false,none,0,,,false,,false
forward_poll_2026h2,CTAGF,2026-08,2026-08-03,2026-08-05,V5,9e9cfaf1c9d8a50b,4c3852e40bd94a73,true,up,>=1.00,,,false,,false
forward_poll_2026h2,CTAGY,2026-08,2026-08-03,2026-08-05,V5,e9838911daff95fd,68b4e4f6990ff8d3,true,up,>=1.00,,,false,,false
forward_poll_2026h2,CTAS,2026-07,2026-07-15,2026-07-21,V5,3d9c6c0e96e6b7b4,cff3225c3ee375c2,true,up,"[0.01,0.05)",false,false,false,false,false
forward_poll_2026h2,CTBI,2026-07,2026-07-15,2026-07-21,V5,86a51e7907efd5ec,86a51e7907efd5ec,false,none,0,false,false,false,false,false
forward_poll_2026h2,CTHRQ,2026-05,2026-06-05,2026-06-05,V3,d4387a862f405cbc,d4387a862f405cbc,false,none,0,,,false,,true
forward_poll_2026h2,CTNM,2026-07,2026-07-30,2026-08-01,V5,01e0f78482e70166,01e0f78482e70166,false,none,0,true,true,false,false,false
forward_poll_2026h2,CTO,2026-07,2026-07-28,2026-07-31,V5,c0c448228f7c423f,b990a0f884bc08cd,true,down,"[0.05,0.25)",true,true,false,false,false
forward_poll_2026h2,CTO-PA,2026-07,2026-07-28,2026-07-28,V3,b925cdc4ba630ae9,b925cdc4ba630ae9,false,none,0,true,true,false,false,false
forward_poll_2026h2,CTOS,2026-08,2026-08-03,2026-08-04,V3,e23234cba145cc07,e23234cba145cc07,false,none,0,true,true,false,false,false
forward_poll_2026h2,CTPVF,2026-07,2026-07-31,2026-07-31,V3,b16fd0f54e11a99a,b16fd0f54e11a99a,false,none,0,false,false,false,false,false
forward_poll_2026h2,CTRI,2026-08,2026-08-04,2026-08-04,V5,d664627cdd882c4e,d664627cdd882c4e,false,none,0,true,true,false,false,false
forward_poll_2026h2,CTRN,2026-06,2026-06-05,2026-06-05,V5,90d9c40c481c0fc1,90d9c40c481c0fc1,false,none,0,true,true,false,false,true
forward_poll_2026h2,CTRNF,2026-06,2026-06-05,2026-06-05,V3,a3e79cbf37f44aca,a3e79cbf37f44aca,false,none,0,false,false,false,false,true
forward_poll_2026h2,CTS,2026-07,2026-07-28,2026-07-28,V3,8d28d5bd2ae38199,8d28d5bd2ae38199,false,none,0,true,true,false,false,false
forward_poll_2026h2,CTSH,2026-07,2026-07-29,2026-07-31,V5,ba68064d45202976,ba68064d45202976,false,none,0,false,false,false,false,false
forward_poll_2026h2,CTTAF,2026-08,2026-08-04,2026-08-04,V3,307fc7e0937fb728,337784f3d1b9282c,true,up,"[0.05,0.25)",false,false,false,false,false
forward_poll_2026h2,CTTAY,2026-08,2026-08-04,2026-08-04,V3,90844a392584f64a,90844a392584f64a,false,none,0,false,false,false,false,false
forward_poll_2026h2,CTTOF,2026-07,2026-07-29,2026-07-29,V3,96a307d343970244,96a307d343970244,false,none,0,false,false,false,false,false
forward_poll_2026h2,CTTOF,2026-07,2026-07-29,2026-07-29,V3,df5f476db9210a96,df5f476db9210a96,false,none,0,false,false,false,false,false
forward_poll_2026h2,CTVA,2026-07,2026-07-30,2026-08-02,V5,1b357df5b1a330cf,1b357df5b1a330cf,false,none,0,false,false,false,false,false
forward_poll_2026h2,CTXDF,2026-06,2026-07-04,2026-07-04,V5,e5719692b47b9524,e5719692b47b9524,false,none,0,,,false,,true
forward_poll_2026h2,CTXXF,2026-07,2026-07-31,2026-07-31,V3,6ebdcdabdf3edd86,c6799ed0a43e4310,true,up,"(0,0.01)",,,false,,true
forward_poll_2026h2,CUAUF,2026-07,2026-07-21,2026-07-21,V5,8e52164954d93e04,8e52164954d93e04,false,none,0,,,false,,false
forward_poll_2026h2,CUAUF,2026-07,2026-07-23,2026-07-25,V5,8e52164954d93e04,01e8f5c40b0bf7c2,true,up,"(0,0.01)",,,false,,false
forward_poll_2026h2,CUBB,2026-07,2026-07-23,2026-07-23,V3,5a78a0b3eb9b6198,5a78a0b3eb9b6198,false,none,0,true,true,false,false,false
forward_poll_2026h2,CUBE,2026-07,2026-07-30,2026-08-01,V5,7cc7fb8f45fe2047,2dd25fb12a819292,true,down,"[0.05,0.25)",true,false,true,false,false
forward_poll_2026h2,CUBI,2026-07,2026-07-23,2026-07-23,V5,c44640eb012814c3,c44640eb012814c3,false,none,0,false,false,false,false,false
forward_poll_2026h2,CUBI-PE,2026-07,2026-07-24,2026-07-30,V3,ce4b4f22ded56510,ce4b4f22ded56510,false,none,0,false,false,false,false,false
forward_poll_2026h2,CULP,2026-07,2026-07-04,2026-07-04,V5,9b52ab6bdfae9518,9b52ab6bdfae9518,false,none,0,false,false,false,false,true
forward_poll_2026h2,CUPUF,2026-07,2026-08-01,2026-08-01,V3,d501f9caf7a92aaf,d501f9caf7a92aaf,false,none,0,,,false,,false
forward_poll_2026h2,CUPUF,2026-08,2026-08-01,2026-08-01,V3,d501f9caf7a92aaf,d501f9caf7a92aaf,false,none,0,,,false,,false
forward_poll_2026h2,CURB,2026-07,2026-07-28,2026-07-28,V5,0a59da823a3c01ca,7135d5f3e3c6cea3,true,down,"[0.25,1.00)",true,true,false,false,false
forward_poll_2026h2,CURN,2026-06,2026-06-10,2026-06-10,V3,6968d2bd8867e0eb,6968d2bd8867e0eb,false,none,0,true,true,false,false,false
forward_poll_2026h2,CURV,2026-06,2026-06-05,2026-06-07,V5,667fedcc3a660261,d9a6118e471a9806,true,down,"(0,0.01)",true,true,false,false,false
forward_poll_2026h2,CUTLF,2026-07,2026-07-29,2026-07-29,V3,67b570bb968ca234,67b570bb968ca234,false,none,0,true,true,false,false,false
forward_poll_2026h2,CUYTF,2026-06,2026-06-18,2026-06-18,V5,c10e697a23d84efd,c10e697a23d84efd,false,none,0,,,false,,true
forward_poll_2026h2,CUZ,2026-07,2026-07-30,2026-08-03,V3,16e64975128643fa,8eb9026644f35e66,true,down,"[0.25,1.00)",true,true,false,false,false
forward_poll_2026h2,CVAT,2026-06,2026-06-05,2026-06-05,V3,c75c18dcfd69bc95,c75c18dcfd69bc95,false,none,0,false,false,false,false,true
forward_poll_2026h2,CVBF,2026-07,2026-07-22,2026-07-23,V5,8458cf29bd3693f1,47c958ec85e2800d,true,down,"[0.05,0.25)",true,false,true,true,false
forward_poll_2026h2,CVCO,2026-07,2026-07-30,2026-08-02,V3,d288b93be7c5fef6,d288b93be7c5fef6,false,none,0,false,false,false,false,false
forward_poll_2026h2,CVE,2026-07,2026-07-29,2026-07-31,V3,2d52e3941798e4c2,2d52e3941798e4c2,false,none,0,false,false,false,false,false
forward_poll_2026h2,CVEO,2026-07,2026-07-30,2026-07-31,V5,5a0b1319ac5adb1b,5a0b1319ac5adb1b,false,none,0,true,true,false,false,false
forward_poll_2026h2,CVGI,2026-08,2026-08-03,2026-08-03,V5,66d2d52744a2aafa,66d2d52744a2aafa,false,none,0,false,false,false,false,false
forward_poll_2026h2,CVI,2026-07,2026-07-29,2026-07-31,V3,70dfa50dde72ca42,70dfa50dde72ca42,false,none,0,true,true,false,false,false
forward_poll_2026h2,CVLG,2026-07,2026-07-29,2026-07-31,V5,3e3d5c03b130ab3b,3e3d5c03b130ab3b,false,none,0,false,false,false,false,false
forward_poll_2026h2,CVLT,2026-07,2026-07-28,2026-07-29,V5,9d3cd6979db9f8b3,9d3cd6979db9f8b3,false,none,0,true,true,false,false,false
forward_poll_2026h2,CVNA,2026-07,2026-07-29,2026-07-31,V5,5595c8a514816cff,5595c8a514816cff,false,none,0,false,false,false,false,false
forward_poll_2026h2,CVVTF,2026-07,2026-08-03,2026-08-03,V3,16557ff37e3ce978,16557ff37e3ce978,false,none,0,,,false,,true
forward_poll_2026h2,CVX,2026-07,2026-07-31,2026-08-02,V5,4c988bb9fc89d6da,4c988bb9fc89d6da,false,none,0,false,false,false,false,false
forward_poll_2026h2,CWAFF,2026-06,2026-07-04,2026-07-04,V5,c17cc8053b02550a,c17cc8053b02550a,false,none,0,,,false,,true
forward_poll_2026h2,CWBC,2026-07,2026-07-23,2026-07-30,V5,58d0278f7db5596f,c15c59c9558c1f4f,true,down,"[0.25,1.00)",true,false,true,true,false
forward_poll_2026h2,CWBK,2026-07,2026-07-30,2026-07-30,V3,62274dc2f916c75b,62274dc2f916c75b,false,none,0,,,false,,false
forward_poll_2026h2,CWH,2026-07,2026-07-29,2026-07-31,V5,6768ef427adf1cb4,6768ef427adf1cb4,false,none,0,false,false,false,true,false
forward_poll_2026h2,CWLPF,2026-07,2026-07-11,2026-07-11,V5,73e0ab5b8c6e2e78,73e0ab5b8c6e2e78,false,none,0,,,false,,true
forward_poll_2026h2,CWQXF,2026-07,2026-07-15,2026-07-15,V3,315abf16714858f3,a20bce1a63a04fc0,true,down,"(0,0.01)",true,true,false,false,false
forward_poll_2026h2,CWQXY,2026-07,2026-07-15,2026-07-16,V3,82f131c5e2e20c6b,59a8241fcabb1612,true,down,"(0,0.01)",true,true,false,false,false
forward_poll_2026h2,CWT,2026-07,2026-07-30,2026-07-30,V3,b21a9170e1d2c2c5,b21a9170e1d2c2c5,false,none,0,true,true,false,false,false
forward_poll_2026h2,CX,2026-07,2026-07-23,2026-07-24,V5,581fbccb51b3c8ff,581fbccb51b3c8ff,false,none,0,false,false,false,false,false
forward_poll_2026h2,CXDO,2026-08,2026-08-04,2026-08-04,V5,1a2068c16c4a37e7,1a2068c16c4a37e7,false,none,0,true,true,false,false,false
forward_poll_2026h2,CXM,2026-06,2026-06-05,2026-06-05,V5,ca615aca7834e28d,ca615aca7834e28d,false,none,0,false,false,false,false,true
forward_poll_2026h2,CXMSF,2026-07,2026-07-24,2026-07-25,V3,215fe2a1463bf6eb,a3144bb487296434,true,down,"(0,0.01)",false,false,false,false,false
forward_poll_2026h2,CXXIF,2026-06,2026-06-13,2026-06-13,V5,b881f33f2806758a,b881f33f2806758a,false,none,0,,,false,,true
forward_poll_2026h2,CYATY,2026-07,2026-07-27,2026-07-30,V3,cb278a9a8487bef6,22f79beb567bfdb3,true,up,"(0,0.01)",false,false,false,false,true
forward_poll_2026h2,CYATY,2026-07,2026-07-26,2026-07-26,V3,cb278a9a8487bef6,cb278a9a8487bef6,false,none,0,false,false,false,false,true
forward_poll_2026h2,CYCN,2026-08,2026-08-05,2026-08-05,V3,e7967799ca7ad921,e7967799ca7ad921,false,none,0,true,true,false,false,false
forward_poll_2026h2,CYH,2026-07,2026-07-22,2026-07-28,V5,8f1dbd7514bc37b3,8f1dbd7514bc37b3,false,none,0,false,false,false,false,false
forward_poll_2026h2,CYJBF,2026-07,2026-07-23,2026-07-24,V3,ff1a9801dded87a7,ee9ea601e3435d31,true,up,"[0.05,0.25)",false,true,true,true,false
forward_poll_2026h2,CYJBY,2026-07,2026-07-23,2026-07-28,V3,a4859349e507d8ab,a4859349e507d8ab,false,none,0,true,true,false,false,false
forward_poll_2026h2,CYJBY,2026-07,2026-07-23,2026-07-23,V3,a4859349e507d8ab,a4859349e507d8ab,false,none,0,true,true,false,false,false
forward_poll_2026h2,CZFS,2026-07,2026-07-30,2026-07-30,V3,0d2bb1bad89a93b0,0d2bb1bad89a93b0,false,none,0,true,true,false,false,false
forward_poll_2026h2,CZNC,2026-07,2026-07-24,2026-07-28,V3,42581cedb33252c6,42581cedb33252c6,false,none,0,true,true,false,false,false
forward_poll_2026h2,CZR,2026-07,2026-07-28,2026-08-04,V5,6f706b10af06d8cc,6f706b10af06d8cc,false,none,0,false,false,false,false,false
forward_poll_2026h2,CZWI,2026-07,2026-07-27,2026-08-02,V5,c306d6d489a0c38a,c306d6d489a0c38a,false,none,0,false,false,false,false,false
forward_poll_2026h2,D,2026-07,2026-07-31,2026-08-02,V5,bdac477e9314914a,bdac477e9314914a,false,none,0,true,true,false,false,false
forward_poll_2026h2,DAC,2026-08,2026-08-03,2026-08-03,V3,10f96e8fbc43ce42,10f96e8fbc43ce42,false,none,0,true,true,false,false,false
forward_poll_2026h2,DACHF,2026-07,2026-07-31,2026-07-31,V3,b36979d99d8b6f87,b36979d99d8b6f87,false,none,0,true,true,false,false,false
forward_poll_2026h2,DAKT,2026-06,2026-06-23,2026-06-24,V5,49992e2b818c28bb,3cf2f5994e915f75,true,up,"[0.05,0.25)",false,true,true,true,false
forward_poll_2026h2,DAL,2026-07,2026-07-10,2026-07-11,V5,5ba417496fd7b0a9,f0e39c2d9f6bed07,true,up,"[0.25,1.00)",false,true,true,false,false
forward_poll_2026h2,DAL,2026-07,2026-07-10,2026-07-10,V5,5ba417496fd7b0a9,5ba417496fd7b0a9,false,none,0,false,false,false,false,false
forward_poll_2026h2,DALXF,2026-08,2026-08-04,2026-08-04,V3,f1837cd4d0f15c22,f1837cd4d0f15c22,false,none,0,true,true,false,false,false
forward_poll_2026h2,DANOY,2026-07,2026-07-29,2026-07-30,V3,1c07527228288f06,e617316ccc512f77,true,down,"(0,0.01)",false,false,false,false,false
forward_poll_2026h2,DAR,2026-07,2026-07-30,2026-08-02,V5,caa9e1beec1a1966,caa9e1beec1a1966,false,none,0,true,true,false,false,false
forward_poll_2026h2,DASTF,2026-07,2026-07-23,2026-07-23,V3,fb6c34348136468b,06fca9e7433a4eec,true,down,"(0,0.01)",true,true,false,false,false
forward_poll_2026h2,DASTY,2026-07,2026-07-23,2026-07-29,V3,c31a8b65851403f5,c31a8b65851403f5,false,none,0,true,true,false,false,false
forward_poll_2026h2,DB,2026-07,2026-07-29,2026-07-29,V3,4da8e0b0c31aa9a4,4da8e0b0c31aa9a4,false,none,0,false,false,false,false,false
forward_poll_2026h2,DBD,2026-07,2026-07-29,2026-07-29,V5,208505d81b37cc75,208505d81b37cc75,false,none,0,false,false,false,false,false
forward_poll_2026h2,DBI,2026-06,2026-06-09,2026-06-09,V3,5d5b52bcda12b4ac,5d5b52bcda12b4ac,false,none,0,true,true,false,false,false
forward_poll_2026h2,DBLVF,2026-07,2026-07-25,2026-07-25,V5,754de72e647c309f,754de72e647c309f,false,none,0,,,false,,true
forward_poll_2026h2,DBMBF,2026-07,2026-07-24,2026-07-24,V3,f0cbeb5c86b97af8,f0cbeb5c86b97af8,false,none,0,false,false,false,false,false
forward_poll_2026h2,DBMBF,2026-07,2026-07-26,2026-07-26,V3,f0cbeb5c86b97af8,f0cbeb5c86b97af8,false,none,0,false,false,false,false,false
forward_poll_2026h2,DBMM,2026-07,2026-07-19,2026-07-21,V5,60b1034bb4e95c2d,60b1034bb4e95c2d,false,none,0,,,false,,true
forward_poll_2026h2,DBOEF,2026-07,2026-07-23,2026-07-25,V3,2b3d576b452c80af,25301fa47698d5d9,true,up,"[0.25,1.00)",false,true,true,true,false
forward_poll_2026h2,DBOEY,2026-07,2026-07-22,2026-07-25,V3,76974a1159343969,6bb4156b8a412bab,true,down,"[0.01,0.05)",true,true,false,false,false
forward_poll_2026h2,DBOEY,2026-07,2026-07-23,2026-07-23,V3,2d4f721494b5b826,2d4f721494b5b826,false,none,0,false,false,false,false,false
forward_poll_2026h2,DBOXF,2026-06,2026-06-05,2026-06-05,V3,e4481b2f95c95168,e4481b2f95c95168,false,none,0,,,false,,true
forward_poll_2026h2,DBRG,2026-08,2026-08-04,2026-08-05,V5,054f778903e254d6,0a0028992f8b3c89,true,up,>=1.00,true,true,false,false,false
forward_poll_2026h2,DBRG-PH,2026-08,2026-08-05,2026-08-05,V3,a1a0d1b12bc0e510,a1a0d1b12bc0e510,false,none,0,true,true,false,false,false
forward_poll_2026h2,DBRG-PI,2026-08,2026-08-05,2026-08-05,V3,aa6162fdf1b636bc,aa6162fdf1b636bc,false,none,0,true,true,false,false,false
forward_poll_2026h2,DBRG-PJ,2026-08,2026-08-05,2026-08-05,V3,5451c51cad95f96d,5451c51cad95f96d,false,none,0,true,true,false,false,false
forward_poll_2026h2,DBVT,2026-07,2026-07-17,2026-07-23,V5,d8722edc2c2dfb6d,1498ed87eb0c9f0c,true,up,>=1.00,false,false,false,false,false
forward_poll_2026h2,DC-WT,2026-06,2026-06-05,2026-06-05,V3,616a2a93f43fe5e4,616a2a93f43fe5e4,false,none,0,false,false,false,false,true
forward_poll_2026h2,DCBG,2026-07,2026-07-23,2026-07-23,V5,5ff4e2e26e9d747b,5ff4e2e26e9d747b,false,none,0,false,false,false,false,false
forward_poll_2026h2,DCI,2026-06,2026-06-05,2026-06-05,V5,1e255fda45717a6a,1e255fda45717a6a,false,none,0,false,false,false,false,true
forward_poll_2026h2,DCOM,2026-07,2026-07-23,2026-07-23,V5,7416a6f7d1613b54,7416a6f7d1613b54,false,none,0,false,false,false,false,false
forward_poll_2026h2,DCOMG,2026-07,2026-07-23,2026-07-23,V3,785891705f4a1a92,785891705f4a1a92,false,none,0,false,false,false,false,false
forward_poll_2026h2,DCOMG,2026-07,2026-08-01,2026-08-01,V3,785891705f4a1a92,785891705f4a1a92,false,none,0,false,false,false,false,false
forward_poll_2026h2,DCSX,2026-06,2026-06-05,2026-06-05,V5,f7e89dd8cd62fa01,f7e89dd8cd62fa01,false,none,0,,,false,,true
forward_poll_2026h2,DD,2026-08,2026-08-04,2026-08-04,V5,17ba42b6e398d122,17ba42b6e398d122,false,none,0,false,false,false,false,false
forward_poll_2026h2,DDC,2026-06,2026-06-05,2026-06-05,V3,30e1d295f3e5e010,30e1d295f3e5e010,false,none,0,false,false,false,false,true
forward_poll_2026h2,DDD,2026-08,2026-08-03,2026-08-04,V5,54b78ee4ff1f294b,54b78ee4ff1f294b,false,none,0,true,true,false,false,false
forward_poll_2026h2,DDDX,2026-06,2026-06-24,2026-06-24,V5,dc1692e20423f888,dc1692e20423f888,false,none,0,,,false,,true
forward_poll_2026h2,DDT,2026-06,2026-06-06,2026-06-06,V5,71e39fa448cd3759,71e39fa448cd3759,false,none,0,,,false,,false
forward_poll_2026h2,DEA,2026-08,2026-08-03,2026-08-04,V5,f363796f99ddaae4,2b9d66d225dddf22,true,down,"[0.25,1.00)",true,false,true,false,false
forward_poll_2026h2,DECK,2026-07,2026-07-23,2026-07-30,V5,ca74e67e566e98cf,ca74e67e566e98cf,false,none,0,false,false,false,false,false
forward_poll_2026h2,DEDVF,2026-07,2026-07-30,2026-07-30,V3,1b754426592f9b6d,1b754426592f9b6d,false,none,0,false,false,false,false,false
forward_poll_2026h2,DEI,2026-08,2026-08-04,2026-08-04,V3,901bf542c11eb32e,3f18905b78b5f1fe,true,up,"[0.25,1.00)",true,true,false,false,false
forward_poll_2026h2,DEVS,2026-06,2026-06-16,2026-06-16,V5,a3a0829ecad63d23,a3a0829ecad63d23,false,none,0,,,false,,false
forward_poll_2026h2,DFH,2026-07,2026-07-30,2026-07-31,V5,745b40143271806f,745b40143271806f,false,none,0,false,false,false,false,false
forward_poll_2026h2,DFIFF,2026-05,2026-06-05,2026-06-05,V5,6305e828de68a1bc,6305e828de68a1bc,false,none,0,,,false,,true
forward_poll_2026h2,DFILF,2026-07,2026-07-31,2026-07-31,V5,b450409aa7c4fe70,b450409aa7c4fe70,false,none,0,,,false,,true
forward_poll_2026h2,DFIN,2026-07,2026-07-30,2026-08-02,V5,f162cc67be9eaba3,f162cc67be9eaba3,false,none,0,false,false,false,false,false
forward_poll_2026h2,DFMTF,2026-07,2026-07-31,2026-07-31,V3,be805607b8840265,be805607b8840265,false,none,0,,,false,,true
forward_poll_2026h2,DFORF,2026-07,2026-07-14,2026-07-14,V5,ca763605dd462c5f,ca763605dd462c5f,false,none,0,true,true,false,false,false
forward_poll_2026h2,DFRYF,2026-07,2026-07-30,2026-07-31,V3,31d586ef37a1fb66,31d586ef37a1fb66,false,none,0,false,false,false,false,false
forward_poll_2026h2,DG,2026-06,2026-06-05,2026-06-05,V5,90329ca411f963cf,90329ca411f963cf,false,none,0,false,false,false,false,true
forward_poll_2026h2,DGAC-UN,2026-07,2026-07-17,2026-07-17,V5,bc8ffad805d2a95c,bc8ffad805d2a95c,false,none,0,,,false,,true
forward_poll_2026h2,DGDCF,2026-06,2026-06-05,2026-06-05,V5,f1d4a95a5b978059,f1d4a95a5b978059,false,none,0,,,false,,true
forward_poll_2026h2,DGICA,2026-07,2026-07-30,2026-07-31,V3,4a5b5d2cb8cc6ab4,4a5b5d2cb8cc6ab4,false,none,0,true,true,false,false,false
forward_poll_2026h2,DGICB,2026-07,2026-07-30,2026-07-30,V3,3cdb0ba5fa8abc62,3cdb0ba5fa8abc62,false,none,0,true,true,false,false,false
forward_poll_2026h2,DGNOF,2026-06,2026-06-12,2026-06-13,V3,890e349df3d3b1a5,890e349df3d3b1a5,false,none,0,,false,false,,false
forward_poll_2026h2,DGNR,2026-07,2026-07-30,2026-07-30,V5,b8cc9c1844fa00f6,b8cc9c1844fa00f6,false,none,0,,,false,,false
forward_poll_2026h2,DGTHF,2026-06,2026-06-05,2026-06-05,V5,e3f2eec070b2745d,e3f2eec070b2745d,false,none,0,,,false,,false
forward_poll_2026h2,DGTHF,2026-06,2026-06-07,2026-06-07,V5,e3f2eec070b2745d,e3f2eec070b2745d,false,none,0,,,false,,false
forward_poll_2026h2,DGTHF,2026-06,2026-06-09,2026-06-09,V5,e3f2eec070b2745d,e3f2eec070b2745d,false,none,0,,,false,,false
forward_poll_2026h2,DGTHF,2026-06,2026-06-10,2026-06-10,V5,e3f2eec070b2745d,e3f2eec070b2745d,false,none,0,,,false,,false
forward_poll_2026h2,DGTHF,2026-06,2026-06-11,2026-06-11,V5,e3f2eec070b2745d,e3f2eec070b2745d,false,none,0,,,false,,false
forward_poll_2026h2,DGTHF,2026-06,2026-06-14,2026-06-14,V5,e3f2eec070b2745d,e3f2eec070b2745d,false,none,0,,,false,,false
forward_poll_2026h2,DGTHF,2026-06,2026-06-16,2026-06-16,V5,e3f2eec070b2745d,e3f2eec070b2745d,false,none,0,,,false,,false
forward_poll_2026h2,DGTHF,2026-06,2026-06-17,2026-06-17,V5,e3f2eec070b2745d,e3f2eec070b2745d,false,none,0,,,false,,false
forward_poll_2026h2,DGTHF,2026-06,2026-06-18,2026-06-18,V5,e3f2eec070b2745d,e3f2eec070b2745d,false,none,0,,,false,,false
forward_poll_2026h2,DGTHF,2026-06,2026-06-21,2026-06-21,V5,e3f2eec070b2745d,e3f2eec070b2745d,false,none,0,,,false,,false
forward_poll_2026h2,DGTHF,2026-06,2026-06-23,2026-06-23,V5,e3f2eec070b2745d,e3f2eec070b2745d,false,none,0,,,false,,false
forward_poll_2026h2,DGTHF,2026-06,2026-06-24,2026-06-24,V5,e3f2eec070b2745d,e3f2eec070b2745d,false,none,0,,,false,,false
forward_poll_2026h2,DGTHF,2026-06,2026-06-25,2026-06-25,V5,e3f2eec070b2745d,e3f2eec070b2745d,false,none,0,,,false,,false
forward_poll_2026h2,DGTHF,2026-07,2026-07-05,2026-07-05,V5,e3f2eec070b2745d,e3f2eec070b2745d,false,none,0,,,false,,false
forward_poll_2026h2,DGTHF,2026-07,2026-07-07,2026-07-07,V5,e3f2eec070b2745d,e3f2eec070b2745d,false,none,0,,,false,,false
forward_poll_2026h2,DGTHF,2026-07,2026-07-08,2026-07-08,V5,e3f2eec070b2745d,e3f2eec070b2745d,false,none,0,,,false,,false
forward_poll_2026h2,DGTHF,2026-07,2026-07-12,2026-07-12,V5,e3f2eec070b2745d,e3f2eec070b2745d,false,none,0,,,false,,false
forward_poll_2026h2,DGTHF,2026-07,2026-07-14,2026-07-14,V5,e3f2eec070b2745d,e3f2eec070b2745d,false,none,0,,,false,,false
forward_poll_2026h2,DGTHF,2026-07,2026-07-15,2026-07-15,V5,e3f2eec070b2745d,e3f2eec070b2745d,false,none,0,,,false,,false
forward_poll_2026h2,DGTHF,2026-07,2026-07-16,2026-07-16,V5,e3f2eec070b2745d,e3f2eec070b2745d,false,none,0,,,false,,false
forward_poll_2026h2,DGTHF,2026-07,2026-07-20,2026-07-20,V5,e3f2eec070b2745d,e3f2eec070b2745d,false,none,0,,,false,,false
forward_poll_2026h2,DGTHF,2026-07,2026-07-21,2026-07-21,V5,e3f2eec070b2745d,e3f2eec070b2745d,false,none,0,,,false,,false
forward_poll_2026h2,DGTHF,2026-07,2026-07-22,2026-07-22,V5,e3f2eec070b2745d,e3f2eec070b2745d,false,none,0,,,false,,false
forward_poll_2026h2,DGTHF,2026-07,2026-07-23,2026-07-23,V5,e3f2eec070b2745d,e3f2eec070b2745d,false,none,0,,,false,,false
forward_poll_2026h2,DGTHF,2026-07,2026-07-26,2026-07-26,V5,e3f2eec070b2745d,e3f2eec070b2745d,false,none,0,,,false,,false
forward_poll_2026h2,DGTHF,2026-07,2026-07-28,2026-07-28,V5,e3f2eec070b2745d,e3f2eec070b2745d,false,none,0,,,false,,false
forward_poll_2026h2,DGTHF,2026-07,2026-07-29,2026-07-29,V5,e3f2eec070b2745d,e3f2eec070b2745d,false,none,0,,,false,,false
forward_poll_2026h2,DGTHF,2026-07,2026-07-30,2026-07-30,V5,e3f2eec070b2745d,e3f2eec070b2745d,false,none,0,,,false,,false
forward_poll_2026h2,DGTHF,2026-08,2026-08-03,2026-08-03,V5,e3f2eec070b2745d,e3f2eec070b2745d,false,none,0,,,false,,false
forward_poll_2026h2,DGWPF,2026-07,2026-08-01,2026-08-02,V3,ef3eeee1c0fc0bef,caa0595d7bfaed08,true,up,"[0.01,0.05)",,false,false,,true
forward_poll_2026h2,DGX,2026-07,2026-07-23,2026-07-30,V5,9514d56d56b532bb,9514d56d56b532bb,false,none,0,true,true,false,false,false
forward_poll_2026h2,DHBUF,2026-06,2026-06-05,2026-06-05,V5,ab42a7add945ca4e,ab42a7add945ca4e,false,none,0,,,false,,true
forward_poll_2026h2,DHC,2026-08,2026-08-03,2026-08-04,V3,243e169e0cab2220,38874b0b196ded5d,true,down,"[0.25,1.00)",true,false,true,true,false
forward_poll_2026h2,DHCNL,2026-08,2026-08-03,2026-08-04,V3,022d01e52af852c2,5e5a45131a07706f,true,down,"[0.25,1.00)",true,false,true,true,false
forward_poll_2026h2,DHI,2026-07,2026-07-21,2026-07-23,V5,65bc3527d9896cb2,65bc3527d9896cb2,false,none,0,false,false,false,false,false
forward_poll_2026h2,DHLGY,2026-08,2026-08-05,2026-08-05,V3,f46dce4dc39cc299,f46dce4dc39cc299,false,none,0,true,true,false,false,false
forward_poll_2026h2,DHR,2026-07,2026-07-21,2026-07-23,V5,df7866c7e3227d73,df7866c7e3227d73,false,none,0,false,false,false,false,false
forward_poll_2026h2,DIDAF,2026-07,2026-08-01,2026-08-02,V5,085c2a8af7094fd5,bea565e46c52839c,true,up,"(0,0.01)",true,true,false,false,true
forward_poll_2026h2,DIDIY,2026-06,2026-06-05,2026-06-05,V3,80c587e5645f4bcd,80c587e5645f4bcd,false,none,0,true,true,false,false,true
forward_poll_2026h2,DIFTY,2026-07,2026-07-31,2026-07-31,V5,fa0cb845683653d2,fa0cb845683653d2,false,none,0,,,false,,false
forward_poll_2026h2,DIMC,2026-07,2026-07-23,2026-07-24,V5,f61083e0b58ec09b,f61083e0b58ec09b,false,none,0,,,false,,false
forward_poll_2026h2,DINO,2026-07,2026-07-28,2026-08-04,V5,60e3643ef2db9725,60e3643ef2db9725,false,none,0,true,true,false,false,false
forward_poll_2026h2,DINRF,2026-07,2026-07-28,2026-07-29,V5,b6764ef5ae8d55bf,b6764ef5ae8d55bf,false,none,0,false,false,false,false,false
forward_poll_2026h2,DISPF,2026-07,2026-07-24,2026-07-24,V3,1c485ddb601dbba9,1c485ddb601dbba9,false,none,0,false,false,false,false,false
forward_poll_2026h2,DITTF,2026-07,2026-07-31,2026-07-31,V3,2eb0b51b5d5e3b71,d963d5affa17a929,true,down,"(0,0.01)",false,false,false,false,false
forward_poll_2026h2,DKILF,2026-08,2026-08-04,2026-08-04,V3,6dd014ba0a0efc3b,6dd014ba0a0efc3b,false,none,0,false,false,false,false,false
forward_poll_2026h2,DKILY,2026-08,2026-08-04,2026-08-04,V3,aee912f5e7a705ee,aee912f5e7a705ee,false,none,0,true,true,false,false,false
forward_poll_2026h2,DLAKF,2026-08,2026-08-04,2026-08-04,V3,36ac14f6f5bd428d,b088f14f4a94ac04,true,down,"[0.05,0.25)",true,false,true,true,false
forward_poll_2026h2,DLAKY,2026-08,2026-08-04,2026-08-04,V3,e1393a7a85facf80,e1393a7a85facf80,false,none,0,false,false,false,false,false
forward_poll_2026h2,DLB,2026-07,2026-07-30,2026-07-31,V3,3ec07ce1acf6f712,3ec07ce1acf6f712,false,none,0,true,true,false,false,false
forward_poll_2026h2,DLHC,2026-07,2026-07-29,2026-07-31,V3,d5b5e357b81ee024,1c5d09475c91097f,true,down,"[0.25,1.00)",false,false,false,false,false
forward_poll_2026h2,DLMAF,2026-06,2026-06-11,2026-06-17,V5,695c4ec6781c18da,95def47a16b42287,true,down,"[0.01,0.05)",true,false,true,false,false
forward_poll_2026h2,DLNG,2026-05,2026-06-05,2026-06-05,V3,1c1bdfd3f2f4b39e,1c1bdfd3f2f4b39e,false,none,0,false,false,false,false,true
forward_poll_2026h2,DLNG-PA,2026-05,2026-06-05,2026-06-05,V3,c7338d31b093101f,c7338d31b093101f,false,none,0,false,false,false,false,true
forward_poll_2026h2,DLR,2026-07,2026-07-23,2026-07-26,V5,43183cc99f63dcd6,fab86a12dddccfda,true,down,"[0.25,1.00)",true,true,false,false,false
forward_poll_2026h2,DLR-PJ,2026-07,2026-07-24,2026-07-24,V3,59c1fc4ac89d13dd,59c1fc4ac89d13dd,false,none,0,true,true,false,false,false
forward_poll_2026h2,DLR-PK,2026-07,2026-07-23,2026-07-24,V3,5b5ca5f88f0d28fd,5b5ca5f88f0d28fd,false,none,0,true,true,false,false,false
forward_poll_2026h2,DLR-PL,2026-07,2026-07-23,2026-07-24,V3,949ab4c382f3225c,949ab4c382f3225c,false,none,0,true,true,false,false,false
forward_poll_2026h2,DLTH,2026-06,2026-06-08,2026-06-15,V3,c5b83adf1bd37cfd,c5b83adf1bd37cfd,false,none,0,true,true,false,false,false
forward_poll_2026h2,DMC,2026-07,2026-07-29,2026-07-29,V3,e41effe443e1226d,e41effe443e1226d,false,none,0,true,true,false,false,false
forward_poll_2026h2,DMCOF,2026-07,2026-08-01,2026-08-01,V3,38afeef7a69075b6,054a76173a40e6c1,true,down,"[0.01,0.05)",true,false,true,true,true
forward_poll_2026h2,DMCUF,2026-06,2026-06-05,2026-06-05,V5,1658dde0f48741af,1658dde0f48741af,false,none,0,,,false,,true
forward_poll_2026h2,DMPZF,2026-08,2026-08-04,2026-08-04,V5,53becd3bbf900fc3,53becd3bbf900fc3,false,none,0,,,false,,false
forward_poll_2026h2,DMTRF,2026-06,2026-06-11,2026-06-11,V5,c13d38165ea08d71,83171dd34aaf9720,true,down,"(0,0.01)",,,false,,false
forward_poll_2026h2,DNBBF,2026-07,2026-07-14,2026-07-20,V3,c41aabcd12296c55,55970fe6ad59d30c,true,down,"(0,0.01)",false,false,false,false,false
forward_poll_2026h2,DNBBY,2026-07,2026-07-14,2026-07-20,V3,071f71f23459eb3b,e15034165cc38ab0,true,up,"[0.01,0.05)",false,true,true,true,false
forward_poll_2026h2,DNDDF,2026-06,2026-06-05,2026-06-05,V5,c93e6ba465ef825c,c93e6ba465ef825c,false,none,0,,,false,,true
forward_poll_2026h2,DNKEY,2026-07,2026-07-17,2026-07-20,V3,a7e3e1e7f0499ff2,27a406ff9f37f38e,true,up,"(0,0.01)",true,true,false,false,false
forward_poll_2026h2,DNPUF,2026-07,2026-08-01,2026-08-01,V3,419a57fd9905049c,419a57fd9905049c,false,none,0,true,true,false,false,false
forward_poll_2026h2,DNSKF,2026-07,2026-07-17,2026-07-20,V3,84d714ca13d0890f,84d714ca13d0890f,false,none,0,true,true,false,false,false
forward_poll_2026h2,DNZOF,2026-07,2026-07-31,2026-07-31,V3,621ab554d67ba501,621ab554d67ba501,false,none,0,false,false,false,false,false
forward_poll_2026h2,DNZOY,2026-07,2026-07-31,2026-07-31,V3,0ed76d95799a9739,114684dda1613386,true,down,"(0,0.01)",false,false,false,false,false
forward_poll_2026h2,DOC,2026-08,2026-08-04,2026-08-05,V5,eeb9032537f445fe,124339da81375926,true,down,"[0.25,1.00)",true,true,false,false,false
forward_poll_2026h2,DOCN,2026-08,2026-08-04,2026-08-04,V5,79cec59843dd30d4,79cec59843dd30d4,false,none,0,true,true,false,false,false
forward_poll_2026h2,DOCU,2026-06,2026-06-05,2026-06-10,V5,dad2574d14c545e8,5076adc46bb26896,true,up,"[0.25,1.00)",false,false,false,true,false
forward_poll_2026h2,DOMO,2026-06,2026-06-15,2026-06-18,V5,315d26fbbb48d69c,315d26fbbb48d69c,false,none,0,false,false,false,false,false
forward_poll_2026h2,DORM,2026-08,2026-08-03,2026-08-03,V5,98b70589d4c6baa7,98b70589d4c6baa7,false,none,0,true,true,false,false,false
forward_poll_2026h2,DOV,2026-07,2026-07-23,2026-07-26,V5,c374109c8fdb47e2,c374109c8fdb47e2,false,none,0,false,false,false,false,false
forward_poll_2026h2,DOW,2026-07,2026-07-23,2026-07-26,V5,64d70b8a598a13cf,64d70b8a598a13cf,false,none,0,true,true,false,false,false
forward_poll_2026h2,DPMLF,2026-07,2026-07-30,2026-08-04,V3,09b41521b48652be,09b41521b48652be,false,none,0,true,true,false,false,false
forward_poll_2026h2,DPZ,2026-07,2026-07-20,2026-07-27,V5,408abe67e46c3a6c,408abe67e46c3a6c,false,none,0,false,false,false,false,false
forward_poll_2026h2,DRH,2026-07,2026-07-30,2026-07-31,V5,78d80c628cde8516,78d80c628cde8516,false,none,0,true,true,false,false,false
forward_poll_2026h2,DRI,2026-06,2026-06-25,2026-06-25,V5,c71dbb97dd4d5951,c71dbb97dd4d5951,false,none,0,false,false,false,false,false
forward_poll_2026h2,DRKOF,2026-06,2026-06-13,2026-06-13,V3,84929626ac8ea144,84929626ac8ea144,false,none,0,true,true,false,false,true
forward_poll_2026h2,DRPRF,2026-07,2026-07-29,2026-07-30,V3,ab529fe21429b0d7,0a116067c7095236,true,up,"[0.25,1.00)",true,true,false,false,false
forward_poll_2026h2,DRPRY,2026-07,2026-07-29,2026-07-30,V3,3dc6dd9b1ba26dcd,26037eb8cb269de3,true,up,"[0.01,0.05)",true,true,false,false,false
forward_poll_2026h2,DRS,2026-07,2026-07-30,2026-07-31,V5,f63273f8d9a19a4b,f63273f8d9a19a4b,false,none,0,true,true,false,false,false
forward_poll_2026h2,DRTGF,2026-07,2026-07-10,2026-07-10,V3,b42a2cca740cff2b,b42a2cca740cff2b,false,none,0,,,false,,true
forward_poll_2026h2,DRTTF,2026-07,2026-07-29,2026-07-29,V5,498fce7ccc9befc7,498fce7ccc9befc7,false,none,0,,,false,,false
forward_poll_2026h2,DRVN,2026-06,2026-06-11,2026-06-15,V5,b70b1737c0335f81,b70b1737c0335f81,false,none,0,true,true,false,false,false
forward_poll_2026h2,DRWKF,2026-07,2026-08-01,2026-08-02,V3,ac8746cd381620c1,a4795c5d5d85037e,true,up,"[0.01,0.05)",false,false,false,false,true
forward_poll_2026h2,DRXGF,2026-07,2026-08-03,2026-08-03,V5,d870929ce3255971,d870929ce3255971,false,none,0,,,false,,true
forward_poll_2026h2,DSDVF,2026-07,2026-07-22,2026-07-22,V3,4b23ed190425c8c1,4b23ed190425c8c1,false,none,0,false,false,false,false,false
forward_poll_2026h2,DSDVY,2026-07,2026-07-22,2026-07-22,V3,b2f873188d661bf1,731140b12f0e0d88,true,up,"[0.25,1.00)",false,false,false,false,false
forward_poll_2026h2,DSECF,2026-08,2026-08-03,2026-08-03,V3,7b30617c0ef73bac,f79bd76d4dc75add,true,down,"(0,0.01)",true,true,false,false,false
forward_poll_2026h2,DSEEY,2026-08,2026-08-03,2026-08-03,V3,5b45383457f776a6,af3d6f527dd0d142,true,down,"(0,0.01)",true,true,false,false,false
forward_poll_2026h2,DSGN,2026-08,2026-08-03,2026-08-04,V3,3b860c960284e689,3b860c960284e689,false,none,0,true,true,false,false,false
forward_poll_2026h2,DSGX,2026-06,2026-06-05,2026-06-10,V3,3c74c44ca11c0040,5603f8f089243fb0,true,up,"[0.05,0.25)",false,true,true,true,true
forward_poll_2026h2,DSITF,2026-07,2026-07-04,2026-07-04,V5,eb721375a6ba8484,eb721375a6ba8484,false,none,0,,,false,,true
forward_poll_2026h2,DSKIF,2026-07,2026-07-04,2026-07-04,V5,c688694339c57e0a,c688694339c57e0a,false,none,0,,,false,,true
forward_poll_2026h2,DSKYF,2026-07,2026-07-31,2026-08-01,V3,a4781e48444579e5,a4781e48444579e5,false,none,0,false,false,false,false,false
forward_poll_2026h2,DSNKY,2026-07,2026-07-31,2026-08-01,V3,3d340ded18c6c21d,1c0d4ee0cdbbe2a2,true,up,"(0,0.01)",false,false,false,false,false
forward_poll_2026h2,DSNY,2026-07,2026-07-14,2026-07-14,V5,20f68f38cf49be54,20f68f38cf49be54,false,none,0,,,false,,false
forward_poll_2026h2,DSRLF,2026-07,2026-08-01,2026-08-01,V3,86a2f14d28513ce7,86a2f14d28513ce7,false,none,0,true,true,false,false,false
forward_poll_2026h2,DSWL,2026-06,2026-06-18,2026-06-18,V5,12a3cba10576ea96,12a3cba10576ea96,false,none,0,,,false,,false
forward_poll_2026h2,DSX,2026-07,2026-07-30,2026-07-30,V3,1688067cb24ed256,1688067cb24ed256,false,none,0,true,true,false,false,false
forward_poll_2026h2,DSX-PB,2026-07,2026-07-30,2026-07-30,V3,c1364b506a8dab4e,c1364b506a8dab4e,false,none,0,true,true,false,false,false
forward_poll_2026h2,DTB,2026-07,2026-07-28,2026-07-28,V3,15fbf2e7cbd87b98,15fbf2e7cbd87b98,false,none,0,true,true,false,false,false
forward_poll_2026h2,DTCGF,2026-07,2026-07-15,2026-07-17,V3,fefa5ba9ff82e5ce,aad5b2bdf3ebbd75,true,down,"[0.01,0.05)",true,false,true,true,false
forward_poll_2026h2,DTE,2026-07,2026-07-28,2026-08-04,V5,567c399fce12d1f1,567c399fce12d1f1,false,none,0,true,true,false,false,false
forward_poll_2026h2,DTG,2026-07,2026-07-28,2026-07-28,V3,0ae920c70380b31e,0ae920c70380b31e,false,none,0,true,true,false,false,false
forward_poll_2026h2,DTGI,2026-06,2026-06-17,2026-06-19,V3,fc458f100ddb111c,5b986d04120679b5,true,down,"(0,0.01)",,true,false,,false
forward_poll_2026h2,DTK,2026-07,2026-07-28,2026-07-28,V5,a2b1f4cd8d196080,a2b1f4cd8d196080,false,none,0,true,true,false,false,false
forward_poll_2026h2,DTLIF,2026-06,2026-06-10,2026-06-10,V3,54417069855e1928,54417069855e1928,false,none,0,false,false,false,false,false
forward_poll_2026h2,DTM,2026-07,2026-07-30,2026-08-02,V5,95a95af08e84caf9,95a95af08e84caf9,false,none,0,false,false,false,false,false
forward_poll_2026h2,DTMXF,2026-07,2026-08-01,2026-08-01,V5,a2131673e961d5ee,a2131673e961d5ee,false,none,0,,,false,,true
forward_poll_2026h2,DTSOF,2026-07,2026-07-31,2026-07-31,V5,299c9f57847f176c,299c9f57847f176c,false,none,0,,,false,,false
forward_poll_2026h2,DTW,2026-07,2026-07-28,2026-07-28,V3,267de4033588c433,267de4033588c433,false,none,0,true,true,false,false,false
forward_poll_2026h2,DUAVF,2026-07,2026-07-23,2026-07-23,V5,8960e66f2ca0ca75,8960e66f2ca0ca75,false,none,0,true,true,false,false,true
forward_poll_2026h2,DUFRY,2026-07,2026-08-02,2026-08-02,V5,49e0f9fa9d35abec,cb45d969063b43ff,true,down,"[0.05,0.25)",,,false,,true
forward_poll_2026h2,DUK,2026-08,2026-08-04,2026-08-04,V5,0bc0ee3791f44de8,0bc0ee3791f44de8,false,none,0,false,false,false,false,false
forward_poll_2026h2,DUK-PA,2026-08,2026-08-04,2026-08-04,V3,454ec22f43006d6b,454ec22f43006d6b,false,none,0,true,true,false,false,false
forward_poll_2026h2,DUKB,2026-08,2026-08-04,2026-08-04,V3,a38c3031dec1a551,a38c3031dec1a551,false,none,0,true,true,false,false,false
forward_poll_2026h2,DUSXF,2026-07,2026-07-04,2026-07-04,V3,4480be9beaa3d4ec,4480be9beaa3d4ec,false,none,0,true,true,false,false,true
forward_poll_2026h2,DVA,2026-08,2026-08-04,2026-08-04,V5,85a4d96b4adf50d9,85a4d96b4adf50d9,false,none,0,false,false,false,false,false
forward_poll_2026h2,DVDCF,2026-07,2026-07-30,2026-07-31,V3,324800a5088694f7,eed63cfb83e72386,true,up,"[0.25,1.00)",false,false,false,false,false
forward_poll_2026h2,DVHGF,2026-06,2026-07-04,2026-07-04,V5,615284262ebde957,615284262ebde957,false,none,0,,,false,,true
forward_poll_2026h2,DVN,2026-08,2026-08-04,2026-08-04,V5,282438406d5d5fd8,282438406d5d5fd8,false,none,0,true,true,false,false,false
forward_poll_2026h2,DWWEF,2026-07,2026-07-25,2026-07-25,V3,28389c3b5f1947c2,28389c3b5f1947c2,false,none,0,false,false,false,false,false
forward_poll_2026h2,DWWEF,2026-07,2026-07-30,2026-07-30,V3,b0e342ce0941ca84,b0e342ce0941ca84,false,none,0,false,false,false,false,true
forward_poll_2026h2,DX,2026-07,2026-07-20,2026-07-21,V3,3896cf1ca5286694,9fcdb600d5241549,true,up,"[0.25,1.00)",false,true,true,true,false
forward_poll_2026h2,DX-PC,2026-07,2026-07-20,2026-07-21,V3,a35803ea6412594a,427348f32688d97b,true,down,"[0.25,1.00)",true,false,true,true,false
forward_poll_2026h2,DXC,2026-07,2026-07-30,2026-07-31,V5,915e356fab12009f,915e356fab12009f,false,none,0,false,false,false,false,false
forward_poll_2026h2,DXCM,2026-07,2026-07-30,2026-08-02,V5,b4a650c38f57737a,b4a650c38f57737a,false,none,0,true,true,false,false,false
forward_poll_2026h2,DXLG,2026-06,2026-06-05,2026-06-05,V5,23ca5f186d2d2f39,23ca5f186d2d2f39,false,none,0,false,false,false,false,true
forward_poll_2026h2,DYN,2026-07,2026-07-29,2026-08-01,V5,a5f433ee3052ecf4,a5f433ee3052ecf4,false,none,0,false,false,false,false,false
forward_poll_2026h2,E,2026-07,2026-07-29,2026-07-30,V3,b0db93689c63ae5b,b0db93689c63ae5b,false,none,0,true,true,false,false,false
forward_poll_2026h2,EA,2026-08,2026-08-04,2026-08-05,V5,d91058466321235e,d91058466321235e,false,none,0,false,false,false,false,false
forward_poll_2026h2,EA,2026-08,2026-08-04,2026-08-04,V5,af50e5d5ed9c854b,d91058466321235e,true,down,>=1.00,true,false,true,true,false
forward_poll_2026h2,EAATF,2026-06,2026-06-05,2026-06-05,V5,d8fc114a51cb154a,d8fc114a51cb154a,false,none,0,,,false,,true
forward_poll_2026h2,EACO,2026-07,2026-07-04,2026-07-04,V5,eee8271b7e93f3b0,eee8271b7e93f3b0,false,none,0,,,false,,true
forward_poll_2026h2,EADSF,2026-07,2026-07-29,2026-07-31,V3,0a84395494e7416d,c5e56d7507591274,true,up,"[0.25,1.00)",false,true,true,false,false
forward_poll_2026h2,EADSY,2026-07,2026-07-29,2026-08-01,V3,a724fe805ad35ca3,de85b9cea7ac4fa7,true,up,"[0.01,0.05)",true,true,false,false,false
forward_poll_2026h2,EAF,2026-07,2026-07-24,2026-07-24,V5,ee8d856037ddab63,ee8d856037ddab63,false,none,0,false,false,false,false,false
forward_poll_2026h2,EAPIF,2026-07,2026-07-31,2026-07-31,V5,b7a48649366729e2,b7a48649366729e2,false,none,0,,,false,,true
forward_poll_2026h2,EBBGF,2026-07,2026-07-31,2026-07-31,V3,7c2a24c2044abffd,7c2a24c2044abffd,false,none,0,true,true,false,false,false
forward_poll_2026h2,EBBNF,2026-07,2026-07-31,2026-07-31,V3,49e194fa8bddb799,49e194fa8bddb799,false,none,0,true,true,false,false,false
forward_poll_2026h2,EBC,2026-07,2026-07-23,2026-07-30,V5,6906c17d6f64b7d1,6906c17d6f64b7d1,false,none,0,false,false,false,false,false
forward_poll_2026h2,EBF,2026-06,2026-06-22,2026-06-22,V3,7e0fce058225be0f,7e0fce058225be0f,false,none,0,false,false,false,false,false
forward_poll_2026h2,EBGEF,2026-07,2026-07-31,2026-07-31,V3,521c1bfc8f172439,521c1bfc8f172439,false,none,0,true,true,false,false,false
forward_poll_2026h2,EBKDY,2026-07,2026-07-30,2026-07-30,V3,937475466efaf81b,937475466efaf81b,false,none,0,false,false,false,false,false
forward_poll_2026h2,EBKOF,2026-07,2026-07-30,2026-07-30,V3,cfb1d6299396ef70,49c3c145c9838794,true,up,"[0.01,0.05)",true,false,true,false,false
forward_poll_2026h2,EBMT,2026-07,2026-07-28,2026-07-28,V5,5c06c21ca3c6dd80,5c06c21ca3c6dd80,false,none,0,false,false,false,false,false
forward_poll_2026h2,EBRGF,2026-07,2026-07-31,2026-07-31,V3,8931c6779e05a9a5,8931c6779e05a9a5,false,none,0,true,true,false,false,false
forward_poll_2026h2,EBRPF,2026-07,2026-08-03,2026-08-03,V5,8c4170b217ed9516,8c4170b217ed9516,false,none,0,,,false,,true
forward_poll_2026h2,EBRZF,2026-07,2026-07-31,2026-07-31,V3,855ea4934af29bb5,855ea4934af29bb5,false,none,0,true,true,false,false,false
forward_poll_2026h2,EC,2026-08,2026-08-04,2026-08-04,V5,dcab40276cebd3ee,de2600eaaf6d999c,true,up,"[0.25,1.00)",false,true,true,true,false
forward_poll_2026h2,ECAOF,2026-07,2026-07-25,2026-07-25,V5,9c007ca6d41b7ca5,9c007ca6d41b7ca5,false,none,0,,,false,,true
forward_poll_2026h2,ECBK,2026-07,2026-07-23,2026-07-23,V5,01f128a08a0ba26c,01f128a08a0ba26c,false,none,0,,,false,,false
forward_poll_2026h2,ECG,2026-08,2026-08-04,2026-08-04,V5,5dea7500ecec20d0,5dea7500ecec20d0,false,none,0,true,true,false,false,false
forward_poll_2026h2,ECHO,2026-08,2026-08-03,2026-08-03,V5,afc1fcc54bb72821,ef26a4b789f296ed,true,up,>=1.00,true,true,false,false,false
forward_poll_2026h2,ECL,2026-07,2026-07-28,2026-08-04,V5,753b5c09c9f98aa4,753b5c09c9f98aa4,false,none,0,false,false,false,false,false
forward_poll_2026h2,ECO,2026-08,2026-08-04,2026-08-04,V3,c2dfde3ceee75a3c,c2dfde3ceee75a3c,false,none,0,true,true,false,false,false
forward_poll_2026h2,ECSNF,2026-07,2026-07-30,2026-08-01,V3,a4126460a436cf69,cf7136329ec22107,true,up,"(0,0.01)",,,false,,true
forward_poll_2026h2,ECTXF,2026-07,2026-07-23,2026-07-23,V3,155065699aed6719,a159becce822c474,true,down,"(0,0.01)",false,true,true,false,false
forward_poll_2026h2,ECVT,2026-08,2026-08-05,2026-08-05,V3,e23ff674e779b667,e23ff674e779b667,false,none,0,true,true,false,false,false
forward_poll_2026h2,EDNMF,2026-07,2026-07-24,2026-07-24,V5,f79647f21852e047,f79647f21852e047,false,none,0,false,false,false,false,true
forward_poll_2026h2,EDNMF,2026-07,2026-07-24,2026-07-24,V5,28b88cc86a62eb5a,28b88cc86a62eb5a,false,none,0,false,false,false,false,false
forward_poll_2026h2,EDNMF,2026-07,2026-07-24,2026-07-24,V5,f79647f21852e047,f79647f21852e047,false,none,0,false,false,false,false,false
forward_poll_2026h2,EDPFY,2026-07,2026-07-29,2026-07-31,V3,7737b15fd6217ab0,cdfd4271946dda83,true,up,"[0.05,0.25)",false,true,true,true,false
forward_poll_2026h2,EDRVF,2026-07,2026-07-30,2026-07-31,V3,a74bf6be3c6f8296,442aa9f5aaae89f6,true,down,"(0,0.01)",true,true,false,false,false
forward_poll_2026h2,EDRVY,2026-07,2026-07-30,2026-07-31,V3,2e624a1091833b29,cd95fdee5b1afe67,true,down,"(0,0.01)",true,true,false,false,true
forward_poll_2026h2,EDU,2026-07,2026-07-29,2026-08-02,V3,c0d4dc07f8412bc6,c0d4dc07f8412bc6,false,none,0,false,false,false,false,false
forward_poll_2026h2,EDUC,2026-07,2026-07-10,2026-07-10,V3,8e964fbe796945d1,8e964fbe796945d1,false,none,0,false,false,false,false,false
forward_poll_2026h2,EDVMF,2026-07,2026-07-30,2026-07-30,V3,8bd8d46e08946e67,8bd8d46e08946e67,false,none,0,true,true,false,false,false
forward_poll_2026h2,EEFT,2026-07,2026-07-30,2026-08-02,V5,bf5ad9929a2402c4,bf5ad9929a2402c4,false,none,0,false,false,false,false,false
forward_poll_2026h2,EFGIF,2026-07,2026-07-23,2026-07-24,V3,41a83c2789c5a3b8,41a83c2789c5a3b8,false,none,0,false,false,false,false,false
forward_poll_2026h2,EFOR,2026-07,2026-07-29,2026-08-01,V5,bedccca2337dfe6f,bedccca2337dfe6f,false,none,0,true,true,false,false,false
forward_poll_2026h2,EFSC,2026-07,2026-07-22,2026-07-24,V5,3a49306a58f20330,3a49306a58f20330,false,none,0,false,false,false,false,false
forward_poll_2026h2,EFSCP,2026-07,2026-07-22,2026-07-24,V3,0c56cf0156307903,0c56cf0156307903,false,none,0,false,false,false,false,false
forward_poll_2026h2,EFSI,2026-07,2026-07-23,2026-07-24,V3,0dea8069cb12d8cf,0dea8069cb12d8cf,false,none,0,false,false,false,false,false
forward_poll_2026h2,EFX,2026-07,2026-07-21,2026-07-24,V5,ff33340f6fcef234,ff33340f6fcef234,false,none,0,false,false,false,false,false
forward_poll_2026h2,EG,2026-07,2026-07-29,2026-07-30,V5,2a65444ad699fb7b,2a65444ad699fb7b,false,none,0,false,false,false,false,false
forward_poll_2026h2,EGBN,2026-07,2026-07-22,2026-07-24,V5,0fb03144051f078f,0fb03144051f078f,false,none,0,false,false,false,false,false
forward_poll_2026h2,EGHSF,2026-06,2026-06-10,2026-06-10,V3,971ded8e62c36d94,f9e9eeaffee3a79c,true,down,"(0,0.01)",false,false,false,false,false
forward_poll_2026h2,EGHT,2026-08,2026-08-04,2026-08-04,V5,a10b430c615b05ee,a10b430c615b05ee,false,none,0,false,false,false,false,false
forward_poll_2026h2,EGKLF,2026-08,2026-08-04,2026-08-04,V3,1a11b82236b091b4,1a11b82236b091b4,false,none,0,,,false,,false
forward_poll_2026h2,EGO,2026-07,2026-07-30,2026-08-02,V5,81652069d91c06ff,81652069d91c06ff,false,none,0,false,false,false,false,false
forward_poll_2026h2,EGP,2026-07,2026-07-22,2026-07-22,V5,83a998fb8906e469,b7b3805c4aec4eaa,true,down,"[0.25,1.00)",true,false,true,false,false
forward_poll_2026h2,EGTYF,2026-06,2026-06-05,2026-06-05,V3,be30e60e70a86f55,be30e60e70a86f55,false,none,0,true,true,false,false,true
forward_poll_2026h2,EH,2026-06,2026-06-09,2026-06-10,V5,307ab27aa4714053,f2c711a676d7d59a,true,down,"[0.01,0.05)",true,false,true,false,false
forward_poll_2026h2,EHTH,2026-08,2026-08-04,2026-08-04,V3,edc3a583fa5b9f78,edc3a583fa5b9f78,false,none,0,false,false,false,false,false
forward_poll_2026h2,EIG,2026-07,2026-07-29,2026-07-29,V5,a3b22bd8a4921079,a3b22bd8a4921079,false,none,0,true,true,false,false,false
forward_poll_2026h2,EIPAF,2026-07,2026-07-30,2026-07-30,V3,2da422a422bc5ab3,1444a2c1ee7aeff9,true,up,"(0,0.01)",false,true,true,true,false
forward_poll_2026h2,EIX,2026-07,2026-07-30,2026-08-02,V5,3b9522d31f8853cd,3b9522d31f8853cd,false,none,0,true,true,false,false,false
forward_poll_2026h2,EJPRF,2026-07,2026-07-31,2026-08-01,V3,42558b4ce278c4a8,97d9ac8e0ae0307e,true,down,"(0,0.01)",false,false,false,false,false
forward_poll_2026h2,EJPRY,2026-07,2026-08-03,2026-08-03,V5,51bead1d13dec064,cad8ed52905e2ed7,true,down,"[0.25,1.00)",,,false,,true
forward_poll_2026h2,ELC,2026-07,2026-08-01,2026-08-01,V5,5b02d5700a4663c3,5b02d5700a4663c3,false,none,0,,,false,,false
forward_poll_2026h2,ELCPF,2026-07,2026-07-29,2026-07-31,V3,ff504b72e98658f3,0455f52ab4b009a9,true,up,"[0.01,0.05)",false,true,true,true,false
forward_poll_2026h2,ELEZF,2026-07,2026-07-29,2026-07-30,V3,2bfb402c4f44ccb3,065cbf1019b491f7,true,up,"[0.05,0.25)",false,true,true,true,false
forward_poll_2026h2,ELEZY,2026-07,2026-07-30,2026-07-30,V5,5d93d0fdf5a6de00,5d93d0fdf5a6de00,false,none,0,,,false,,false
forward_poll_2026h2,ELIAF,2026-07,2026-07-30,2026-07-30,V5,d937aa5f26fb2d65,d937aa5f26fb2d65,false,none,0,false,false,false,false,false
forward_poll_2026h2,ELKEF,2026-07,2026-07-11,2026-07-14,V3,a7b8468e0ba41dba,4c9776a48147efd8,true,down,"[0.05,0.25)",true,false,true,true,false
forward_poll_2026h2,ELME,2026-08,2026-08-03,2026-08-03,V3,a37e1caf4fb03122,a37e1caf4fb03122,false,none,0,,,false,,false
forward_poll_2026h2,ELMT,2026-05,2026-06-05,2026-06-05,V5,b41a6663f1d560c7,30e7bc93a0b184c4,true,down,"[0.05,0.25)",true,false,true,true,true
forward_poll_2026h2,ELMUF,2026-07,2026-07-15,2026-07-15,V3,da04b8b5483c4603,c3c3b6223e95df03,true,down,"(0,0.01)",false,false,false,false,false
forward_poll_2026h2,ELPQF,2026-07,2026-07-30,2026-07-30,V3,1dff88a1a6a8d94e,1dff88a1a6a8d94e,false,none,0,true,true,false,false,true
forward_poll_2026h2,ELRRF,2026-06,2026-06-05,2026-06-05,V3,84afbf71ee133a38,84afbf71ee133a38,false,none,0,,,false,,false
forward_poll_2026h2,ELRRF,2026-06,2026-06-07,2026-06-07,V3,84afbf71ee133a38,84afbf71ee133a38,false,none,0,,,false,,false
forward_poll_2026h2,ELRRF,2026-06,2026-06-09,2026-06-09,V3,84afbf71ee133a38,84afbf71ee133a38,false,none,0,,,false,,false
forward_poll_2026h2,ELRRF,2026-06,2026-06-10,2026-06-10,V3,84afbf71ee133a38,84afbf71ee133a38,false,none,0,,,false,,false
forward_poll_2026h2,ELRRF,2026-06,2026-06-11,2026-06-11,V3,84afbf71ee133a38,84afbf71ee133a38,false,none,0,,,false,,false
forward_poll_2026h2,ELRRF,2026-06,2026-06-14,2026-06-14,V3,84afbf71ee133a38,84afbf71ee133a38,false,none,0,,,false,,false
forward_poll_2026h2,ELRRF,2026-06,2026-06-16,2026-06-16,V3,84afbf71ee133a38,84afbf71ee133a38,false,none,0,,,false,,false
forward_poll_2026h2,ELRRF,2026-06,2026-06-17,2026-06-17,V3,84afbf71ee133a38,84afbf71ee133a38,false,none,0,,,false,,false
forward_poll_2026h2,ELRRF,2026-06,2026-06-18,2026-06-18,V3,84afbf71ee133a38,84afbf71ee133a38,false,none,0,,,false,,false
forward_poll_2026h2,ELRRF,2026-06,2026-06-22,2026-06-22,V3,84afbf71ee133a38,84afbf71ee133a38,false,none,0,,,false,,false
forward_poll_2026h2,ELRRF,2026-06,2026-06-23,2026-06-23,V3,84afbf71ee133a38,84afbf71ee133a38,false,none,0,,,false,,false
forward_poll_2026h2,ELRRF,2026-06,2026-06-24,2026-06-24,V3,84afbf71ee133a38,84afbf71ee133a38,false,none,0,,,false,,false
forward_poll_2026h2,ELRRF,2026-06,2026-06-25,2026-06-25,V3,84afbf71ee133a38,84afbf71ee133a38,false,none,0,,,false,,false
forward_poll_2026h2,ELRRF,2026-06,2026-07-04,2026-07-04,V3,84afbf71ee133a38,84afbf71ee133a38,false,none,0,,,false,,true
forward_poll_2026h2,ELRXF,2026-07,2026-07-29,2026-07-29,V3,cc3f688d041639fe,cc3f688d041639fe,false,none,0,false,false,false,false,false
forward_poll_2026h2,ELS,2026-07,2026-07-22,2026-07-23,V3,a053c932383f0dad,00086847e5cc5fb4,true,down,"[0.05,0.25)",true,true,false,false,false
forward_poll_2026h2,ELSSF,2026-07,2026-07-29,2026-07-30,V5,16fe12f38e632f8e,0612adb99d7fa664,true,down,"[0.25,1.00)",,,false,,false
forward_poll_2026h2,ELTP,2026-06,2026-07-04,2026-07-04,V5,8101c83aadac7235,8101c83aadac7235,false,none,0,,,false,,true
forward_poll_2026h2,ELUXY,2026-07,2026-07-29,2026-07-29,V3,0304fe458b50d1a1,0304fe458b50d1a1,false,none,0,true,true,false,false,false
forward_poll_2026h2,ELV,2026-07,2026-07-15,2026-07-21,V5,23e602b7a56ab2ab,23e602b7a56ab2ab,false,none,0,true,true,false,false,false
forward_poll_2026h2,EMBVF,2026-07,2026-07-24,2026-07-24,V3,74b15f60cb46389d,c12282597633274e,true,up,"(0,0.01)",false,false,false,false,false
forward_poll_2026h2,EME,2026-07,2026-07-30,2026-07-31,V5,5ff3f4dd91b5a653,5ff3f4dd91b5a653,false,none,0,true,true,false,false,false
forward_poll_2026h2,EMGDF,2026-06,2026-06-05,2026-06-05,V5,5b8cfa7a25ad82a1,5b8cfa7a25ad82a1,false,none,0,,,false,,true
forward_poll_2026h2,EMLAF,2026-06,2026-06-18,2026-06-18,V3,fbce19690eeeb99a,fbce19690eeeb99a,false,none,0,true,true,false,false,false
forward_poll_2026h2,EMN,2026-07,2026-07-30,2026-07-31,V5,6e729fe570daef30,6e729fe570daef30,false,none,0,false,false,false,false,false
forward_poll_2026h2,EMNSF,2026-07,2026-07-30,2026-07-31,V3,48436c8b2fefc727,513a5e77d8b51d24,true,up,"(0,0.01)",true,true,false,false,false
forward_poll_2026h2,EMOTF,2026-06,2026-06-05,2026-06-05,V5,28a364f82c864658,28a364f82c864658,false,none,0,,,false,,true
forward_poll_2026h2,EMR,2026-08,2026-08-04,2026-08-04,V5,3e591bd7bd98458e,3e591bd7bd98458e,false,none,0,false,false,false,false,false
forward_poll_2026h2,EMSHF,2026-07,2026-07-12,2026-07-14,V5,c7e04ff848f56e47,5d94100dbd20dcef,true,up,"[0.25,1.00)",false,false,false,true,true
forward_poll_2026h2,ENAFF,2026-06,2026-06-05,2026-06-05,V5,124b040d5fda0172,124b040d5fda0172,false,none,0,,,false,,false
forward_poll_2026h2,ENB,2026-07,2026-07-31,2026-08-02,V5,654dec82eec6cd5e,654dec82eec6cd5e,false,none,0,false,false,false,false,false
forward_poll_2026h2,ENBFF,2026-07,2026-07-31,2026-07-31,V3,22b70a4a3a8f20bb,22b70a4a3a8f20bb,false,none,0,true,true,false,false,false
forward_poll_2026h2,ENBGF,2026-07,2026-07-31,2026-07-31,V3,3bc735d771ed52df,3bc735d771ed52df,false,none,0,true,true,false,false,false
forward_poll_2026h2,ENBP,2026-07,2026-07-28,2026-07-30,V5,9ea112ebec54e877,c083188ff3064cb3,true,down,"[0.25,1.00)",,,false,,false
forward_poll_2026h2,ENBRF,2026-07,2026-07-31,2026-07-31,V3,67f43fb1b6757bd1,67f43fb1b6757bd1,false,none,0,true,true,false,false,false
forward_poll_2026h2,ENCTF,2026-05,2026-06-05,2026-06-05,V5,44923f065838e3d3,44923f065838e3d3,false,none,0,,,false,,true
forward_poll_2026h2,ENEKF,2026-07,2026-07-17,2026-07-17,V3,67840b93da63d6aa,67840b93da63d6aa,false,none,0,false,false,false,false,true
forward_poll_2026h2,ENGDF,2026-07,2026-07-26,2026-07-30,V5,d2fb3aad4d49cb78,50f1ae305c6274a6,true,down,>=1.00,,,false,,false
forward_poll_2026h2,ENGGF,2026-07,2026-07-22,2026-07-23,V3,9bc346ffdcb9e174,6a0325d19d692ccd,true,up,"[0.05,0.25)",false,true,true,false,false
forward_poll_2026h2,ENGIY,2026-07,2026-07-31,2026-08-03,V3,a3d18bf0325c7254,d0e707cc7ca7b31a,true,up,"[0.25,1.00)",true,true,false,false,false
forward_poll_2026h2,ENGN,2026-06,2026-06-16,2026-06-16,V5,cd5a66e76374b034,cd5a66e76374b034,false,none,0,true,true,false,false,true
forward_poll_2026h2,ENGN,2026-06,2026-06-16,2026-06-20,V5,cd5a66e76374b034,cd5a66e76374b034,false,none,0,true,true,false,false,false
forward_poll_2026h2,ENGNW,2026-06,2026-06-15,2026-06-15,V3,5370952ee5e747e0,5370952ee5e747e0,false,none,0,true,true,false,false,false
forward_poll_2026h2,ENGQF,2026-07,2026-08-01,2026-08-01,V5,7afd90c509d1916b,7afd90c509d1916b,false,none,0,,,false,,false
forward_poll_2026h2,ENHA,2026-06,2026-06-05,2026-06-05,V5,a6a50ec71a509b5d,a6a50ec71a509b5d,false,none,0,false,false,false,false,true
forward_poll_2026h2,ENIC,2026-07,2026-07-29,2026-08-04,V3,946e377546afff04,779fb4291ac2475e,true,down,"(0,0.01)",false,false,false,false,false
forward_poll_2026h2,ENIC,2026-07,2026-08-05,2026-08-05,V3,779fb4291ac2475e,779fb4291ac2475e,false,none,0,false,false,false,false,true
forward_poll_2026h2,ENLAY,2026-07,2026-07-31,2026-07-31,V3,00b97f75fd33fa34,534535090344bcf7,true,up,"(0,0.01)",false,true,true,true,false
forward_poll_2026h2,ENLT,2026-08,2026-08-04,2026-08-04,V5,021e2ee6819613f3,021e2ee6819613f3,false,none,0,true,true,false,false,false
forward_poll_2026h2,ENNPF,2026-07,2026-07-31,2026-07-31,V3,4d54cbf9f5c7b71b,4d54cbf9f5c7b71b,false,none,0,true,true,false,false,false
forward_poll_2026h2,ENPH,2026-07,2026-07-28,2026-08-04,V5,644d636d4c42042b,644d636d4c42042b,false,none,0,false,false,false,false,false
forward_poll_2026h2,ENR,2026-08,2026-08-04,2026-08-04,V5,f260b2768e8c9626,f260b2768e8c9626,false,none,0,false,false,false,false,false
forward_poll_2026h2,ENRT,2026-07,2026-07-11,2026-07-14,V5,ea04ecd31467e4ce,8581ce95e47c78d6,true,up,"(0,0.01)",,,false,,false
forward_poll_2026h2,ENSG,2026-07,2026-07-27,2026-07-28,V3,5f3f7971625734e2,5f3f7971625734e2,false,none,0,true,true,false,false,false
forward_poll_2026h2,ENTG,2026-08,2026-08-04,2026-08-04,V5,12002cd4e5a26d79,12002cd4e5a26d79,false,none,0,true,true,false,false,false
forward_poll_2026h2,ENTOF,2026-07,2026-07-11,2026-07-13,V3,981eab3e1574a5a7,395d8ad0c78b3090,true,up,"[0.25,1.00)",false,false,false,false,false
forward_poll_2026h2,ENVA,2026-07,2026-07-23,2026-07-23,V3,2e58bbde13831005,2e58bbde13831005,false,none,0,true,true,false,false,false
forward_poll_2026h2,ENZN,2026-08,2026-08-04,2026-08-04,V5,b41cdb6ee2979d6d,b41cdb6ee2979d6d,false,none,0,,,false,,false
forward_poll_2026h2,EOG,2026-08,2026-08-04,2026-08-04,V5,9feebf1759e1eb88,9feebf1759e1eb88,false,none,0,false,false,false,false,false
forward_poll_2026h2,EOXFF,2026-06,2026-06-05,2026-06-05,V5,39af7e370d125447,39af7e370d125447,false,none,0,,,false,,true
forward_poll_2026h2,EPAC,2026-07,2026-07-08,2026-07-08,V5,60b4145e898c9178,60b4145e898c9178,false,none,0,true,true,false,false,false
forward_poll_2026h2,EPC,2026-08,2026-08-05,2026-08-05,V5,df84f3030a676767,df84f3030a676767,false,none,0,true,true,false,false,false
forward_poll_2026h2,EPD,2026-07,2026-07-30,2026-08-02,V3,cb5316cfb82c561a,cb5316cfb82c561a,false,none,0,true,true,false,false,false
forward_poll_2026h2,EPIAF,2026-07,2026-07-18,2026-07-22,V3,d6a455c636d15ae6,d6a455c636d15ae6,false,none,0,false,false,false,false,false
forward_poll_2026h2,EPIPF,2026-07,2026-07-18,2026-07-22,V3,72db6b685bef4cc6,72db6b685bef4cc6,false,none,0,false,false,false,false,false
forward_poll_2026h2,EPOAY,2026-07,2026-07-18,2026-07-18,V3,38a82fd47c036045,c74c743511608f07,true,up,"(0,0.01)",false,false,false,false,false
forward_poll_2026h2,EPR,2026-07,2026-07-29,2026-07-30,V3,9f0b967925d79862,c30c8c4c5ca2908a,true,down,"[0.25,1.00)",true,true,false,false,false
forward_poll_2026h2,EPR-PC,2026-07,2026-07-30,2026-07-30,V3,5040c635ddaee234,5040c635ddaee234,false,none,0,true,true,false,false,false
forward_poll_2026h2,EPR-PE,2026-07,2026-07-28,2026-07-30,V3,24f8e837be326642,30f5a6707faa1658,true,up,"[0.25,1.00)",false,true,true,true,false
forward_poll_2026h2,EPR-PG,2026-07,2026-07-30,2026-07-30,V3,15902f724cfb401b,15902f724cfb401b,false,none,0,true,true,false,false,false
forward_poll_2026h2,EPRT,2026-07,2026-07-22,2026-07-29,V5,805df277a7fff9a2,73ee63f095b0064d,true,down,"[0.05,0.25)",true,false,true,false,false
forward_poll_2026h2,EPWDF,2026-07,2026-07-31,2026-07-31,V3,b8fe700d9aaa0ce4,6de0d4d8b339463a,true,down,"(0,0.01)",,,false,,false
forward_poll_2026h2,EQBBF,2026-07,2026-07-17,2026-07-17,V5,e5f46d22da34eed8,e5f46d22da34eed8,false,none,0,true,true,false,false,false
forward_poll_2026h2,EQBK,2026-07,2026-07-15,2026-07-15,V5,30f14f4739a448a7,b49da8667aacebf9,true,up,"[0.05,0.25)",false,true,true,false,false
forward_poll_2026h2,EQH,2026-08,2026-08-04,2026-08-04,V5,30d0e1a4366ed3c1,30d0e1a4366ed3c1,false,none,0,false,false,false,false,false
forward_poll_2026h2,EQH-PA,2026-08,2026-08-05,2026-08-05,V3,f8a87e9c28ea0033,f8a87e9c28ea0033,false,none,0,true,true,false,false,false
forward_poll_2026h2,EQH-PC,2026-08,2026-08-05,2026-08-05,V3,75e92ac9e7abc8f8,75e92ac9e7abc8f8,false,none,0,true,true,false,false,false
forward_poll_2026h2,EQIX,2026-07,2026-07-29,2026-08-01,V5,5df4f33ff1c58aec,92e29ce3e7dcc941,true,down,>=1.00,true,false,true,false,false
forward_poll_2026h2,EQMEF,2026-07,2026-07-21,2026-07-22,V3,8102e10a9e29036a,c2f7df3ab81ff147,true,down,"(0,0.01)",false,false,false,true,true
forward_poll_2026h2,EQNR,2026-07,2026-07-22,2026-07-23,V3,ff1f1bb0de69e7ea,ff1f1bb0de69e7ea,false,none,0,false,false,false,false,false
forward_poll_2026h2,EQR,2026-07,2026-07-22,2026-07-23,V5,8fbf2e22728f5229,dc0250da681c92ef,true,down,"[0.25,1.00)",true,false,true,true,false
forward_poll_2026h2,EQT,2026-07,2026-07-21,2026-07-23,V5,5e066046e776d1eb,5e066046e776d1eb,false,none,0,false,false,false,false,false
forward_poll_2026h2,EREPF,2026-06,2026-06-22,2026-06-22,V5,20c1093748fed926,20c1093748fed926,false,none,0,,,false,,false
forward_poll_2026h2,ERFSF,2026-07,2026-07-23,2026-07-25,V5,048696b21ae71969,a0e40543a5bd8180,true,down,"[0.25,1.00)",false,false,false,true,false
forward_poll_2026h2,ERIC,2026-07,2026-07-14,2026-07-16,V5,ad91bd1f2d62bcd2,7f83adcdfbc06037,true,up,"(0,0.01)",false,false,false,false,false
forward_poll_2026h2,ERIE,2026-07,2026-07-30,2026-07-30,V3,ccf5e66ada7e1d5c,ccf5e66ada7e1d5c,false,none,0,true,true,false,false,false
forward_poll_2026h2,ERIXF,2026-07,2026-07-14,2026-07-14,V3,eb3e09953a0bd190,23b818b79508dba8,true,down,"(0,0.01)",true,true,false,false,false
forward_poll_2026h2,ERMAF,2026-07,2026-07-31,2026-07-31,V5,263b46181f8c394f,263b46181f8c394f,false,none,0,,,false,,true
forward_poll_2026h2,ES,2026-07,2026-07-30,2026-07-30,V3,7a2930dd89bc7a8a,7a2930dd89bc7a8a,false,none,0,false,false,false,false,false
forward_poll_2026h2,ESALF,2026-08,2026-08-03,2026-08-03,V3,4db028920eaeb91c,023371ff6cdc756d,true,up,"(0,0.01)",true,true,false,false,false
forward_poll_2026h2,ESBA,2026-07,2026-07-30,2026-07-30,V5,8e1a2779a0e554bc,8e1a2779a0e554bc,false,none,0,,,false,,false
forward_poll_2026h2,ESCA,2026-07,2026-07-30,2026-07-30,V3,ed3c8a2295b922f4,ed3c8a2295b922f4,false,none,0,true,true,false,false,false
forward_poll_2026h2,ESGLF,2026-05,2026-06-05,2026-06-05,V5,62ef580a12527767,62ef580a12527767,false,none,0,,,false,,true
forward_poll_2026h2,ESGLF,2026-06,2026-06-07,2026-06-07,V5,4c0d851aa593802e,4c0d851aa593802e,false,none,0,,,false,,true
forward_poll_2026h2,ESI,2026-07,2026-07-27,2026-08-03,V5,b88e99cfafae16c0,b88e99cfafae16c0,false,none,0,false,false,false,false,false
forward_poll_2026h2,ESIFF,2026-07,2026-08-02,2026-08-02,V5,1238b9a63dcf882c,1238b9a63dcf882c,false,none,0,,,false,,true
forward_poll_2026h2,ESKYF,2026-06,2026-07-04,2026-07-04,V3,c2b188a91f2c66c3,c2b188a91f2c66c3,false,none,0,,,false,,true
forward_poll_2026h2,ESKYF,2026-07,2026-08-01,2026-08-01,V3,2b66079ebbdd4e43,2b66079ebbdd4e43,false,none,0,true,true,false,false,true
forward_poll_2026h2,ESLOF,2026-07,2026-07-29,2026-07-29,V5,76dc60145999c8ba,76dc60145999c8ba,false,none,0,false,false,false,false,false
forward_poll_2026h2,ESLOY,2026-07,2026-07-29,2026-07-29,V3,6c2aac35ae950bf2,6c2aac35ae950bf2,false,none,0,false,false,false,false,false
forward_poll_2026h2,ESOCF,2026-07,2026-07-31,2026-07-31,V3,58d74e6745591579,c90581b60376e067,true,up,"[0.01,0.05)",false,true,true,true,false
forward_poll_2026h2,ESQ,2026-07,2026-07-23,2026-07-29,V5,a50bcac44baef10e,a50bcac44baef10e,false,none,0,false,false,false,false,false
forward_poll_2026h2,ESRT,2026-07,2026-07-30,2026-07-30,V5,2ad0c823777a9867,2ad0c823777a9867,false,none,0,,,false,,false
forward_poll_2026h2,ESS,2026-07,2026-07-29,2026-08-01,V5,6d79292dc5d51123,88cc042113bd3792,true,down,>=1.00,true,false,true,true,false
forward_poll_2026h2,ET,2026-08,2026-08-04,2026-08-04,V5,f3623bebe130e952,f3623bebe130e952,false,none,0,true,true,false,false,false
forward_poll_2026h2,ET-PI,2026-08,2026-08-04,2026-08-04,V3,5acad059a860ee8d,5acad059a860ee8d,false,none,0,true,true,false,false,false
forward_poll_2026h2,ETCC,2026-07,2026-07-17,2026-07-17,V5,74d03bfa8e83ee2e,74d03bfa8e83ee2e,false,none,0,,,false,,true
forward_poll_2026h2,ETD,2026-07,2026-07-29,2026-07-31,V5,47ba1cfcefdb363f,47ba1cfcefdb363f,false,none,0,false,false,false,false,false
forward_poll_2026h2,ETH,2026-07,2026-07-30,2026-07-30,V5,a5b6336c892a1005,a5b6336c892a1005,false,none,0,,,false,,false
forward_poll_2026h2,ETN,2026-07,2026-07-31,2026-08-02,V5,b1d32db67fd665e8,b1d32db67fd665e8,false,none,0,false,false,false,false,false
forward_poll_2026h2,ETR,2026-07,2026-07-29,2026-07-30,V5,cbb40ead6912ff24,cbb40ead6912ff24,false,none,0,false,false,false,false,false
forward_poll_2026h2,ETS,2026-07,2026-07-15,2026-07-15,V5,fc06522a591904d8,fc06522a591904d8,false,none,0,,,false,,false
forward_poll_2026h2,ETST,2026-06,2026-06-18,2026-06-18,V3,8dc96bddca39947f,8dc96bddca39947f,false,none,0,false,false,false,false,false
forward_poll_2026h2,ETTYF,2026-07,2026-07-16,2026-07-16,V3,80f2aa4a7ac98c56,80f2aa4a7ac98c56,false,none,0,false,false,false,false,false
forward_poll_2026h2,EURBF,2026-07,2026-07-31,2026-08-01,V5,0c245600a9a00623,2b493e6d6b9d4d28,true,up,"[0.01,0.05)",false,true,true,true,false
forward_poll_2026h2,EURKU,2026-07,2026-07-26,2026-07-26,V5,76165db1222b846f,76165db1222b846f,false,none,0,,,false,,true
forward_poll_2026h2,EUUNF,2026-06,2026-06-05,2026-06-05,V5,0b52196fbaabb1ab,0b52196fbaabb1ab,false,none,0,,,false,,false
forward_poll_2026h2,EUUNF,2026-06,2026-06-07,2026-06-07,V5,0b52196fbaabb1ab,0b52196fbaabb1ab,false,none,0,,,false,,false
forward_poll_2026h2,EUUNF,2026-06,2026-06-09,2026-06-09,V5,0b52196fbaabb1ab,0b52196fbaabb1ab,false,none,0,,,false,,false
forward_poll_2026h2,EUUNF,2026-06,2026-06-10,2026-06-10,V5,0b52196fbaabb1ab,0b52196fbaabb1ab,false,none,0,,,false,,false
forward_poll_2026h2,EUUNF,2026-06,2026-06-11,2026-06-11,V5,0b52196fbaabb1ab,0b52196fbaabb1ab,false,none,0,,,false,,false
forward_poll_2026h2,EUUNF,2026-06,2026-06-14,2026-06-14,V5,0b52196fbaabb1ab,0b52196fbaabb1ab,false,none,0,,,false,,false
forward_poll_2026h2,EUUNF,2026-06,2026-06-16,2026-06-16,V5,0b52196fbaabb1ab,0b52196fbaabb1ab,false,none,0,,,false,,false
forward_poll_2026h2,EUUNF,2026-06,2026-06-17,2026-06-17,V5,0b52196fbaabb1ab,0b52196fbaabb1ab,false,none,0,,,false,,false
forward_poll_2026h2,EUUNF,2026-06,2026-06-18,2026-06-18,V5,0b52196fbaabb1ab,0b52196fbaabb1ab,false,none,0,,,false,,false
forward_poll_2026h2,EUUNF,2026-06,2026-06-21,2026-06-21,V5,0b52196fbaabb1ab,0b52196fbaabb1ab,false,none,0,,,false,,false
forward_poll_2026h2,EUUNF,2026-06,2026-06-23,2026-06-23,V5,0b52196fbaabb1ab,0b52196fbaabb1ab,false,none,0,,,false,,false
forward_poll_2026h2,EUUNF,2026-06,2026-06-24,2026-06-24,V5,0b52196fbaabb1ab,0b52196fbaabb1ab,false,none,0,,,false,,false
forward_poll_2026h2,EUUNF,2026-06,2026-06-25,2026-06-25,V5,0b52196fbaabb1ab,0b52196fbaabb1ab,false,none,0,,,false,,false
forward_poll_2026h2,EUUNF,2026-07,2026-07-05,2026-07-05,V5,0b52196fbaabb1ab,0b52196fbaabb1ab,false,none,0,,,false,,false
forward_poll_2026h2,EUUNF,2026-07,2026-07-07,2026-07-07,V5,0b52196fbaabb1ab,0b52196fbaabb1ab,false,none,0,,,false,,false
forward_poll_2026h2,EUUNF,2026-07,2026-07-08,2026-07-08,V5,0b52196fbaabb1ab,0b52196fbaabb1ab,false,none,0,,,false,,false
forward_poll_2026h2,EUUNF,2026-07,2026-07-12,2026-07-12,V5,0b52196fbaabb1ab,0b52196fbaabb1ab,false,none,0,,,false,,false
forward_poll_2026h2,EUUNF,2026-07,2026-07-14,2026-07-14,V5,0b52196fbaabb1ab,0b52196fbaabb1ab,false,none,0,,,false,,false
forward_poll_2026h2,EUUNF,2026-07,2026-07-15,2026-07-15,V5,0b52196fbaabb1ab,0b52196fbaabb1ab,false,none,0,,,false,,false
forward_poll_2026h2,EUUNF,2026-07,2026-07-16,2026-07-16,V5,0b52196fbaabb1ab,0b52196fbaabb1ab,false,none,0,,,false,,false
forward_poll_2026h2,EUUNF,2026-07,2026-07-20,2026-07-20,V5,0b52196fbaabb1ab,0b52196fbaabb1ab,false,none,0,,,false,,false
forward_poll_2026h2,EUUNF,2026-07,2026-07-21,2026-07-21,V5,0b52196fbaabb1ab,0b52196fbaabb1ab,false,none,0,,,false,,false
forward_poll_2026h2,EUUNF,2026-07,2026-07-22,2026-07-22,V5,0b52196fbaabb1ab,0b52196fbaabb1ab,false,none,0,,,false,,false
forward_poll_2026h2,EUUNF,2026-07,2026-07-23,2026-07-23,V5,0b52196fbaabb1ab,0b52196fbaabb1ab,false,none,0,,,false,,false
forward_poll_2026h2,EUUNF,2026-07,2026-07-26,2026-07-26,V5,0b52196fbaabb1ab,0b52196fbaabb1ab,false,none,0,,,false,,false
forward_poll_2026h2,EUUNF,2026-07,2026-07-28,2026-07-28,V5,0b52196fbaabb1ab,0b52196fbaabb1ab,false,none,0,,,false,,false
forward_poll_2026h2,EUUNF,2026-07,2026-07-29,2026-07-29,V5,0b52196fbaabb1ab,0b52196fbaabb1ab,false,none,0,,,false,,false
forward_poll_2026h2,EUUNF,2026-07,2026-07-30,2026-07-30,V5,0b52196fbaabb1ab,0b52196fbaabb1ab,false,none,0,,,false,,false
forward_poll_2026h2,EUUNF,2026-08,2026-08-03,2026-08-03,V5,0b52196fbaabb1ab,0b52196fbaabb1ab,false,none,0,,,false,,false
forward_poll_2026h2,EUXTF,2026-07,2026-07-31,2026-07-31,V3,04463b5880e20de7,04463b5880e20de7,false,none,0,true,true,false,false,false
forward_poll_2026h2,EUZOF,2026-07,2026-07-24,2026-07-28,V5,2e86bdf097c4359e,0be3711c10b49d71,true,up,"[0.25,1.00)",false,true,true,true,false
forward_poll_2026h2,EVER,2026-08,2026-08-03,2026-08-03,V5,fb383d7e88c2762f,4fa2b0c5bddea7fb,true,up,"[0.01,0.05)",false,false,false,false,false
forward_poll_2026h2,EVEX,2026-08,2026-08-04,2026-08-04,V3,c799dca4925b5a41,52eb74906ed4468a,true,down,"[0.05,0.25)",true,true,false,false,false
forward_poll_2026h2,EVEX-WT,2026-08,2026-08-04,2026-08-04,V3,caad69ada3bb514b,caad69ada3bb514b,false,none,0,true,true,false,false,false
forward_poll_2026h2,EVGGF,2026-07,2026-07-17,2026-07-17,V3,95eacd45bb082ab9,95eacd45bb082ab9,false,none,0,false,false,false,false,false
forward_poll_2026h2,EVGUF,2026-06,2026-06-05,2026-06-05,V5,b29594a7776bc240,b29594a7776bc240,false,none,0,,,false,,true
forward_poll_2026h2,EVKIF,2026-08,2026-08-04,2026-08-04,V3,10ef1760125bda6d,a015f4a9336cc108,true,up,"[0.05,0.25)",true,true,false,false,false
forward_poll_2026h2,EVR,2026-07,2026-07-29,2026-07-31,V5,22d1b91d9b80c198,22d1b91d9b80c198,false,none,0,false,false,false,false,false
forward_poll_2026h2,EVTC,2026-08,2026-08-04,2026-08-04,V5,6b67ac04f522256a,6b67ac04f522256a,false,none,0,true,true,false,false,false
forward_poll_2026h2,EVTZF,2026-06,2026-06-24,2026-06-25,V3,e7814ee6366464cd,6fd46a221393fc17,true,down,"(0,0.01)",true,true,false,false,false
forward_poll_2026h2,EVVTY,2026-07,2026-07-17,2026-07-18,V3,c86b9ee56e63251a,c86b9ee56e63251a,false,none,0,false,false,false,false,false
forward_poll_2026h2,EW,2026-07,2026-07-23,2026-07-26,V5,2037bb7264046f6a,2037bb7264046f6a,false,none,0,false,false,false,false,false
forward_poll_2026h2,EWBC,2026-07,2026-07-21,2026-07-23,V5,3c1683293ce67045,3c1683293ce67045,false,none,0,false,false,false,false,false
forward_poll_2026h2,EXC,2026-07,2026-07-30,2026-07-31,V5,05fa763088049311,05fa763088049311,false,none,0,false,false,false,false,false
forward_poll_2026h2,EXCOF,2026-07,2026-07-30,2026-07-30,V3,09594bec0f50a00f,3f4dec9a920ca843,true,down,"(0,0.01)",false,false,false,false,false
forward_poll_2026h2,EXE,2026-07,2026-07-28,2026-07-29,V5,3f503d7a15650da7,3f503d7a15650da7,false,none,0,true,true,false,false,false
forward_poll_2026h2,EXEEL,2026-07,2026-07-29,2026-07-29,V3,5abcf08d04cfb99a,5abcf08d04cfb99a,false,none,0,true,true,false,false,false
forward_poll_2026h2,EXEEW,2026-07,2026-07-29,2026-07-29,V3,6ea8590a5068fdc8,6ea8590a5068fdc8,false,none,0,true,true,false,false,false
forward_poll_2026h2,EXEEZ,2026-07,2026-07-29,2026-07-29,V3,a922f19ca441f040,a922f19ca441f040,false,none,0,true,true,false,false,false
forward_poll_2026h2,EXK,2026-07,2026-07-29,2026-07-29,V3,a506eedbf8d8b8f3,a506eedbf8d8b8f3,false,none,0,false,false,false,false,false
forward_poll_2026h2,EXLS,2026-07,2026-07-28,2026-07-29,V5,355ba746b0b8e6b5,355ba746b0b8e6b5,false,none,0,false,false,false,false,false
forward_poll_2026h2,EXP,2026-07,2026-07-29,2026-07-31,V5,f5b40a05966311c6,811784fd469fd3ba,true,down,"[0.05,0.25)",false,false,false,true,false
forward_poll_2026h2,EXPD,2026-08,2026-08-04,2026-08-04,V5,cade79cd8d6cc939,cade79cd8d6cc939,false,none,0,true,true,false,false,false
forward_poll_2026h2,EXPO,2026-07,2026-07-30,2026-08-02,V5,08a684d89246f35b,08a684d89246f35b,false,none,0,false,false,false,false,false
forward_poll_2026h2,EXR,2026-07,2026-07-28,2026-07-31,V5,c99640d8085fbe5d,faa83fa33c63262f,true,down,"[0.25,1.00)",true,false,true,false,false
forward_poll_2026h2,EXYN,2026-07,2026-07-07,2026-07-07,V5,9f9b3e934c35a992,9f9b3e934c35a992,false,none,0,true,true,false,false,false
forward_poll_2026h2,EZRA,2026-07,2026-07-31,2026-07-31,V3,bee33c04af5d7c1f,bee33c04af5d7c1f,false,none,0,,,false,,false
forward_poll_2026h2,F,2026-07,2026-07-28,2026-08-04,V5,8885a82a9f86a15c,8885a82a9f86a15c,false,none,0,true,true,false,false,false
forward_poll_2026h2,F-PB,2026-07,2026-07-28,2026-07-28,V3,dbde2e629669b8b9,dbde2e629669b8b9,false,none,0,true,true,false,false,false
forward_poll_2026h2,F-PC,2026-07,2026-07-29,2026-07-29,V3,f69bce3445d686a8,f69bce3445d686a8,false,none,0,true,true,false,false,false
forward_poll_2026h2,F-PD,2026-07,2026-07-28,2026-07-28,V3,35be70091c8a8a5e,35be70091c8a8a5e,false,none,0,true,true,false,false,false
forward_poll_2026h2,FACO,2026-08,2026-08-04,2026-08-04,V5,e7d0807583cd5c42,e7d0807583cd5c42,false,none,0,,,false,,false
forward_poll_2026h2,FAF,2026-07,2026-07-22,2026-07-29,V5,638f67a37b13bc5f,638f67a37b13bc5f,false,none,0,true,true,false,false,false
forward_poll_2026h2,FANCF,2026-06,2026-07-04,2026-07-04,V5,fe0ceaae211d5a45,fe0ceaae211d5a45,false,none,0,,,false,,true
forward_poll_2026h2,FANG,2026-08,2026-08-03,2026-08-03,V5,9ccf047bb4e6c3e1,9ccf047bb4e6c3e1,false,none,0,false,false,false,false,false
forward_poll_2026h2,FANUF,2026-07,2026-07-31,2026-07-31,V3,83c7b3523968c719,5b7fdfa291042719,true,down,"(0,0.01)",true,true,false,false,false
forward_poll_2026h2,FANUY,2026-07,2026-07-31,2026-08-01,V3,14c142907a571b64,14c142907a571b64,false,none,0,false,false,false,false,false
forward_poll_2026h2,FAST,2026-07,2026-07-14,2026-07-15,V5,d75db570839407d8,d75db570839407d8,false,none,0,false,false,false,false,false
forward_poll_2026h2,FATN,2026-07,2026-07-30,2026-07-31,V3,72e08efcd185df22,72e08efcd185df22,false,none,0,true,true,false,false,false
forward_poll_2026h2,FB,2026-07,2026-07-30,2026-07-30,V5,c9edce9756252871,c9edce9756252871,false,none,0,false,false,false,false,false
forward_poll_2026h2,FBAK,2026-08,2026-08-04,2026-08-04,V5,8321607bda3fea5c,8321607bda3fea5c,false,none,0,,,false,,false
forward_poll_2026h2,FBASF,2026-07,2026-07-30,2026-08-04,V3,c31c907e9897c5f6,5d7d0406ea23c745,true,down,"[0.01,0.05)",false,false,false,true,false
forward_poll_2026h2,FBBPF,2026-07,2026-07-24,2026-07-25,V3,ecc7c1672e15e09e,5f3bf7b724022156,true,up,"(0,0.01)",false,false,false,false,false
forward_poll_2026h2,FBGGF,2026-07,2026-07-07,2026-07-08,V3,132c4d0690d3d2b8,0078a4952a8fb96e,true,down,"(0,0.01)",true,true,false,false,false
forward_poll_2026h2,FBIN,2026-08,2026-08-04,2026-08-04,V5,b7e14d9c2144fc77,b7e14d9c2144fc77,false,none,0,true,true,false,false,false
forward_poll_2026h2,FBIZ,2026-07,2026-07-30,2026-07-31,V5,88bb7f1627dc907a,40308179b8a22205,true,up,"[0.05,0.25)",true,true,false,false,false
forward_poll_2026h2,FBK,2026-07,2026-07-14,2026-07-14,V5,2ad5ac4a9b11434b,2ad5ac4a9b11434b,false,none,0,false,false,false,false,false
forward_poll_2026h2,FBLA,2026-07,2026-07-28,2026-07-28,V5,ee43278334d002d8,ee43278334d002d8,false,none,0,,,false,,false
forward_poll_2026h2,FBLG,2026-07,2026-08-01,2026-08-01,V3,d7de13d23f4271ad,d7de13d23f4271ad,false,none,0,true,true,false,false,false
forward_poll_2026h2,FBNC,2026-07,2026-07-22,2026-07-22,V5,442abb26368fe5f1,442abb26368fe5f1,false,none,0,false,false,false,false,false
forward_poll_2026h2,FBOHF,2026-07,2026-07-30,2026-07-30,V5,e586689b9f6a4090,e586689b9f6a4090,false,none,0,,,false,,true
forward_poll_2026h2,FBOHF,2026-07,2026-07-30,2026-07-30,V5,e586689b9f6a4090,e586689b9f6a4090,false,none,0,,,false,,false
forward_poll_2026h2,FBP,2026-07,2026-07-22,2026-07-29,V3,e5d9fb95a934d9e1,e5d9fb95a934d9e1,false,none,0,true,true,false,false,false
forward_poll_2026h2,FBPI,2026-07,2026-07-30,2026-07-30,V5,9ae872c47a201f7d,9ae872c47a201f7d,false,none,0,,,false,,false
forward_poll_2026h2,FBRT,2026-07,2026-07-29,2026-07-31,V5,4bcf2cbc79472c7c,4bcf2cbc79472c7c,false,none,0,false,false,false,false,false
forward_poll_2026h2,FBRT-PE,2026-07,2026-07-30,2026-07-30,V3,7076ff6a0381dba0,7076ff6a0381dba0,false,none,0,true,true,false,false,false
forward_poll_2026h2,FBSFF,2026-06,2026-06-06,2026-06-10,V3,0082967dd5f838a2,a7a0aef7735fa794,true,up,"(0,0.01)",,,false,,false
forward_poll_2026h2,FBSI,2026-07,2026-07-24,2026-07-24,V5,91225afd570f72eb,91225afd570f72eb,false,none,0,,,false,,false
forward_poll_2026h2,FC,2026-07,2026-07-04,2026-07-08,V5,ee5b87dc3ecd6caa,2382fca1b48adc16,true,up,"[0.05,0.25)",true,true,false,false,true
forward_poll_2026h2,FCAP,2026-07,2026-07-24,2026-07-24,V5,0b21622910460e97,0b21622910460e97,false,none,0,,,false,,false
forward_poll_2026h2,FCBBF,2026-07,2026-08-01,2026-08-01,V5,743e0db1d40f1b3f,743e0db1d40f1b3f,false,none,0,,,false,,true
forward_poll_2026h2,FCBC,2026-07,2026-07-21,2026-07-23,V3,4f3c22bdcc9348c1,4f3c22bdcc9348c1,false,none,0,true,true,false,false,false
forward_poll_2026h2,FCBM,2026-07,2026-07-30,2026-08-04,V3,2ef44b13b12a2b2c,2ef44b13b12a2b2c,false,none,0,true,false,true,true,false
forward_poll_2026h2,FCCO,2026-07,2026-07-22,2026-07-22,V5,cb9319269c82c2e0,cb9319269c82c2e0,false,none,0,true,true,false,false,false
forward_poll_2026h2,FCEL,2026-06,2026-06-08,2026-06-15,V3,d8d2824e8fc6e6c3,91404eeea41b48dd,true,up,"[0.25,1.00)",false,false,false,false,false
forward_poll_2026h2,FCELB,2026-06,2026-06-08,2026-06-08,V3,ba05b2a52bea0ee2,ba05b2a52bea0ee2,false,none,0,false,false,false,false,false
forward_poll_2026h2,FCF,2026-07,2026-07-29,2026-08-04,V5,783973355f0e68c2,783973355f0e68c2,false,none,0,false,false,false,false,false
forward_poll_2026h2,FCFS,2026-07,2026-07-23,2026-07-23,V3,acd90c02d7652cfc,acd90c02d7652cfc,false,none,0,true,true,false,false,false
forward_poll_2026h2,FCHRF,2026-07,2026-07-18,2026-07-18,V5,fe32e7618fe4fe2e,fe32e7618fe4fe2e,false,none,0,,,false,,false
forward_poll_2026h2,FCN,2026-07,2026-07-30,2026-08-02,V5,512e1261a4b51d12,512e1261a4b51d12,false,none,0,false,false,false,false,false
forward_poll_2026h2,FCNCB,2026-07,2026-07-23,2026-07-23,V3,c24aa51f7534b111,c24aa51f7534b111,false,none,0,true,true,false,false,false
forward_poll_2026h2,FCNCN,2026-07,2026-07-23,2026-07-23,V3,b0fd2a3bf7874440,b0fd2a3bf7874440,false,none,0,true,true,false,false,false
forward_poll_2026h2,FCNCO,2026-07,2026-07-23,2026-07-23,V3,75afe3ab173fad82,75afe3ab173fad82,false,none,0,true,true,false,false,false
forward_poll_2026h2,FCNCP,2026-07,2026-07-23,2026-07-23,V3,1747dfd460926a8b,1747dfd460926a8b,false,none,0,true,true,false,false,false
forward_poll_2026h2,FCPT,2026-07,2026-07-29,2026-07-30,V5,348d6648244d27e7,3a0755ac3de6903f,true,down,"[0.05,0.25)",true,false,true,true,false
forward_poll_2026h2,FCSMF,2026-06,2026-06-05,2026-06-05,V5,309dcbec711a8587,309dcbec711a8587,false,none,0,,,false,,true
forward_poll_2026h2,FCX,2026-07,2026-07-23,2026-07-26,V5,615ca056d0d5af01,ba7e73d0262ffe83,true,down,"[0.05,0.25)",true,true,false,false,false
forward_poll_2026h2,FCX,2026-07,2026-07-23,2026-07-23,V5,615ca056d0d5af01,615ca056d0d5af01,false,none,0,true,true,false,false,false
forward_poll_2026h2,FCXXF,2026-07,2026-07-28,2026-07-28,V5,9134c6d98d68cb78,62d787e91676d0c3,true,down,"(0,0.01)",,,false,,false
forward_poll_2026h2,FDBC,2026-07,2026-07-22,2026-07-22,V5,11719b78f918c39e,11719b78f918c39e,false,none,0,,,false,,false
forward_poll_2026h2,FDDMF,2026-08,2026-08-03,2026-08-03,V5,fae440a1ced58758,3f38ece307d0df9b,true,up,"(0,0.01)",,,false,,false
forward_poll_2026h2,FDMIF,2026-07,2026-07-29,2026-07-29,V3,462253a75a69a9d9,dca219f565fb9888,true,down,"(0,0.01)",false,false,false,false,false
forward_poll_2026h2,FDOGF,2026-06,2026-06-05,2026-06-05,V5,c33b526208d25bd9,c33b526208d25bd9,false,none,0,,,false,,false
forward_poll_2026h2,FDOGF,2026-06,2026-06-07,2026-06-07,V5,c33b526208d25bd9,c33b526208d25bd9,false,none,0,,,false,,false
forward_poll_2026h2,FDOGF,2026-06,2026-06-09,2026-06-09,V5,c33b526208d25bd9,c33b526208d25bd9,false,none,0,,,false,,false
forward_poll_2026h2,FDOGF,2026-06,2026-06-10,2026-06-10,V5,c33b526208d25bd9,c33b526208d25bd9,false,none,0,,,false,,false
forward_poll_2026h2,FDOGF,2026-06,2026-06-11,2026-06-11,V5,c33b526208d25bd9,c33b526208d25bd9,false,none,0,,,false,,false
forward_poll_2026h2,FDOGF,2026-06,2026-06-14,2026-06-14,V5,c33b526208d25bd9,c33b526208d25bd9,false,none,0,,,false,,false
forward_poll_2026h2,FDOGF,2026-06,2026-06-16,2026-06-16,V5,c33b526208d25bd9,c33b526208d25bd9,false,none,0,,,false,,false
forward_poll_2026h2,FDOGF,2026-06,2026-06-17,2026-06-17,V5,c33b526208d25bd9,c33b526208d25bd9,false,none,0,,,false,,false
forward_poll_2026h2,FDOGF,2026-06,2026-06-18,2026-06-18,V5,c33b526208d25bd9,c33b526208d25bd9,false,none,0,,,false,,false
forward_poll_2026h2,FDOGF,2026-06,2026-06-22,2026-06-22,V5,c33b526208d25bd9,c33b526208d25bd9,false,none,0,,,false,,false
forward_poll_2026h2,FDOGF,2026-06,2026-06-23,2026-06-23,V5,c33b526208d25bd9,c33b526208d25bd9,false,none,0,,,false,,false
forward_poll_2026h2,FDOGF,2026-06,2026-06-24,2026-06-24,V5,c33b526208d25bd9,c33b526208d25bd9,false,none,0,,,false,,false
forward_poll_2026h2,FDOGF,2026-06,2026-06-25,2026-06-25,V5,c33b526208d25bd9,c33b526208d25bd9,false,none,0,,,false,,false
forward_poll_2026h2,FDOGF,2026-07,2026-07-05,2026-07-05,V5,c33b526208d25bd9,c33b526208d25bd9,false,none,0,,,false,,false
forward_poll_2026h2,FDOGF,2026-07,2026-07-07,2026-07-07,V5,c33b526208d25bd9,c33b526208d25bd9,false,none,0,,,false,,false
forward_poll_2026h2,FDOGF,2026-07,2026-07-08,2026-07-08,V5,c33b526208d25bd9,c33b526208d25bd9,false,none,0,,,false,,false
forward_poll_2026h2,FDOGF,2026-07,2026-07-10,2026-07-10,V5,c33b526208d25bd9,c33b526208d25bd9,false,none,0,,,false,,false
forward_poll_2026h2,FDOGF,2026-07,2026-07-12,2026-07-12,V5,c33b526208d25bd9,c33b526208d25bd9,false,none,0,,,false,,false
forward_poll_2026h2,FDOGF,2026-07,2026-07-14,2026-07-14,V5,c33b526208d25bd9,c33b526208d25bd9,false,none,0,,,false,,false
forward_poll_2026h2,FDOGF,2026-07,2026-07-15,2026-07-15,V5,c33b526208d25bd9,c33b526208d25bd9,false,none,0,,,false,,false
forward_poll_2026h2,FDOGF,2026-07,2026-07-16,2026-07-16,V5,c33b526208d25bd9,c33b526208d25bd9,false,none,0,,,false,,false
forward_poll_2026h2,FDOGF,2026-07,2026-07-19,2026-07-19,V5,c33b526208d25bd9,c33b526208d25bd9,false,none,0,,,false,,false
forward_poll_2026h2,FDOGF,2026-07,2026-07-21,2026-07-21,V5,c33b526208d25bd9,c33b526208d25bd9,false,none,0,,,false,,false
forward_poll_2026h2,FDOGF,2026-07,2026-07-22,2026-07-22,V5,c33b526208d25bd9,c33b526208d25bd9,false,none,0,,,false,,false
forward_poll_2026h2,FDOGF,2026-07,2026-07-23,2026-07-23,V5,c33b526208d25bd9,c33b526208d25bd9,false,none,0,,,false,,false
forward_poll_2026h2,FDOGF,2026-07,2026-07-26,2026-07-26,V5,c33b526208d25bd9,c33b526208d25bd9,false,none,0,,,false,,false
forward_poll_2026h2,FDOGF,2026-07,2026-07-28,2026-07-28,V5,c33b526208d25bd9,c33b526208d25bd9,false,none,0,,,false,,false
forward_poll_2026h2,FDOGF,2026-07,2026-07-29,2026-07-29,V5,c33b526208d25bd9,c33b526208d25bd9,false,none,0,,,false,,false
forward_poll_2026h2,FDOGF,2026-07,2026-07-30,2026-07-30,V5,c33b526208d25bd9,c33b526208d25bd9,false,none,0,,,false,,false
forward_poll_2026h2,FDOGF,2026-08,2026-08-03,2026-08-03,V5,c33b526208d25bd9,c33b526208d25bd9,false,none,0,,,false,,false
forward_poll_2026h2,FDS,2026-07,2026-07-04,2026-07-08,V5,1b2b1d7903704980,1b2b1d7903704980,false,none,0,false,false,false,false,true
forward_poll_2026h2,FDVA,2026-07,2026-07-31,2026-07-31,V3,5e8b86c249e779bd,5e8b86c249e779bd,false,none,0,false,false,false,false,false
forward_poll_2026h2,FDX,2026-06,2026-06-23,2026-06-25,V5,1f1c640452d73cca,1f1c640452d73cca,false,none,0,false,false,false,false,false
forward_poll_2026h2,FDXF,2026-07,2026-07-28,2026-07-28,V3,07f9085efddcf022,07f9085efddcf022,false,none,0,true,true,false,false,false
forward_poll_2026h2,FE,2026-07,2026-07-28,2026-07-30,V5,7fb1df5b6bcdf56d,7fb1df5b6bcdf56d,false,none,0,false,false,false,false,false
forward_poll_2026h2,FEIM,2026-07,2026-07-15,2026-07-20,V5,678f26bc0021cf71,678f26bc0021cf71,false,none,0,false,false,false,false,false
forward_poll_2026h2,FELE,2026-07,2026-07-28,2026-08-04,V5,9c5738bd68d1ef22,9c5738bd68d1ef22,false,none,0,false,false,false,false,false
forward_poll_2026h2,FELTF,2026-07,2026-07-30,2026-08-04,V3,69bdfe8b9e3345bb,69bdfe8b9e3345bb,false,none,0,true,true,false,false,false
forward_poll_2026h2,FER,2026-07,2026-07-29,2026-08-04,V3,89c731f6a7d1d641,3dd811236f8eec3c,true,up,"[0.25,1.00)",false,true,true,true,false
forward_poll_2026h2,FESNF,2026-07,2026-07-30,2026-07-30,V5,b1879debd754fd57,b1879debd754fd57,false,none,0,,,false,,false
forward_poll_2026h2,FET,2026-07,2026-07-30,2026-08-04,V5,dc4b2ff7ac9706aa,dc4b2ff7ac9706aa,false,none,0,true,true,false,false,false
forward_poll_2026h2,FFBC,2026-07,2026-07-22,2026-07-26,V5,dcefe6fddbc50e7b,dcefe6fddbc50e7b,false,none,0,false,false,false,false,false
forward_poll_2026h2,FFDF,2026-07,2026-07-24,2026-07-24,V5,a66638e36c8fc925,a66638e36c8fc925,false,none,0,,,false,,false
forward_poll_2026h2,FFIN,2026-07,2026-07-17,2026-07-17,V5,136e2fc82e0970cd,136e2fc82e0970cd,false,none,0,false,false,false,false,false
forward_poll_2026h2,FFIV,2026-07,2026-07-27,2026-07-28,V5,c4709b1afaaafed1,c4709b1afaaafed1,false,none,0,true,true,false,false,false
forward_poll_2026h2,FFOXF,2026-06,2026-06-05,2026-06-05,V5,4bfd24d2390d261b,4bfd24d2390d261b,false,none,0,,,false,,true
forward_poll_2026h2,FFXDF,2026-07,2026-07-30,2026-08-01,V3,4602c3adae910753,51a76d569521a63e,true,down,"[0.05,0.25)",true,true,false,false,false
forward_poll_2026h2,FGBI,2026-07,2026-07-27,2026-07-27,V3,86c9f340c6d5bbd2,86c9f340c6d5bbd2,false,none,0,true,true,false,false,false
forward_poll_2026h2,FGBI,2026-07,2026-08-01,2026-08-01,V3,86c9f340c6d5bbd2,86c9f340c6d5bbd2,false,none,0,true,true,false,false,true
forward_poll_2026h2,FGBIP,2026-07,2026-07-28,2026-07-28,V3,3db47fedfbc62d21,3db47fedfbc62d21,false,none,0,true,true,false,false,true
forward_poll_2026h2,FGBIP,2026-07,2026-07-29,2026-07-29,V3,3db47fedfbc62d21,3db47fedfbc62d21,false,none,0,true,true,false,false,true
forward_poll_2026h2,FGBIP,2026-07,2026-07-30,2026-07-30,V3,bdf7e81081c12446,bdf7e81081c12446,false,none,0,true,true,false,false,true
forward_poll_2026h2,FGPR,2026-06,2026-06-07,2026-06-07,V5,e9796a10578ada04,e9796a10578ada04,false,none,0,,,false,,true
forward_poll_2026h2,FGROF,2026-06,2026-06-19,2026-06-19,V5,7eab6d754b92299f,7eab6d754b92299f,false,none,0,,,false,,false
forward_poll_2026h2,FHB,2026-07,2026-07-24,2026-07-31,V5,e6b34120d02fdbec,e6b34120d02fdbec,false,none,0,false,false,false,false,false
forward_poll_2026h2,FHELF,2026-08,2026-08-03,2026-08-03,V5,c72684c9ef7e0cf1,c72684c9ef7e0cf1,false,none,0,,,false,,false
forward_poll_2026h2,FHI,2026-07,2026-07-30,2026-07-30,V5,5db8a63c70754eed,5db8a63c70754eed,false,none,0,true,true,false,false,false
forward_poll_2026h2,FHN,2026-07,2026-07-15,2026-07-15,V5,f203d2b5ae5d86aa,f203d2b5ae5d86aa,false,none,0,false,false,false,false,false
forward_poll_2026h2,FHN-PE,2026-07,2026-07-15,2026-07-15,V3,838c182d4087cbde,838c182d4087cbde,false,none,0,true,true,false,false,false
forward_poll_2026h2,FHN-PF,2026-07,2026-07-15,2026-07-15,V3,a301df4ab6f74700,a301df4ab6f74700,false,none,0,true,true,false,false,false
forward_poll_2026h2,FIBK,2026-07,2026-07-23,2026-07-23,V5,70722fed00fe880a,70722fed00fe880a,false,none,0,true,true,false,false,false
forward_poll_2026h2,FICO,2026-07,2026-07-29,2026-07-31,V5,be89f0b724b52cde,be89f0b724b52cde,false,none,0,false,false,false,false,false
forward_poll_2026h2,FIISO,2026-07,2026-07-23,2026-07-23,V3,d1c69909667a5969,d1c69909667a5969,false,none,0,true,true,false,false,false
forward_poll_2026h2,FINMF,2026-07,2026-08-01,2026-08-01,V3,0cbf4e81356dc045,0cbf4e81356dc045,false,none,0,true,true,false,false,true
forward_poll_2026h2,FINMF,2026-07,2026-08-02,2026-08-02,V3,3e0640a6ae6e299a,3e0640a6ae6e299a,false,none,0,,,false,,true
forward_poll_2026h2,FINW,2026-07,2026-07-29,2026-07-29,V5,6db22411179f43e3,6db22411179f43e3,false,none,0,false,false,false,false,false
forward_poll_2026h2,FIS,2026-08,2026-08-04,2026-08-04,V5,04cb248cc449c496,04cb248cc449c496,false,none,0,false,false,false,false,false
forward_poll_2026h2,FISI,2026-07,2026-07-23,2026-07-23,V5,c70f41c63d72efb4,c70f41c63d72efb4,false,none,0,true,true,false,false,false
forward_poll_2026h2,FISK,2026-07,2026-07-30,2026-07-30,V5,a4aad53c2cd26d44,a4aad53c2cd26d44,false,none,0,,,false,,false
forward_poll_2026h2,FISN,2026-08,2026-08-03,2026-08-04,V5,2b5136117605d9db,2b5136117605d9db,false,none,0,true,false,true,true,false
forward_poll_2026h2,FITB,2026-07,2026-07-17,2026-07-19,V5,34b3773f450d62e3,34b3773f450d62e3,false,none,0,false,false,false,false,false
forward_poll_2026h2,FITBO,2026-07,2026-07-20,2026-07-20,V3,813dcbe037fe4c99,813dcbe037fe4c99,false,none,0,false,false,false,false,true
forward_poll_2026h2,FIVE,2026-06,2026-06-05,2026-06-06,V5,9193b5bdeae199a1,9193b5bdeae199a1,false,none,0,true,true,false,false,true
forward_poll_2026h2,FIX,2026-07,2026-07-23,2026-07-23,V5,64b397f128c7d9c5,64b397f128c7d9c5,false,none,0,true,true,false,false,false
forward_poll_2026h2,FIZZ,2026-07,2026-07-04,2026-07-04,V3,ce43e345f649d508,ce43e345f649d508,false,none,0,false,false,false,false,true
forward_poll_2026h2,FJTNF,2026-08,2026-08-04,2026-08-04,V5,6773743f60c42207,732fb3c3c9477478,true,down,"(0,0.01)",,,false,,false
forward_poll_2026h2,FJTSF,2026-07,2026-07-30,2026-07-30,V3,3fa0bd1f5c985422,3fa0bd1f5c985422,false,none,0,true,true,false,false,false
forward_poll_2026h2,FJTSY,2026-07,2026-07-30,2026-07-30,V3,a4676a71ac01ebb8,a4676a71ac01ebb8,false,none,0,true,true,false,false,false
forward_poll_2026h2,FKRAF,2026-07,2026-07-17,2026-07-17,V3,e82112167a7bc609,34f3235e5793342f,true,down,"[0.01,0.05)",false,false,false,false,false
forward_poll_2026h2,FLEX,2026-07,2026-07-29,2026-08-01,V5,851ef9c0308e59a6,851ef9c0308e59a6,false,none,0,true,true,false,false,false
forward_poll_2026h2,FLG,2026-07,2026-07-24,2026-07-31,V5,9472bcbba5c33110,9472bcbba5c33110,false,none,0,false,false,false,false,false
forward_poll_2026h2,FLGT,2026-07,2026-07-30,2026-08-01,V3,a14c5f8fa0fcb66e,a14c5f8fa0fcb66e,false,none,0,false,false,false,false,false
forward_poll_2026h2,FLNA,2026-07,2026-07-29,2026-07-29,V5,7c836b07ce051453,7c836b07ce051453,false,none,0,true,true,false,false,false
forward_poll_2026h2,FLNCF,2026-07,2026-07-28,2026-07-28,V5,38b264373252e2d3,38b264373252e2d3,false,none,0,,,false,,false
forward_poll_2026h2,FLNCF,2026-07,2026-07-28,2026-07-28,V5,bc968924e5aad9c1,bc968924e5aad9c1,false,none,0,,,false,,false
forward_poll_2026h2,FLS,2026-07,2026-07-29,2026-07-31,V5,fcf97ce90f7cfa76,fcf97ce90f7cfa76,false,none,0,true,true,false,false,false
forward_poll_2026h2,FLTLF,2026-07,2026-08-01,2026-08-01,V5,6ace18e9f648df63,6ace18e9f648df63,false,none,0,,,false,,true
forward_poll_2026h2,FLUIF,2026-07,2026-07-30,2026-07-31,V3,0bb3b602f11cf2c0,763f72b4989aa4d3,true,down,"[0.01,0.05)",true,false,true,true,false
forward_poll_2026h2,FLYE,2026-07,2026-07-23,2026-07-23,V5,afa4595655eab99c,afa4595655eab99c,false,none,0,,,false,,false
forward_poll_2026h2,FLYW,2026-08,2026-08-04,2026-08-05,V5,da427829d7465f2e,424d85ccc5a41828,true,down,"[0.05,0.25)",true,false,true,true,false
forward_poll_2026h2,FMANF,2026-07,2026-07-24,2026-07-24,V3,14c73d01176d912a,14c73d01176d912a,false,none,0,true,true,false,false,true
forward_poll_2026h2,FMAO,2026-07,2026-07-27,2026-07-27,V5,0272e16027b403d8,0272e16027b403d8,false,none,0,true,true,false,false,false
forward_poll_2026h2,FMBH,2026-07,2026-07-23,2026-07-30,V5,b8a420e4dbaa66f0,73fe363d3d733f30,true,down,"[0.05,0.25)",true,false,true,true,false
forward_poll_2026h2,FMBL,2026-07,2026-07-14,2026-07-14,V5,e86ccfa0ac3d9f00,e86ccfa0ac3d9f00,false,none,0,,,false,,true
forward_poll_2026h2,FMBL,2026-07,2026-07-15,2026-07-16,V5,e86ccfa0ac3d9f00,72797c7e586c318f,true,up,"[0.25,1.00)",,,false,,false
forward_poll_2026h2,FMBM,2026-07,2026-07-29,2026-07-29,V5,e3a46120e2a029d7,e3a46120e2a029d7,false,none,0,,,false,,false
forward_poll_2026h2,FMC,2026-07,2026-07-29,2026-08-01,V5,f2a8970e4c2448fd,f2a8970e4c2448fd,false,none,0,true,true,false,false,false
forward_poll_2026h2,FMCB,2026-07,2026-07-21,2026-07-21,V3,d6a9ef55306c997e,d6a9ef55306c997e,false,none,0,,,false,,false
forward_poll_2026h2,FMCC,2026-07,2026-07-30,2026-07-30,V5,ec7603bc5733cd2f,ec7603bc5733cd2f,false,none,0,true,true,false,false,false
forward_poll_2026h2,FMCCG,2026-07,2026-07-30,2026-07-30,V3,feaa8339a9138f98,feaa8339a9138f98,false,none,0,true,true,false,false,false
forward_poll_2026h2,FMCCH,2026-07,2026-07-30,2026-07-30,V3,8cec987b9a8bedeb,8cec987b9a8bedeb,false,none,0,true,true,false,false,false
forward_poll_2026h2,FMCCI,2026-07,2026-07-30,2026-07-30,V3,ff9e95f7c9937381,ff9e95f7c9937381,false,none,0,true,true,false,false,false
forward_poll_2026h2,FMCCJ,2026-07,2026-07-31,2026-07-31,V3,0403b83643f9a4c7,0403b83643f9a4c7,false,none,0,true,true,false,false,false
forward_poll_2026h2,FMCCK,2026-07,2026-07-31,2026-07-31,V3,4ab53e6ce0fc979f,4ab53e6ce0fc979f,false,none,0,true,true,false,false,false
forward_poll_2026h2,FMCCL,2026-07,2026-07-30,2026-07-30,V3,7fc535b86a5d1a2a,7fc535b86a5d1a2a,false,none,0,true,true,false,false,false
forward_poll_2026h2,FMCCM,2026-07,2026-07-30,2026-07-30,V3,19dd566a68a3b2c7,19dd566a68a3b2c7,false,none,0,true,true,false,false,false
forward_poll_2026h2,FMCCN,2026-07,2026-07-30,2026-07-30,V3,556e32d7e66ae4a2,556e32d7e66ae4a2,false,none,0,true,true,false,false,false
forward_poll_2026h2,FMCCO,2026-07,2026-07-30,2026-07-30,V3,141bec2b2937517a,141bec2b2937517a,false,none,0,true,true,false,false,false
forward_poll_2026h2,FMCCP,2026-07,2026-07-30,2026-07-30,V3,3e8b6322fc7e29e3,3e8b6322fc7e29e3,false,none,0,true,true,false,false,false
forward_poll_2026h2,FMCCS,2026-07,2026-07-30,2026-07-30,V3,048bcc878619a2af,048bcc878619a2af,false,none,0,true,true,false,false,false
forward_poll_2026h2,FMCCT,2026-07,2026-07-30,2026-07-30,V3,937258231e29d65f,937258231e29d65f,false,none,0,true,true,false,false,false
forward_poll_2026h2,FMCKI,2026-07,2026-07-30,2026-07-30,V3,d5b167cd92a54016,d5b167cd92a54016,false,none,0,true,true,false,false,false
forward_poll_2026h2,FMCKJ,2026-07,2026-07-31,2026-07-31,V3,d3c26630f25a2efc,d3c26630f25a2efc,false,none,0,true,true,false,false,false
forward_poll_2026h2,FMCKK,2026-07,2026-07-30,2026-07-30,V3,defc2a70a26c7e86,defc2a70a26c7e86,false,none,0,true,true,false,false,false
forward_poll_2026h2,FMCKL,2026-07,2026-07-30,2026-07-30,V3,5cdfba643e77f0d7,5cdfba643e77f0d7,false,none,0,true,true,false,false,false
forward_poll_2026h2,FMCKM,2026-07,2026-07-30,2026-07-30,V3,de870d56deab5483,de870d56deab5483,false,none,0,true,true,false,false,false
forward_poll_2026h2,FMCKN,2026-07,2026-07-30,2026-07-30,V3,0b61f195f4d0a8b3,0b61f195f4d0a8b3,false,none,0,true,true,false,false,false
forward_poll_2026h2,FMCKO,2026-07,2026-07-30,2026-07-30,V3,d3877f4aadd1c0a6,d3877f4aadd1c0a6,false,none,0,true,true,false,false,false
forward_poll_2026h2,FMCKP,2026-07,2026-07-30,2026-07-30,V3,acfb9537e1ce65bf,acfb9537e1ce65bf,false,none,0,true,true,false,false,false
forward_poll_2026h2,FMCQF,2026-08,2026-08-04,2026-08-04,V3,6b230a8a848d10e2,6b230a8a848d10e2,false,none,0,true,true,false,false,false
forward_poll_2026h2,FMMFF,2026-08,2026-08-03,2026-08-03,V5,8765dcd427e86e6a,d395767ca1a419f7,true,up,"[0.01,0.05)",,,false,,false
forward_poll_2026h2,FMNB,2026-07,2026-07-22,2026-07-22,V5,4996f09d00b03abb,4996f09d00b03abb,false,none,0,true,true,false,false,false
forward_poll_2026h2,FMS,2026-08,2026-08-04,2026-08-04,V5,311de0a6c098e63c,57a1ac5c5d53f68b,true,down,"[0.25,1.00)",true,false,true,false,false
forward_poll_2026h2,FMS,2026-08,2026-08-03,2026-08-03,V5,57a1ac5c5d53f68b,57a1ac5c5d53f68b,false,none,0,false,false,false,false,false
forward_poll_2026h2,FMST,2026-06,2026-07-04,2026-07-06,V3,a4e1ae3919717933,a4e1ae3919717933,false,none,0,false,false,false,false,true
forward_poll_2026h2,FMST,2026-06,2026-07-04,2026-07-04,V3,bb62e07e6f4a03c2,bb62e07e6f4a03c2,false,none,0,,,false,,true
forward_poll_2026h2,FMSTW,2026-06,2026-07-04,2026-07-04,V3,e710a2ad60864b6d,e710a2ad60864b6d,false,none,0,,,false,,true
forward_poll_2026h2,FMSTW,2026-07,2026-07-22,2026-07-22,V3,a7b05d0c0a8e3d2f,a7b05d0c0a8e3d2f,false,none,0,,,false,,false
forward_poll_2026h2,FMX,2026-07,2026-07-28,2026-08-03,V3,ccba8fb3513d8549,ccba8fb3513d8549,false,none,0,true,true,false,false,false
forward_poll_2026h2,FMXUF,2026-07,2026-07-29,2026-07-29,V3,6f66bfd18fc102fe,6f66bfd18fc102fe,false,none,0,false,false,false,false,false
forward_poll_2026h2,FNB,2026-07,2026-07-17,2026-07-23,V5,4f19f3dd5870fdf5,4f19f3dd5870fdf5,false,none,0,false,false,false,false,false
forward_poll_2026h2,FNCNF,2026-07,2026-08-01,2026-08-01,V5,f17aca1113689f43,f17aca1113689f43,false,none,0,,,false,,true
forward_poll_2026h2,FNCTF,2026-07,2026-07-27,2026-07-28,V5,7f3c17f001e3fe35,d4dd688ea8155c97,true,down,"[0.01,0.05)",,false,false,,false
forward_poll_2026h2,FND,2026-07,2026-07-30,2026-08-02,V5,36f14ffc9e22210c,36f14ffc9e22210c,false,none,0,false,false,false,false,false
forward_poll_2026h2,FNFI,2026-07,2026-08-01,2026-08-01,V5,f38647043e33aced,f38647043e33aced,false,none,0,,,false,,false
forward_poll_2026h2,FNGR,2026-06,2026-06-05,2026-06-05,V3,6b4dd86f77b7db6e,6b4dd86f77b7db6e,false,none,0,false,false,false,false,true
forward_poll_2026h2,FNGR,2026-07,2026-07-16,2026-07-16,V3,6393943934f15062,6393943934f15062,false,none,0,false,false,false,false,false
forward_poll_2026h2,FNGR,2026-07,2026-07-16,2026-07-16,V3,6393943934f15062,6393943934f15062,false,none,0,false,false,false,false,false
forward_poll_2026h2,FNLC,2026-07,2026-07-22,2026-07-22,V5,035b0c86577df53d,035b0c86577df53d,false,none,0,,,false,,false
forward_poll_2026h2,FNLPF,2026-08,2026-08-04,2026-08-04,V3,06dd23d1062f54d5,06dd23d1062f54d5,false,none,0,true,true,false,false,false
forward_poll_2026h2,FNMA,2026-07,2026-07-29,2026-07-29,V5,0f9cb2c32997bde0,0f9cb2c32997bde0,false,none,0,false,false,false,false,false
forward_poll_2026h2,FNMAG,2026-07,2026-07-29,2026-07-29,V3,ffffb6ee70559516,ffffb6ee70559516,false,none,0,true,true,false,false,false
forward_poll_2026h2,FNMAH,2026-07,2026-07-29,2026-07-29,V3,a2eef9ffe970d08f,a2eef9ffe970d08f,false,none,0,true,true,false,false,false
forward_poll_2026h2,FNMAI,2026-07,2026-07-29,2026-07-29,V3,a72ab49ddf07b1e7,a72ab49ddf07b1e7,false,none,0,true,true,false,false,false
forward_poll_2026h2,FNMAJ,2026-07,2026-07-29,2026-07-29,V3,23cbe8fe69d9c665,23cbe8fe69d9c665,false,none,0,true,true,false,false,false
forward_poll_2026h2,FNMAK,2026-07,2026-07-29,2026-07-29,V3,4d3bed04e879fd03,4d3bed04e879fd03,false,none,0,true,true,false,false,false
forward_poll_2026h2,FNMAL,2026-07,2026-07-29,2026-07-29,V3,e9627cb09062b669,e9627cb09062b669,false,none,0,true,true,false,false,false
forward_poll_2026h2,FNMAM,2026-07,2026-07-29,2026-07-29,V3,12096e4c398f923f,12096e4c398f923f,false,none,0,true,true,false,false,false
forward_poll_2026h2,FNMAN,2026-07,2026-07-29,2026-07-29,V3,a19b604c3cd52137,a19b604c3cd52137,false,none,0,true,true,false,false,false
forward_poll_2026h2,FNMAO,2026-07,2026-07-29,2026-07-29,V3,a9a137b23021af3f,a9a137b23021af3f,false,none,0,true,true,false,false,false
forward_poll_2026h2,FNMAP,2026-07,2026-07-29,2026-07-29,V3,88a8e7902c126151,88a8e7902c126151,false,none,0,true,true,false,false,false
forward_poll_2026h2,FNMAS,2026-07,2026-07-29,2026-07-29,V3,7d40d844e01c4522,7d40d844e01c4522,false,none,0,true,true,false,false,false
forward_poll_2026h2,FNMAT,2026-07,2026-07-29,2026-07-29,V3,c6d0d2b444802492,c6d0d2b444802492,false,none,0,true,true,false,false,false
forward_poll_2026h2,FNMFM,2026-07,2026-07-29,2026-07-29,V3,2e48bf163a4fd9ff,2e48bf163a4fd9ff,false,none,0,true,true,false,false,false
forward_poll_2026h2,FNMFN,2026-07,2026-07-29,2026-07-29,V3,59a5c7c7067aaff5,59a5c7c7067aaff5,false,none,0,true,true,false,false,false
forward_poll_2026h2,FNMFO,2026-07,2026-07-29,2026-07-29,V3,d8c126555c66f4a2,d8c126555c66f4a2,false,none,0,true,true,false,false,false
forward_poll_2026h2,FNNNF,2026-07,2026-07-23,2026-07-23,V3,cdf37a6b3f4f7df2,da11d178bbec3001,true,down,"[0.01,0.05)",true,false,true,true,false
forward_poll_2026h2,FNRN,2026-07,2026-07-30,2026-07-30,V5,527b9ee91bb027c4,527b9ee91bb027c4,false,none,0,,,false,,false
forward_poll_2026h2,FNWB,2026-07,2026-07-29,2026-07-29,V3,c89571d5445326f8,c89571d5445326f8,false,none,0,true,true,false,false,false
forward_poll_2026h2,FNWD,2026-07,2026-07-28,2026-07-28,V5,3bfbbe2d80fd3e1f,3bfbbe2d80fd3e1f,false,none,0,false,false,false,false,false
forward_poll_2026h2,FNXTF,2026-07,2026-07-23,2026-07-23,V3,e701680125f1118d,e701680125f1118d,false,none,0,false,false,false,false,true
forward_poll_2026h2,FOA,2026-08,2026-08-04,2026-08-04,V5,90606cda58998c03,90606cda58998c03,false,none,0,false,false,false,false,false
forward_poll_2026h2,FOJCF,2026-07,2026-07-22,2026-07-22,V3,9df6878fd1a68abc,dafab1f8941dead4,true,down,"[0.01,0.05)",false,false,false,true,false
forward_poll_2026h2,FOR,2026-07,2026-07-21,2026-07-22,V5,d5aa46e456924e9a,d5aa46e456924e9a,false,none,0,false,false,false,false,false
forward_poll_2026h2,FORFF,2026-07,2026-07-31,2026-07-31,V3,89dcf3f5640f6a2b,89dcf3f5640f6a2b,false,none,0,true,true,false,false,false
forward_poll_2026h2,FORM,2026-07,2026-07-29,2026-07-29,V5,bbc04fd8d6b1c5d3,bbc04fd8d6b1c5d3,false,none,0,true,true,false,false,false
forward_poll_2026h2,FORR,2026-07,2026-07-30,2026-07-31,V5,db3edbad3cc89ef2,db3edbad3cc89ef2,false,none,0,true,true,false,false,false
forward_poll_2026h2,FOSYF,2026-07,2026-08-01,2026-08-01,V5,5e1c1c62636eac13,5e1c1c62636eac13,false,none,0,,,false,,false
forward_poll_2026h2,FOTB,2026-06,2026-06-05,2026-06-05,V5,6c92057d0e5ec514,6c92057d0e5ec514,false,none,0,,,false,,true
forward_poll_2026h2,FPBC,2026-07,2026-07-30,2026-07-30,V5,5efa90ca9766e55a,5efa90ca9766e55a,false,none,0,,,false,,false
forward_poll_2026h2,FPH,2026-07,2026-07-23,2026-07-23,V3,6c30291d2a477ed4,6c30291d2a477ed4,false,none,0,true,true,false,false,false
forward_poll_2026h2,FPI,2026-07,2026-07-29,2026-07-31,V3,50223a0eafbca97e,5acd20280d4af133,true,up,"[0.01,0.05)",true,true,false,false,false
forward_poll_2026h2,FPLPF,2026-07,2026-08-01,2026-08-01,V5,cbe7c7240bbd804a,cbe7c7240bbd804a,false,none,0,,,false,,true
forward_poll_2026h2,FPLSF,2026-08,2026-08-03,2026-08-03,V3,d982358dd44c86f6,d982358dd44c86f6,false,none,0,true,true,false,false,false
forward_poll_2026h2,FQVLF,2026-07,2026-07-28,2026-07-28,V3,ea15d2a24d89ab9b,ea15d2a24d89ab9b,false,none,0,false,false,false,false,false
forward_poll_2026h2,FR,2026-07,2026-07-22,2026-07-22,V3,1e1611a372542cc5,4aba0bbeb91c06fb,true,down,"[0.05,0.25)",true,true,false,false,false
forward_poll_2026h2,FRACF,2026-07,2026-07-31,2026-07-31,V3,41868d811cdd1247,41868d811cdd1247,false,none,0,false,false,false,false,false
forward_poll_2026h2,FRAF,2026-07,2026-07-24,2026-07-24,V3,9cc20239e762a597,9cc20239e762a597,false,none,0,true,true,false,false,false
forward_poll_2026h2,FRBA,2026-07,2026-07-23,2026-07-30,V5,57a4a8368fe690d2,57a4a8368fe690d2,false,none,0,false,false,false,false,false
forward_poll_2026h2,FRBT,2026-07,2026-07-30,2026-07-30,V5,8c0b4d046cead90d,8c0b4d046cead90d,false,none,0,false,false,false,false,false
forward_poll_2026h2,FRCOF,2026-07,2026-07-10,2026-07-10,V3,8aa9535df105c21d,8aa9535df105c21d,false,none,0,true,true,false,false,false
forward_poll_2026h2,FRCOY,2026-07,2026-07-10,2026-07-11,V3,ba86b7580df8c52f,43155b610cb9274a,true,up,"(0,0.01)",true,true,false,false,false
forward_poll_2026h2,FRD,2026-06,2026-06-12,2026-06-12,V3,3d7f722f95710188,dba2bda4b2d878bb,true,down,"[0.05,0.25)",,,false,,false
forward_poll_2026h2,FREDF,2026-06,2026-06-05,2026-06-05,V5,f6ea6b7bc4b6529d,f6ea6b7bc4b6529d,false,none,0,,,false,,true
forward_poll_2026h2,FREGP,2026-07,2026-07-30,2026-07-30,V3,72f1d98865936ac3,72f1d98865936ac3,false,none,0,true,true,false,false,false
forward_poll_2026h2,FREJN,2026-07,2026-07-31,2026-07-31,V3,32f26f5de858eab7,32f26f5de858eab7,false,none,0,true,true,false,false,false
forward_poll_2026h2,FREJO,2026-07,2026-07-31,2026-07-31,V3,d6463952a55aa8b7,d6463952a55aa8b7,false,none,0,true,true,false,false,false
forward_poll_2026h2,FREJP,2026-07,2026-07-31,2026-07-31,V3,4bff67435da2445f,4bff67435da2445f,false,none,0,true,true,false,false,false
forward_poll_2026h2,FRFFF,2026-07,2026-07-31,2026-07-31,V3,45cbb0c8d51e2380,45cbb0c8d51e2380,false,none,0,false,false,false,false,false
forward_poll_2026h2,FRGGF,2026-07,2026-08-02,2026-08-03,V5,3671bfe867b7ffcb,12c9a6c506d4fcb8,true,down,"(0,0.01)",,,false,,true
forward_poll_2026h2,FRHC,2026-06,2026-06-05,2026-06-05,V3,08af189bf1e66733,08af189bf1e66733,false,none,0,false,false,false,false,true
forward_poll_2026h2,FRHLF,2026-07,2026-07-29,2026-07-30,V3,5a02d5bb5aa6835a,5a02d5bb5aa6835a,false,none,0,true,true,false,false,false
forward_poll_2026h2,FRIVF,2026-08,2026-08-03,2026-08-04,V3,1a7bf7a689510513,2fdd7ff750eec9ae,true,up,"[0.05,0.25)",,,false,,false
forward_poll_2026h2,FRME,2026-07,2026-07-22,2026-07-22,V5,9a4d919bbdb12445,9a4d919bbdb12445,false,none,0,false,false,false,false,false
forward_poll_2026h2,FRMEP,2026-07,2026-07-23,2026-07-23,V3,ef307cadfd6fcc92,ef307cadfd6fcc92,false,none,0,false,false,false,false,false
forward_poll_2026h2,FRPH,2026-08,2026-08-04,2026-08-04,V5,ecf1bb6afded30ba,ecf1bb6afded30ba,false,none,0,,,false,,false
forward_poll_2026h2,FRSB,2026-07,2026-07-23,2026-07-23,V5,e0a67912b5998ec4,e0a67912b5998ec4,false,none,0,,,false,,false
forward_poll_2026h2,FRSH,2026-08,2026-08-04,2026-08-04,V5,ab66891cbac21286,ab66891cbac21286,false,none,0,true,true,false,false,false
forward_poll_2026h2,FRSPF,2026-07,2026-07-31,2026-07-31,V5,25dbbcd2e16b4a4b,25dbbcd2e16b4a4b,false,none,0,false,false,false,false,false
forward_poll_2026h2,FRST,2026-07,2026-07-23,2026-07-23,V5,45ea8759ccc24fc6,45ea8759ccc24fc6,false,none,0,false,false,false,false,false
forward_poll_2026h2,FRT,2026-07,2026-07-31,2026-08-02,V5,aec3acd3788969cc,20cc361ca91cf981,true,down,"[0.25,1.00)",true,true,false,false,false
forward_poll_2026h2,FRT-PC,2026-07,2026-07-31,2026-07-31,V3,9ae179b27768210c,9ae179b27768210c,false,none,0,true,true,false,false,false
forward_poll_2026h2,FRVO,2026-06,2026-06-23,2026-06-25,V5,aec341036d2b9950,aec341036d2b9950,false,none,0,false,false,false,false,false
forward_poll_2026h2,FRWDF,2026-06,2026-07-04,2026-07-04,V5,d09b59558b4d5025,d09b59558b4d5025,false,none,0,,,false,,true
forward_poll_2026h2,FSBC,2026-07,2026-07-22,2026-07-22,V5,78b31aec0c5ed3ba,78b31aec0c5ed3ba,false,none,0,false,false,false,false,false
forward_poll_2026h2,FSBW,2026-07,2026-07-22,2026-07-23,V5,d84d148e99dbabd0,d84d148e99dbabd0,false,none,0,false,false,false,false,false
forward_poll_2026h2,FSLR,2026-07,2026-07-30,2026-07-31,V5,046991c98b6c736e,046991c98b6c736e,false,none,0,true,true,false,false,false
forward_poll_2026h2,FSNUY,2026-08,2026-08-05,2026-08-05,V3,f0f6519270051cc4,f0f6519270051cc4,false,none,0,false,false,false,false,false
forward_poll_2026h2,FSP,2026-07,2026-07-28,2026-07-29,V3,15576518f8f8ab6e,cd0b9e3b694d6c63,true,down,"[0.05,0.25)",true,false,true,true,false
forward_poll_2026h2,FSRL,2026-07,2026-07-22,2026-07-24,V3,c73715cd7d407b93,c73715cd7d407b93,false,none,0,false,false,false,true,false
forward_poll_2026h2,FSS,2026-07,2026-07-30,2026-07-31,V5,b08ba4d4f37c1bc8,b08ba4d4f37c1bc8,false,none,0,true,true,false,false,false
forward_poll_2026h2,FSUN,2026-07,2026-07-27,2026-08-03,V5,03cbae1a10b9b0f2,03cbae1a10b9b0f2,false,none,0,true,true,false,false,false
forward_poll_2026h2,FSV,2026-07,2026-07-23,2026-07-24,V5,26a44bb9f20b4dee,26a44bb9f20b4dee,false,none,0,false,false,false,false,false
forward_poll_2026h2,FSVEF,2026-07,2026-08-01,2026-08-01,V5,c0b6ae9105abbd5b,c0b6ae9105abbd5b,false,none,0,,,false,,true
forward_poll_2026h2,FTAI,2026-07,2026-07-29,2026-08-01,V3,f862dd66d2521a90,f862dd66d2521a90,false,none,0,false,false,false,false,false
forward_poll_2026h2,FTAIM,2026-07,2026-07-29,2026-07-29,V3,7b1657bca77e9a9b,7b1657bca77e9a9b,false,none,0,false,false,false,false,false
forward_poll_2026h2,FTCO,2026-08,2026-08-04,2026-08-04,V3,3302818de8d6b6ec,3302818de8d6b6ec,false,none,0,false,false,false,false,false
forward_poll_2026h2,FTEK,2026-08,2026-08-04,2026-08-04,V3,306d98946ddfb5dc,306d98946ddfb5dc,false,none,0,false,false,false,false,false
forward_poll_2026h2,FTGFF,2026-07,2026-07-08,2026-07-09,V3,a199305906a3e094,e34a7bd244583b7c,true,down,"(0,0.01)",true,true,false,false,false
forward_poll_2026h2,FTH,2026-08,2026-08-04,2026-08-04,V5,6473222f98eff21f,6473222f98eff21f,false,none,0,false,false,false,false,false
forward_poll_2026h2,FTHM,2026-06,2026-06-08,2026-06-08,V3,467189b2de280ada,467189b2de280ada,false,none,0,false,false,false,false,false
forward_poll_2026h2,FTHM,2026-06,2026-06-15,2026-06-15,V3,467189b2de280ada,467189b2de280ada,false,none,0,false,false,false,false,false
forward_poll_2026h2,FTHM,2026-06,2026-06-22,2026-06-22,V3,467189b2de280ada,467189b2de280ada,false,none,0,false,false,false,false,false
forward_poll_2026h2,FTHM,2026-06,2026-07-06,2026-07-06,V3,467189b2de280ada,467189b2de280ada,false,none,0,false,false,false,false,true
forward_poll_2026h2,FTHM,2026-07,2026-07-17,2026-07-17,V3,e97b20fbba5eb7d3,28ed47377406179f,true,up,"[0.01,0.05)",,false,false,,false
forward_poll_2026h2,FTI,2026-07,2026-07-30,2026-08-02,V5,0c19fe0f0e03b807,0c19fe0f0e03b807,false,none,0,true,true,false,false,false
forward_poll_2026h2,FTK,2026-08,2026-08-04,2026-08-04,V3,8dd6bedf84bd922f,8dd6bedf84bd922f,false,none,0,true,true,false,false,false
forward_poll_2026h2,FTNT,2026-07,2026-07-29,2026-08-01,V5,a1788f139212026f,a1788f139212026f,false,none,0,true,true,false,false,false
forward_poll_2026h2,FTRE,2026-07,2026-07-29,2026-08-01,V5,3834a1245b343d90,3834a1245b343d90,false,none,0,true,true,false,false,false
forward_poll_2026h2,FTRSF,2026-07,2026-07-31,2026-07-31,V3,1b7a221136ea481f,1b7a221136ea481f,false,none,0,true,true,false,false,false
forward_poll_2026h2,FTS,2026-07,2026-07-31,2026-08-02,V5,eb3530a55b37f4aa,eb3530a55b37f4aa,false,none,0,false,false,false,false,false
forward_poll_2026h2,FTTRF,2026-07,2026-07-30,2026-07-30,V5,804d83e35e7e5841,804d83e35e7e5841,false,none,0,,,false,,true
forward_poll_2026h2,FTV,2026-07,2026-07-29,2026-07-30,V5,02b2981ac332f6f9,02b2981ac332f6f9,false,none,0,false,false,false,false,false
forward_poll_2026h2,FTV-PA,2026-07,2026-07-30,2026-07-30,V5,941e54574f6794ab,941e54574f6794ab,false,none,0,false,false,false,false,false
forward_poll_2026h2,FTZFF,2026-06,2026-06-05,2026-06-05,V5,25829db42061186d,25829db42061186d,false,none,0,,,false,,true
forward_poll_2026h2,FUFU,2026-05,2026-06-05,2026-06-05,V5,238c99a020de53e4,638ff13d252ee8a5,true,up,"[0.05,0.25)",false,false,false,false,true
forward_poll_2026h2,FUFUW,2026-05,2026-06-05,2026-06-05,V3,5b7f0c8ecb7ba4c0,5b7f0c8ecb7ba4c0,false,none,0,false,false,false,false,true
forward_poll_2026h2,FUJHF,2026-08,2026-08-05,2026-08-05,V3,f32d59df85390452,f32d59df85390452,false,none,0,false,false,false,false,false
forward_poll_2026h2,FUJHY,2026-08,2026-08-05,2026-08-05,V3,9a9ac16cb44b564a,9a9ac16cb44b564a,false,none,0,false,false,false,false,false
forward_poll_2026h2,FUJHY,2026-08,2026-08-05,2026-08-05,V3,86ea2220dd718dd2,86ea2220dd718dd2,false,none,0,false,false,false,false,false
forward_poll_2026h2,FUL,2026-06,2026-06-25,2026-06-25,V5,a5c85a30fdc5e763,a5c85a30fdc5e763,false,none,0,false,false,false,false,false
forward_poll_2026h2,FULC,2026-07,2026-08-03,2026-08-04,V5,5f550de39a786223,dd0572215af78f5f,true,up,"[0.05,0.25)",false,true,true,true,true
forward_poll_2026h2,FULC,2026-07,2026-07-31,2026-08-01,V5,5f550de39a786223,5f550de39a786223,false,none,0,false,false,false,false,false
forward_poll_2026h2,FULT,2026-07,2026-07-22,2026-07-23,V5,25851406ea40a10f,f4c9f83fa61825ef,true,down,"[0.05,0.25)",true,true,false,false,false
forward_poll_2026h2,FULTP,2026-07,2026-07-23,2026-07-23,V3,07f1537c67e9ad6e,07f1537c67e9ad6e,false,none,0,true,true,false,false,false
forward_poll_2026h2,FUNC,2026-07,2026-07-21,2026-07-21,V3,db78800135a3986e,db78800135a3986e,false,none,0,true,true,false,false,false
forward_poll_2026h2,FUPBY,2026-07,2026-07-31,2026-07-31,V3,97880f11d16fe862,97880f11d16fe862,false,none,0,true,true,false,false,false
forward_poll_2026h2,FUPEF,2026-07,2026-07-31,2026-08-01,V3,d0cbbd16e3423435,5b22cbed57e49f0b,true,up,"[0.05,0.25)",false,true,true,true,false
forward_poll_2026h2,FUPPF,2026-07,2026-07-31,2026-08-01,V3,333ff7ebe37dcdb6,2e1f39f7e3e2cfac,true,up,"[0.05,0.25)",false,true,true,true,false
forward_poll_2026h2,FURCF,2026-07,2026-08-01,2026-08-01,V3,0af04dc1798d51bd,0af04dc1798d51bd,false,none,0,,,false,,false
forward_poll_2026h2,FUSB,2026-07,2026-07-29,2026-07-29,V5,0e453a782b69a562,0e453a782b69a562,false,none,0,,,false,,false
forward_poll_2026h2,FUST,2026-07,2026-08-01,2026-08-01,V5,de548ef4fa0dd4db,de548ef4fa0dd4db,false,none,0,,,false,,false
forward_poll_2026h2,FVCB,2026-07,2026-07-21,2026-07-22,V5,b5ce4ca12c8ec745,b5ce4ca12c8ec745,false,none,0,true,true,false,false,false
forward_poll_2026h2,FVRR,2026-07,2026-07-29,2026-08-05,V5,4607115a1e320f08,4607115a1e320f08,false,none,0,false,false,false,false,false
forward_poll_2026h2,FWRG,2026-08,2026-08-04,2026-08-04,V5,a0f4ab37ac0df896,a0f4ab37ac0df896,false,none,0,false,false,false,false,false
forward_poll_2026h2,FXNC,2026-07,2026-07-29,2026-07-29,V5,ad60119dd2d20120,ad60119dd2d20120,false,none,0,false,false,false,false,false
forward_poll_2026h2,FYMNF,2026-06,2026-06-05,2026-06-05,V5,06d1086e0321eb86,06d1086e0321eb86,false,none,0,,,false,,true
forward_poll_2026h2,GABC,2026-07,2026-07-27,2026-07-28,V5,4032922c53ba8074,4032922c53ba8074,false,none,0,true,true,false,false,false
forward_poll_2026h2,GAERF,2026-07,2026-07-28,2026-07-28,V3,0d866b0f6216f2ad,945dcc9071928af3,true,down,"(0,0.01)",false,false,false,false,false
forward_poll_2026h2,GAILF,2026-07,2026-08-02,2026-08-04,V3,3e6afe1df6399b2c,ab358a8a8c4cc58a,true,up,"[0.05,0.25)",true,true,false,false,true
forward_poll_2026h2,GAMI,2026-08,2026-08-04,2026-08-04,V5,e9713ded67971c96,e9713ded67971c96,false,none,0,,,false,,false
forward_poll_2026h2,GASNF,2026-07,2026-07-23,2026-07-25,V3,88afbd6732e85841,d9996d61d1a40124,true,down,"[0.05,0.25)",true,false,true,true,false
forward_poll_2026h2,GASNY,2026-07,2026-07-23,2026-07-25,V3,a44107ffca1cbd9c,279ab29ca9f10005,true,down,"[0.01,0.05)",true,false,true,true,false
forward_poll_2026h2,GASS,2026-06,2026-06-06,2026-06-06,V3,7d70f460c0595102,7d70f460c0595102,false,none,0,true,true,false,false,false
forward_poll_2026h2,GATX,2026-07,2026-07-30,2026-07-31,V5,067eb34e592988ce,067eb34e592988ce,false,none,0,true,true,false,false,false
forward_poll_2026h2,GAYMF,2026-05,2026-06-05,2026-06-05,V5,446e78071b4640da,446e78071b4640da,false,none,0,,,false,,true
forward_poll_2026h2,GBCI,2026-07,2026-07-23,2026-07-23,V5,d85cdc0470583871,d85cdc0470583871,false,none,0,false,false,false,false,false
forward_poll_2026h2,GBDC,2026-08,2026-08-03,2026-08-04,V5,278c2a3f92b35f9d,278c2a3f92b35f9d,false,none,0,false,false,false,false,false
forward_poll_2026h2,GBDMF,2026-07,2026-07-26,2026-07-26,V5,9ba707f8e634d750,9ba707f8e634d750,false,none,0,,,false,,true
forward_poll_2026h2,GBFH,2026-07,2026-07-29,2026-07-31,V5,4dd62bbf851af503,4dd62bbf851af503,false,none,0,false,false,false,false,false
forward_poll_2026h2,GBGPF,2026-06,2026-06-05,2026-06-05,V5,aa8e3a55bf609793,aa8e3a55bf609793,false,none,0,false,false,false,false,true
forward_poll_2026h2,GBLBF,2026-07,2026-08-01,2026-08-01,V5,f38ad807a7de45ef,f38ad807a7de45ef,false,none,0,,,false,,true
forward_poll_2026h2,GBNXF,2026-07,2026-07-27,2026-07-28,V3,b283cbf79129eed7,c4ac77fd1ddafa9e,true,down,"[0.05,0.25)",true,true,false,false,false
forward_poll_2026h2,GBOOF,2026-07,2026-07-22,2026-07-22,V3,05042e04d9cfc033,05042e04d9cfc033,false,none,0,false,false,false,false,false
forward_poll_2026h2,GBOOY,2026-07,2026-07-22,2026-07-22,V3,6914827e3ccc8243,6914827e3ccc8243,false,none,0,false,false,false,false,false
forward_poll_2026h2,GBRRF,2026-05,2026-06-05,2026-06-05,V5,05a82c97ac340a1e,05a82c97ac340a1e,false,none,0,,,false,,true
forward_poll_2026h2,GBTG,2026-08,2026-08-05,2026-08-05,V3,815fcdf85c3f157e,815fcdf85c3f157e,false,none,0,false,false,false,false,false
forward_poll_2026h2,GBX,2026-07,2026-07-04,2026-07-08,V5,077b28294c786450,077b28294c786450,false,none,0,false,false,false,false,true
forward_poll_2026h2,GCBC,2026-07,2026-07-23,2026-07-23,V5,e03c03f3fd969c63,e03c03f3fd969c63,false,none,0,,,false,,false
forward_poll_2026h2,GCHEF,2026-07,2026-07-23,2026-07-23,V3,3aa98a0bae03935d,1571f4fffe24f9d1,true,down,"(0,0.01)",false,false,false,false,false
forward_poll_2026h2,GCO,2026-05,2026-06-05,2026-06-05,V5,0575d45aa718f571,0575d45aa718f571,false,none,0,true,true,false,false,true
forward_poll_2026h2,GCRIF,2026-06,2026-06-05,2026-06-05,V5,deb356d818b525fd,deb356d818b525fd,false,none,0,,,false,,false
forward_poll_2026h2,GCRIF,2026-06,2026-06-07,2026-06-07,V5,deb356d818b525fd,deb356d818b525fd,false,none,0,,,false,,false
forward_poll_2026h2,GCRIF,2026-06,2026-06-09,2026-06-09,V5,deb356d818b525fd,deb356d818b525fd,false,none,0,,,false,,false
forward_poll_2026h2,GCRIF,2026-06,2026-06-10,2026-06-10,V5,deb356d818b525fd,deb356d818b525fd,false,none,0,,,false,,false
forward_poll_2026h2,GCRIF,2026-06,2026-06-11,2026-06-11,V5,deb356d818b525fd,deb356d818b525fd,false,none,0,,,false,,false
forward_poll_2026h2,GCRIF,2026-06,2026-06-14,2026-06-14,V5,deb356d818b525fd,deb356d818b525fd,false,none,0,,,false,,false
forward_poll_2026h2,GCRIF,2026-06,2026-06-16,2026-06-16,V5,deb356d818b525fd,deb356d818b525fd,false,none,0,,,false,,false
forward_poll_2026h2,GCRIF,2026-06,2026-06-17,2026-06-17,V5,deb356d818b525fd,deb356d818b525fd,false,none,0,,,false,,false
forward_poll_2026h2,GCRIF,2026-06,2026-06-18,2026-06-18,V5,deb356d818b525fd,deb356d818b525fd,false,none,0,,,false,,false
forward_poll_2026h2,GCRIF,2026-06,2026-06-21,2026-06-21,V5,deb356d818b525fd,deb356d818b525fd,false,none,0,,,false,,false
forward_poll_2026h2,GCRIF,2026-06,2026-06-23,2026-06-23,V5,deb356d818b525fd,deb356d818b525fd,false,none,0,,,false,,false
forward_poll_2026h2,GCRIF,2026-06,2026-06-24,2026-06-24,V5,deb356d818b525fd,deb356d818b525fd,false,none,0,,,false,,false
forward_poll_2026h2,GCRIF,2026-06,2026-06-25,2026-06-25,V5,deb356d818b525fd,deb356d818b525fd,false,none,0,,,false,,false
forward_poll_2026h2,GCRIF,2026-07,2026-07-05,2026-07-05,V5,deb356d818b525fd,deb356d818b525fd,false,none,0,,,false,,false
forward_poll_2026h2,GCRIF,2026-07,2026-07-07,2026-07-07,V5,deb356d818b525fd,deb356d818b525fd,false,none,0,,,false,,false
forward_poll_2026h2,GCRIF,2026-07,2026-07-08,2026-07-08,V5,deb356d818b525fd,deb356d818b525fd,false,none,0,,,false,,false
forward_poll_2026h2,GCRIF,2026-07,2026-07-12,2026-07-12,V5,deb356d818b525fd,deb356d818b525fd,false,none,0,,,false,,false
forward_poll_2026h2,GCRIF,2026-07,2026-07-14,2026-07-14,V5,deb356d818b525fd,deb356d818b525fd,false,none,0,,,false,,false
forward_poll_2026h2,GCRIF,2026-07,2026-07-15,2026-07-15,V5,deb356d818b525fd,deb356d818b525fd,false,none,0,,,false,,false
forward_poll_2026h2,GCRIF,2026-07,2026-07-16,2026-07-16,V5,deb356d818b525fd,deb356d818b525fd,false,none,0,,,false,,false
forward_poll_2026h2,GCRIF,2026-07,2026-07-20,2026-07-20,V5,deb356d818b525fd,deb356d818b525fd,false,none,0,,,false,,false
forward_poll_2026h2,GCRIF,2026-07,2026-07-21,2026-07-21,V5,deb356d818b525fd,deb356d818b525fd,false,none,0,,,false,,false
forward_poll_2026h2,GCRIF,2026-07,2026-07-22,2026-07-22,V5,deb356d818b525fd,deb356d818b525fd,false,none,0,,,false,,false
forward_poll_2026h2,GCRIF,2026-07,2026-07-23,2026-07-23,V5,deb356d818b525fd,deb356d818b525fd,false,none,0,,,false,,false
forward_poll_2026h2,GCRIF,2026-07,2026-07-26,2026-07-26,V5,deb356d818b525fd,deb356d818b525fd,false,none,0,,,false,,false
forward_poll_2026h2,GCRIF,2026-07,2026-07-28,2026-07-28,V5,deb356d818b525fd,deb356d818b525fd,false,none,0,,,false,,false
forward_poll_2026h2,GCRIF,2026-07,2026-07-29,2026-07-29,V5,deb356d818b525fd,deb356d818b525fd,false,none,0,,,false,,false
forward_poll_2026h2,GCRIF,2026-07,2026-07-30,2026-07-30,V5,deb356d818b525fd,deb356d818b525fd,false,none,0,,,false,,false
forward_poll_2026h2,GCRIF,2026-08,2026-08-03,2026-08-03,V5,deb356d818b525fd,deb356d818b525fd,false,none,0,,,false,,false
forward_poll_2026h2,GCUMF,2026-06,2026-06-14,2026-06-14,V3,de046b0f289b5259,de046b0f289b5259,false,none,0,,,false,,false
forward_poll_2026h2,GCWOF,2026-07,2026-07-29,2026-07-29,V3,60cf0362cda11d4c,60cf0362cda11d4c,false,none,0,false,false,false,false,false
forward_poll_2026h2,GD,2026-07,2026-07-29,2026-07-31,V5,54a056aedb61686e,54a056aedb61686e,false,none,0,false,false,false,false,false
forward_poll_2026h2,GDDFF,2026-07,2026-07-23,2026-07-23,V3,3d80c4faec12e90e,3d80c4faec12e90e,false,none,0,,,false,,false
forward_poll_2026h2,GDDY,2026-07,2026-07-30,2026-08-02,V5,97bb41dccd60624c,97bb41dccd60624c,false,none,0,false,false,false,false,false
forward_poll_2026h2,GDQMF,2026-05,2026-06-05,2026-06-05,V5,068eb0e05c57bd78,068eb0e05c57bd78,false,none,0,,,false,,true
forward_poll_2026h2,GDSTW,2026-07,2026-07-20,2026-07-20,V5,ba87d62b96800af3,ba87d62b96800af3,false,none,0,,,false,,true
forward_poll_2026h2,GDTRF,2026-07,2026-07-29,2026-08-01,V5,7f2229d065d664b4,008a90f938c8ced9,true,down,"(0,0.01)",,,false,,false
forward_poll_2026h2,GDYN,2026-07,2026-07-30,2026-08-02,V5,b76e5b9d79b09ca0,b76e5b9d79b09ca0,false,none,0,false,false,false,false,false
forward_poll_2026h2,GE,2026-07,2026-07-16,2026-07-19,V5,0d0a93ed0530aae1,0d0a93ed0530aae1,false,none,0,false,false,false,false,false
forward_poll_2026h2,GEF,2026-07,2026-07-28,2026-08-04,V5,16a6bb393e256f1e,16a6bb393e256f1e,false,none,0,true,true,false,false,false
forward_poll_2026h2,GEF-B,2026-07,2026-07-28,2026-07-28,V3,bf10a2cb8eebbe62,bf10a2cb8eebbe62,false,none,0,true,true,false,false,false
forward_poll_2026h2,GEHC,2026-07,2026-07-29,2026-08-01,V5,8710e29a558fd96e,8710e29a558fd96e,false,none,0,false,false,false,false,false
forward_poll_2026h2,GELEF,2026-06,2026-07-04,2026-07-04,V5,c85b88e226aa5361,c85b88e226aa5361,false,none,0,,,false,,true
forward_poll_2026h2,GENB,2026-08,2026-08-05,2026-08-05,V5,4c27a2fceea937b2,4c27a2fceea937b2,false,none,0,false,false,false,false,false
forward_poll_2026h2,GENPF,2026-06,2026-07-04,2026-07-04,V5,64987f35b2f1944c,64987f35b2f1944c,false,none,0,,,false,,true
forward_poll_2026h2,GEV,2026-07,2026-07-22,2026-07-24,V5,85eae1014161e54d,85eae1014161e54d,false,none,0,false,false,false,false,false
forward_poll_2026h2,GFELF,2026-07,2026-07-14,2026-07-14,V5,d460431adf8e6b9c,d460431adf8e6b9c,false,none,0,,,false,,false
forward_poll_2026h2,GFKRF,2026-07,2026-08-03,2026-08-03,V5,1956caa31617aa92,1956caa31617aa92,false,none,0,,,false,,true
forward_poll_2026h2,GFL,2026-07,2026-07-29,2026-07-31,V5,e28908c285212b0a,e28908c285212b0a,false,none,0,false,false,false,false,false
forward_poll_2026h2,GGB,2026-08,2026-08-04,2026-08-05,V3,1ab4d75aaad798eb,500fecd4bc2922e0,true,down,"[0.25,1.00)",true,false,true,true,false
forward_poll_2026h2,GGG,2026-07,2026-07-22,2026-07-24,V5,7690fa0051306db3,7690fa0051306db3,false,none,0,true,true,false,false,false
forward_poll_2026h2,GGGSF,2026-07,2026-07-28,2026-08-05,V5,b58e158c0432b481,b58e158c0432b481,false,none,0,true,false,true,false,false
forward_poll_2026h2,GGGSY,2026-07,2026-07-28,2026-08-02,V5,dbae73ab597415cc,65512b04ebed12d1,true,down,"[0.05,0.25)",true,false,true,false,false
forward_poll_2026h2,GGIFF,2026-06,2026-07-04,2026-07-04,V5,5b675b2e5072f081,5b675b2e5072f081,false,none,0,,,false,,true
forward_poll_2026h2,GGNPF,2026-07,2026-08-02,2026-08-02,V3,23bec0680aa286de,23bec0680aa286de,false,none,0,,,false,,true
forward_poll_2026h2,GGXXF,2026-05,2026-06-05,2026-06-05,V5,188fb585b4294b72,188fb585b4294b72,false,none,0,,,false,,true
forward_poll_2026h2,GH,2026-07,2026-07-30,2026-08-02,V5,6c82f166a1d10dca,93b4b3b24ae29395,true,down,"[0.25,1.00)",true,false,true,true,false
forward_poll_2026h2,GHC,2026-07,2026-07-30,2026-07-30,V3,38310ceae6f3ef0f,38310ceae6f3ef0f,false,none,0,true,true,false,false,false
forward_poll_2026h2,GHM,2026-06,2026-06-08,2026-06-15,V5,5ab6cd58eb5219b2,f43e7548fe62db20,true,up,"[0.05,0.25)",false,true,true,true,false
forward_poll_2026h2,GIB,2026-07,2026-07-29,2026-08-01,V5,11c514b71c186fbf,674ac26e15da250f,true,down,"[0.05,0.25)",false,false,false,true,false
forward_poll_2026h2,GIC,2026-08,2026-08-04,2026-08-05,V5,0c1dff0818536c7e,57e2e0b6b1abeef7,true,up,"[0.25,1.00)",false,true,true,true,false
forward_poll_2026h2,GIFLF,2026-07,2026-07-28,2026-07-29,V3,e918a7cf69931405,9a2eedf2c4e0ef55,true,down,"(0,0.01)",false,false,false,true,false
forward_poll_2026h2,GIFOF,2026-07,2026-07-28,2026-07-29,V3,83dfee4c3dbaf628,f6e6d4c5efc27aac,true,down,"(0,0.01)",false,false,false,true,false
forward_poll_2026h2,GIFT,2026-08,2026-08-03,2026-08-03,V3,e80c1afa44bc5c1a,e80c1afa44bc5c1a,false,none,0,true,true,false,false,false
forward_poll_2026h2,GIGGF,2026-06,2026-06-05,2026-06-05,V5,4b5662948d2127ca,4b5662948d2127ca,false,none,0,,,false,,true
forward_poll_2026h2,GIGM,2026-07,2026-07-31,2026-07-31,V5,c34ee5960ac96c94,c34ee5960ac96c94,false,none,0,,,false,,false
forward_poll_2026h2,GIII,2026-06,2026-06-05,2026-06-06,V5,fbe8fdce242d6cfc,2aa860853d549093,true,up,>=1.00,true,true,false,false,false
forward_poll_2026h2,GIKLY,2026-07,2026-07-28,2026-07-29,V3,59cd2e611c9c0368,a45f1fc44f18fe2f,true,down,"(0,0.01)",false,false,false,false,false
forward_poll_2026h2,GIL,2026-07,2026-07-30,2026-08-02,V5,265f3357643a41f3,265f3357643a41f3,false,none,0,true,true,false,false,false
forward_poll_2026h2,GILD,2026-08,2026-08-04,2026-08-05,V5,5b9827f03b0810fc,5b9827f03b0810fc,false,none,0,false,false,false,false,false
forward_poll_2026h2,GIPIF,2026-06,2026-06-05,2026-06-05,V3,1284fb313c36889c,1284fb313c36889c,false,none,0,false,false,false,false,false
forward_poll_2026h2,GIPIF,2026-06,2026-06-07,2026-06-07,V3,1284fb313c36889c,1284fb313c36889c,false,none,0,false,false,false,false,false
forward_poll_2026h2,GIPIF,2026-06,2026-06-09,2026-06-09,V3,1284fb313c36889c,1284fb313c36889c,false,none,0,false,false,false,false,false
forward_poll_2026h2,GIPIF,2026-06,2026-06-10,2026-06-10,V3,1284fb313c36889c,1284fb313c36889c,false,none,0,false,false,false,false,false
forward_poll_2026h2,GIPIF,2026-06,2026-06-11,2026-06-11,V3,1284fb313c36889c,1284fb313c36889c,false,none,0,false,false,false,false,false
forward_poll_2026h2,GIPIF,2026-06,2026-06-14,2026-06-14,V3,1284fb313c36889c,1284fb313c36889c,false,none,0,false,false,false,false,false
forward_poll_2026h2,GIPIF,2026-06,2026-06-16,2026-06-16,V3,1284fb313c36889c,1284fb313c36889c,false,none,0,false,false,false,false,false
forward_poll_2026h2,GIPIF,2026-06,2026-06-17,2026-06-17,V3,1284fb313c36889c,1284fb313c36889c,false,none,0,false,false,false,false,false
forward_poll_2026h2,GIPIF,2026-06,2026-06-18,2026-06-18,V3,1284fb313c36889c,1284fb313c36889c,false,none,0,false,false,false,false,false
forward_poll_2026h2,GIPIF,2026-06,2026-06-21,2026-06-21,V3,1284fb313c36889c,1284fb313c36889c,false,none,0,false,false,false,false,false
forward_poll_2026h2,GIPIF,2026-06,2026-06-23,2026-06-23,V3,1284fb313c36889c,1284fb313c36889c,false,none,0,false,false,false,false,false
forward_poll_2026h2,GIPIF,2026-06,2026-06-24,2026-06-24,V3,1284fb313c36889c,1284fb313c36889c,false,none,0,false,false,false,false,false
forward_poll_2026h2,GIPIF,2026-06,2026-06-25,2026-06-25,V3,1284fb313c36889c,1284fb313c36889c,false,none,0,false,false,false,false,false
forward_poll_2026h2,GIPIF,2026-07,2026-07-05,2026-07-05,V3,1284fb313c36889c,1284fb313c36889c,false,none,0,false,false,false,false,false
forward_poll_2026h2,GIPIF,2026-07,2026-07-07,2026-07-07,V3,1284fb313c36889c,1284fb313c36889c,false,none,0,false,false,false,false,false
forward_poll_2026h2,GIPIF,2026-07,2026-07-08,2026-07-08,V3,1284fb313c36889c,1284fb313c36889c,false,none,0,false,false,false,false,false
forward_poll_2026h2,GIPIF,2026-07,2026-07-10,2026-07-10,V3,1284fb313c36889c,1284fb313c36889c,false,none,0,false,false,false,false,false
forward_poll_2026h2,GIPIF,2026-07,2026-07-12,2026-07-12,V3,1284fb313c36889c,1284fb313c36889c,false,none,0,false,false,false,false,false
forward_poll_2026h2,GIS,2026-07,2026-07-04,2026-07-08,V5,2b0351d7877f3e73,2b0351d7877f3e73,false,none,0,true,true,false,false,true
forward_poll_2026h2,GITS,2026-06,2026-06-24,2026-06-24,V5,a4b674042a00a3da,a4b674042a00a3da,false,none,0,,,false,,true
forward_poll_2026h2,GJNSF,2026-07,2026-07-13,2026-07-13,V3,c82e2baa1dbd9711,845f48e4ac8eda98,true,down,"(0,0.01)",false,false,false,false,false
forward_poll_2026h2,GJNSY,2026-07,2026-07-14,2026-07-17,V5,97dc3d9442695b24,688188e576ee4a6f,true,up,"(0,0.01)",,,false,,false
forward_poll_2026h2,GKOS,2026-07,2026-07-29,2026-08-02,V5,c9bd72ef0489b267,c9bd72ef0489b267,false,none,0,true,true,false,false,false
forward_poll_2026h2,GKPRF,2026-07,2026-07-23,2026-07-23,V3,381be20da72d4a91,381be20da72d4a91,false,none,0,,,false,,true
forward_poll_2026h2,GL,2026-07,2026-07-22,2026-07-24,V5,f42db0c4e386d113,f42db0c4e386d113,false,none,0,false,false,false,false,false
forward_poll_2026h2,GL-PD,2026-07,2026-07-23,2026-07-23,V5,27775a6764b66456,27775a6764b66456,false,none,0,false,false,false,false,false
forward_poll_2026h2,GLAD,2026-08,2026-08-04,2026-08-04,V5,c66c13428d40a7ec,c66c13428d40a7ec,false,none,0,false,false,false,false,false
forward_poll_2026h2,GLAI,2026-06,2026-06-05,2026-06-05,V5,9f7ac7ac15632e74,9f7ac7ac15632e74,false,none,0,,,false,,true
forward_poll_2026h2,GLAXF,2026-07,2026-07-29,2026-07-29,V3,d59b4e173e7aac9c,d59b4e173e7aac9c,false,none,0,true,true,false,false,false
forward_poll_2026h2,GLBKF,2026-06,2026-06-05,2026-06-05,V5,01b4ce2d840641c3,01b4ce2d840641c3,false,none,0,,,false,,true
forward_poll_2026h2,GLBS,2026-06,2026-06-11,2026-06-11,V3,abc57c499c07e0f2,abc57c499c07e0f2,false,none,0,true,true,false,false,false
forward_poll_2026h2,GLBZ,2026-07,2026-07-29,2026-07-29,V5,5b714ad97ac08af8,5b714ad97ac08af8,false,none,0,,,false,,false
forward_poll_2026h2,GLDG,2026-07,2026-07-15,2026-07-21,V3,fe0624462ed936f1,177cc8760a713500,true,down,"(0,0.01)",false,false,false,false,false
forward_poll_2026h2,GLMD,2026-07,2026-07-14,2026-07-14,V3,3e9c9ba2c4dc3df8,3e9c9ba2c4dc3df8,false,none,0,true,true,false,false,true
forward_poll_2026h2,GLOO,2026-06,2026-06-09,2026-06-09,V3,218a7bfcd0bb9fde,218a7bfcd0bb9fde,false,none,0,false,false,false,false,false
forward_poll_2026h2,GLOP-PA,2026-07,2026-07-28,2026-07-28,V3,6445aea7fe651d3b,6445aea7fe651d3b,false,none,0,true,true,false,false,true
forward_poll_2026h2,GLPEF,2026-07,2026-07-26,2026-07-28,V3,d851f2fe0e532107,20c840a9e0402b92,true,up,"[0.05,0.25)",false,true,true,true,false
forward_poll_2026h2,GLPEY,2026-07,2026-07-27,2026-07-27,V3,64600cd416a402df,64600cd416a402df,false,none,0,true,true,false,false,false
forward_poll_2026h2,GLPI,2026-07,2026-07-30,2026-08-02,V5,996b356d0cd8f9ff,368a94a37ff5edbd,true,down,"[0.05,0.25)",true,false,true,false,false
forward_poll_2026h2,GLRE,2026-08,2026-08-04,2026-08-04,V3,3175333f3127c878,3175333f3127c878,false,none,0,false,false,false,false,false
forward_poll_2026h2,GLSI,2026-06,2026-06-06,2026-06-06,V5,56e9c63d88fc2524,56e9c63d88fc2524,false,none,0,false,false,false,false,true
forward_poll_2026h2,GLW,2026-07,2026-07-28,2026-08-04,V5,942bbff2e7de9afd,942bbff2e7de9afd,false,none,0,false,false,false,false,false
forward_poll_2026h2,GM,2026-07,2026-07-21,2026-07-28,V5,5986fc467ae03619,5986fc467ae03619,false,none,0,true,true,false,false,false
forward_poll_2026h2,GMBXF,2026-07,2026-07-26,2026-07-28,V3,6ec6581eb38c636f,6ec6581eb38c636f,false,none,0,true,true,false,false,false
forward_poll_2026h2,GME,2026-06,2026-06-05,2026-06-05,V3,c895ebf71ddc4487,c895ebf71ddc4487,false,none,0,true,true,false,false,true
forward_poll_2026h2,GMGMF,2026-05,2026-06-05,2026-06-05,V3,c589ee329a771cfa,c589ee329a771cfa,false,none,0,,,false,,true
forward_poll_2026h2,GMHS,2026-06,2026-06-09,2026-06-09,V5,ec8946924816ac4e,ec8946924816ac4e,false,none,0,,,false,,false
forward_poll_2026h2,GMPUF,2026-07,2026-08-01,2026-08-01,V3,5a70b3e95506eb47,9e5e43b7685d060e,true,up,"(0,0.01)",true,true,false,false,true
forward_poll_2026h2,GMRS,2026-06,2026-06-05,2026-06-08,V5,b8a03cc863470aa0,b8a03cc863470aa0,false,none,0,,,false,,true
forward_poll_2026h2,GMVMF,2026-06,2026-06-05,2026-06-05,V5,33dd5a2cee603dc5,33dd5a2cee603dc5,false,none,0,,,false,,true
forward_poll_2026h2,GMWKF,2026-08,2026-08-03,2026-08-04,V5,f6aeaec9ad68133a,ab75cbf50c19da2b,true,up,>=1.00,false,true,true,true,false
forward_poll_2026h2,GNGBF,2026-07,2026-07-17,2026-07-17,V3,b5598f66be98260c,dcbe8fe8438b02cf,true,down,"(0,0.01)",true,true,false,false,false
forward_poll_2026h2,GNGBY,2026-07,2026-07-18,2026-07-18,V5,675ce87f67244aa8,675ce87f67244aa8,false,none,0,,,false,,false
forward_poll_2026h2,GNLAF,2026-07,2026-07-31,2026-08-03,V5,7eaf3bdce5ef442a,b1a7155ef892d805,true,up,"(0,0.01)",,,false,,true
forward_poll_2026h2,GNMLF,2026-07,2026-07-23,2026-07-24,V3,99014ea0bce2fc36,cb32be636575ec5e,true,down,"(0,0.01)",false,false,false,false,false
forward_poll_2026h2,GNRC,2026-07,2026-07-29,2026-08-01,V5,5ef54c84700fe811,5ef54c84700fe811,false,none,0,true,true,false,false,false
forward_poll_2026h2,GNSMF,2026-06,2026-06-24,2026-06-24,V5,e20196da67029b9c,e20196da67029b9c,false,none,0,,,false,,true
forward_poll_2026h2,GNTX,2026-07,2026-07-24,2026-07-26,V5,1769c68a4c5d319e,1769c68a4c5d319e,false,none,0,true,true,false,false,false
forward_poll_2026h2,GOAI,2026-08,2026-08-04,2026-08-04,V5,44eecf95937a817a,44eecf95937a817a,false,none,0,,,false,,false
forward_poll_2026h2,GODZF,2026-06,2026-06-24,2026-06-24,V5,675ee7663f5d2fd7,675ee7663f5d2fd7,false,none,0,,,false,,false
forward_poll_2026h2,GOOG,2026-07,2026-07-22,2026-07-26,V5,f9a274fe931a14a7,f9a274fe931a14a7,false,none,0,true,true,false,false,false
forward_poll_2026h2,GOOGL,2026-07,2026-07-22,2026-07-29,V5,c9c5d4b64c0dd37c,c9c5d4b64c0dd37c,false,none,0,true,true,false,false,false
forward_poll_2026h2,GOOS,2026-07,2026-07-30,2026-08-01,V5,3e87ce78638af911,3e87ce78638af911,false,none,0,false,false,false,true,false
forward_poll_2026h2,GORIF,2026-06,2026-06-05,2026-06-05,V5,12dc0c8bb855f03b,12dc0c8bb855f03b,false,none,0,,,false,,true
forward_poll_2026h2,GOTU,2026-06,2026-06-05,2026-06-05,V3,343716477220dcee,343716477220dcee,false,none,0,true,true,false,false,true
forward_poll_2026h2,GOVB,2026-07,2026-07-29,2026-07-29,V5,34ccf68f432e0abd,34ccf68f432e0abd,false,none,0,,,false,,false
forward_poll_2026h2,GOVX,2026-07,2026-07-27,2026-07-27,V3,70ba114cdc9a47cf,70ba114cdc9a47cf,false,none,0,true,true,false,false,false
forward_poll_2026h2,GP,2026-07,2026-07-10,2026-07-10,V3,53b7ceb4b1dbdb7f,53b7ceb4b1dbdb7f,false,none,0,true,true,false,false,true
forward_poll_2026h2,GPAEF,2026-07,2026-07-15,2026-07-15,V3,c9c500a83b1eb6a0,c9c500a83b1eb6a0,false,none,0,false,false,false,false,false
forward_poll_2026h2,GPAGF,2026-07,2026-07-23,2026-07-23,V3,2f60b11769e8f2e9,dfe95816ecd20e28,true,down,"(0,0.01)",false,false,false,false,false
forward_poll_2026h2,GPC,2026-07,2026-07-21,2026-07-22,V5,cdc44dfbd4e4e037,cdc44dfbd4e4e037,false,none,0,false,false,false,false,false
forward_poll_2026h2,GPDNF,2026-07,2026-07-30,2026-07-30,V5,59d3c3597e868bab,59d3c3597e868bab,false,none,0,false,false,false,false,false
forward_poll_2026h2,GPFOF,2026-07,2026-07-25,2026-07-25,V3,97062eec024c8557,97062eec024c8557,false,none,0,false,false,false,false,true
forward_poll_2026h2,GPGCF,2026-06,2026-06-05,2026-06-05,V5,e60abc4e2a68e76a,e60abc4e2a68e76a,false,none,0,,,false,,true
forward_poll_2026h2,GPI,2026-07,2026-07-30,2026-08-02,V5,f220bb244b740225,f220bb244b740225,false,none,0,false,false,false,false,false
forward_poll_2026h2,GPK,2026-08,2026-08-04,2026-08-04,V5,59f062f573e4c24d,59f062f573e4c24d,false,none,0,true,true,false,false,false
forward_poll_2026h2,GPMTF,2026-06,2026-06-05,2026-06-05,V5,16af844ad7651dca,16af844ad7651dca,false,none,0,,,false,,false
forward_poll_2026h2,GPMTF,2026-06,2026-06-07,2026-06-07,V5,16af844ad7651dca,16af844ad7651dca,false,none,0,,,false,,false
forward_poll_2026h2,GPMTF,2026-06,2026-06-09,2026-06-09,V5,16af844ad7651dca,16af844ad7651dca,false,none,0,,,false,,false
forward_poll_2026h2,GPMTF,2026-06,2026-06-10,2026-06-10,V5,16af844ad7651dca,16af844ad7651dca,false,none,0,,,false,,false
forward_poll_2026h2,GPMTF,2026-06,2026-06-11,2026-06-11,V5,16af844ad7651dca,16af844ad7651dca,false,none,0,,,false,,false
forward_poll_2026h2,GPMTF,2026-06,2026-06-14,2026-06-14,V5,16af844ad7651dca,16af844ad7651dca,false,none,0,,,false,,false
forward_poll_2026h2,GPMTF,2026-06,2026-06-16,2026-06-16,V5,16af844ad7651dca,16af844ad7651dca,false,none,0,,,false,,false
forward_poll_2026h2,GPMTF,2026-06,2026-06-17,2026-06-17,V5,16af844ad7651dca,16af844ad7651dca,false,none,0,,,false,,false
forward_poll_2026h2,GPMTF,2026-06,2026-06-18,2026-06-18,V5,16af844ad7651dca,16af844ad7651dca,false,none,0,,,false,,false
forward_poll_2026h2,GPMTF,2026-06,2026-06-21,2026-06-21,V5,16af844ad7651dca,16af844ad7651dca,false,none,0,,,false,,false
forward_poll_2026h2,GPMTF,2026-06,2026-06-23,2026-06-23,V5,16af844ad7651dca,16af844ad7651dca,false,none,0,,,false,,false
forward_poll_2026h2,GPMTF,2026-06,2026-06-24,2026-06-24,V5,16af844ad7651dca,16af844ad7651dca,false,none,0,,,false,,false
forward_poll_2026h2,GPMTF,2026-06,2026-06-25,2026-06-25,V5,16af844ad7651dca,16af844ad7651dca,false,none,0,,,false,,false
forward_poll_2026h2,GPMTF,2026-07,2026-07-05,2026-07-05,V5,16af844ad7651dca,16af844ad7651dca,false,none,0,,,false,,false
forward_poll_2026h2,GPMTF,2026-07,2026-07-07,2026-07-07,V5,16af844ad7651dca,16af844ad7651dca,false,none,0,,,false,,false
forward_poll_2026h2,GPMTF,2026-07,2026-07-08,2026-07-08,V5,16af844ad7651dca,16af844ad7651dca,false,none,0,,,false,,false
forward_poll_2026h2,GPMTF,2026-07,2026-07-10,2026-07-10,V5,16af844ad7651dca,16af844ad7651dca,false,none,0,,,false,,false
forward_poll_2026h2,GPMTF,2026-07,2026-07-12,2026-07-12,V5,16af844ad7651dca,16af844ad7651dca,false,none,0,,,false,,false
forward_poll_2026h2,GPMTF,2026-07,2026-07-14,2026-07-14,V5,16af844ad7651dca,16af844ad7651dca,false,none,0,,,false,,false
forward_poll_2026h2,GPMTF,2026-07,2026-07-15,2026-07-15,V5,16af844ad7651dca,16af844ad7651dca,false,none,0,,,false,,false
forward_poll_2026h2,GPMTF,2026-07,2026-07-16,2026-07-16,V5,16af844ad7651dca,16af844ad7651dca,false,none,0,,,false,,false
forward_poll_2026h2,GPMTF,2026-07,2026-07-20,2026-07-20,V5,16af844ad7651dca,16af844ad7651dca,false,none,0,,,false,,false
forward_poll_2026h2,GPMTF,2026-07,2026-07-21,2026-07-21,V5,16af844ad7651dca,16af844ad7651dca,false,none,0,,,false,,false
forward_poll_2026h2,GPMTF,2026-07,2026-07-22,2026-07-22,V5,16af844ad7651dca,16af844ad7651dca,false,none,0,,,false,,false
forward_poll_2026h2,GPMTF,2026-07,2026-07-23,2026-07-23,V5,16af844ad7651dca,16af844ad7651dca,false,none,0,,,false,,false
forward_poll_2026h2,GPMTF,2026-07,2026-07-26,2026-07-26,V5,16af844ad7651dca,16af844ad7651dca,false,none,0,,,false,,false
forward_poll_2026h2,GPMTF,2026-07,2026-07-28,2026-07-28,V5,16af844ad7651dca,16af844ad7651dca,false,none,0,,,false,,false
forward_poll_2026h2,GPMTF,2026-07,2026-07-29,2026-07-29,V5,16af844ad7651dca,16af844ad7651dca,false,none,0,,,false,,false
forward_poll_2026h2,GPMTF,2026-07,2026-07-30,2026-07-30,V5,16af844ad7651dca,16af844ad7651dca,false,none,0,,,false,,false
forward_poll_2026h2,GPMTF,2026-08,2026-08-03,2026-08-03,V5,16af844ad7651dca,16af844ad7651dca,false,none,0,,,false,,false
forward_poll_2026h2,GPOR,2026-08,2026-08-03,2026-08-03,V5,400c088bb948231e,400c088bb948231e,false,none,0,false,false,false,false,false
forward_poll_2026h2,GPOVF,2026-07,2026-07-30,2026-07-30,V3,ea47d972408dccea,ea47d972408dccea,false,none,0,true,true,false,false,true
forward_poll_2026h2,GPRK,2026-08,2026-08-04,2026-08-05,V5,5f894f0bb70e7195,136fe7e13cb856c5,true,down,"[0.05,0.25)",true,false,true,true,false
forward_poll_2026h2,GRAB,2026-08,2026-08-03,2026-08-03,V3,3bf225f4e4ff9c3f,3bf225f4e4ff9c3f,false,none,0,true,true,false,false,false
forward_poll_2026h2,GRAB,2026-08,2026-08-04,2026-08-04,V3,3bf225f4e4ff9c3f,3bf225f4e4ff9c3f,false,none,0,true,true,false,false,false
forward_poll_2026h2,GRBK,2026-07,2026-07-29,2026-07-31,V5,1a6c3d60c824fd46,1a6c3d60c824fd46,false,none,0,true,true,false,false,false
forward_poll_2026h2,GRBK-PA,2026-07,2026-07-29,2026-07-31,V3,f75e70881ef2ea9f,f75e70881ef2ea9f,false,none,0,true,true,false,false,false
forward_poll_2026h2,GRBMF,2026-07,2026-07-24,2026-07-30,V3,f56ec4af5814494a,6760e4ee04717ee8,true,down,"(0,0.01)",false,false,false,true,false
forward_poll_2026h2,GRC,2026-07,2026-07-24,2026-07-31,V3,b004b91323febc67,b004b91323febc67,false,none,0,true,true,false,false,false
forward_poll_2026h2,GRCE,2026-06,2026-06-19,2026-06-19,V3,03f73451143982d8,2194f2d52c1d54ee,true,down,"[0.01,0.05)",true,true,false,false,false
forward_poll_2026h2,GRFFF,2026-07,2026-07-22,2026-07-22,V3,c9f9114731090270,c9f9114731090270,false,none,0,false,false,false,false,false
forward_poll_2026h2,GRFS,2026-07,2026-07-28,2026-07-30,V5,7e26b42425478781,a9084be9b9c86292,true,down,"[0.01,0.05)",false,false,false,false,false
forward_poll_2026h2,GRLRF,2026-06,2026-06-05,2026-06-05,V5,b7eca7decf38da8a,b7eca7decf38da8a,false,none,0,,,false,,false
forward_poll_2026h2,GRLRF,2026-06,2026-06-07,2026-06-07,V5,b7eca7decf38da8a,b7eca7decf38da8a,false,none,0,,,false,,false
forward_poll_2026h2,GRLRF,2026-06,2026-06-09,2026-06-09,V5,b7eca7decf38da8a,b7eca7decf38da8a,false,none,0,,,false,,false
forward_poll_2026h2,GRLRF,2026-06,2026-06-10,2026-06-10,V5,b7eca7decf38da8a,b7eca7decf38da8a,false,none,0,,,false,,false
forward_poll_2026h2,GRLRF,2026-06,2026-06-11,2026-06-11,V5,b7eca7decf38da8a,b7eca7decf38da8a,false,none,0,,,false,,false
forward_poll_2026h2,GRLRF,2026-06,2026-06-14,2026-06-14,V5,b7eca7decf38da8a,b7eca7decf38da8a,false,none,0,,,false,,false
forward_poll_2026h2,GRLRF,2026-06,2026-06-16,2026-06-16,V5,b7eca7decf38da8a,b7eca7decf38da8a,false,none,0,,,false,,false
forward_poll_2026h2,GRLRF,2026-06,2026-06-17,2026-06-17,V5,b7eca7decf38da8a,b7eca7decf38da8a,false,none,0,,,false,,false
forward_poll_2026h2,GRLRF,2026-06,2026-06-18,2026-06-18,V5,b7eca7decf38da8a,b7eca7decf38da8a,false,none,0,,,false,,false
forward_poll_2026h2,GRLRF,2026-06,2026-06-21,2026-06-21,V5,b7eca7decf38da8a,b7eca7decf38da8a,false,none,0,,,false,,false
forward_poll_2026h2,GRLRF,2026-06,2026-06-23,2026-06-23,V5,b7eca7decf38da8a,b7eca7decf38da8a,false,none,0,,,false,,false
forward_poll_2026h2,GRLRF,2026-06,2026-06-24,2026-06-24,V5,b7eca7decf38da8a,b7eca7decf38da8a,false,none,0,,,false,,false
forward_poll_2026h2,GRLRF,2026-06,2026-06-25,2026-06-25,V5,b7eca7decf38da8a,b7eca7decf38da8a,false,none,0,,,false,,false
forward_poll_2026h2,GRLRF,2026-06,2026-07-04,2026-07-04,V5,b7eca7decf38da8a,b7eca7decf38da8a,false,none,0,,,false,,true
forward_poll_2026h2,GRLVF,2026-06,2026-06-05,2026-06-05,V5,51e9dfd1304e271b,51e9dfd1304e271b,false,none,0,,,false,,true
forward_poll_2026h2,GRMN,2026-07,2026-07-29,2026-08-01,V5,2ea45f3721626b64,2ea45f3721626b64,false,none,0,true,true,false,false,false
forward_poll_2026h2,GROM,2026-06,2026-06-05,2026-06-05,V3,e4821c45790715a4,e4821c45790715a4,false,none,0,,,false,,true
forward_poll_2026h2,GRPFF,2026-07,2026-07-24,2026-07-30,V3,ec35f2a10df4ee50,a2e702576705e668,true,down,"[0.01,0.05)",true,false,true,true,false
forward_poll_2026h2,GRPOF,2026-07,2026-07-28,2026-07-30,V3,65d3e73d8202dc5b,1023d9be1ebc72a6,true,down,"(0,0.01)",true,false,true,true,false
forward_poll_2026h2,GRPRF,2026-07,2026-07-24,2026-07-24,V5,1dedc2412031e272,1dedc2412031e272,false,none,0,,,false,,true
forward_poll_2026h2,GRPTF,2026-07,2026-07-25,2026-07-25,V5,5ba1461bd2cf88ef,5ba1461bd2cf88ef,false,none,0,,,false,,true
forward_poll_2026h2,GRRMF,2026-08,2026-08-03,2026-08-03,V3,5b362a32f891817f,5b362a32f891817f,false,none,0,false,false,false,false,false
forward_poll_2026h2,GRSLF,2026-05,2026-06-05,2026-06-05,V5,6f2390f9ddb09355,6f2390f9ddb09355,false,none,0,,,false,,true
forward_poll_2026h2,GRSLF,2026-06,2026-06-05,2026-06-09,V5,200a2e76b2e81d5f,200a2e76b2e81d5f,false,none,0,,,false,,false
forward_poll_2026h2,GRUSF,2026-08,2026-08-03,2026-08-04,V5,095b35be5e17cbb3,50445a7ca08259b6,true,down,"(0,0.01)",,,false,,false
forward_poll_2026h2,GRVE,2026-06,2026-07-04,2026-07-04,V5,06dc98724007fa08,8ca80b0357d6d3e3,true,down,"(0,0.01)",,,false,,true
forward_poll_2026h2,GRWLF,2026-07,2026-07-29,2026-07-29,V3,dcabf22ba037ae83,dcabf22ba037ae83,false,none,0,true,true,false,false,false
forward_poll_2026h2,GRWTF,2026-07,2026-07-29,2026-07-29,V3,b7184034cd450f63,b7184034cd450f63,false,none,0,true,true,false,false,false
forward_poll_2026h2,GS,2026-07,2026-07-14,2026-07-17,V5,eb436803cc6da014,eb436803cc6da014,false,none,0,true,true,false,false,false
forward_poll_2026h2,GS-PA,2026-07,2026-07-16,2026-07-16,V3,553ef7eafc2260f6,553ef7eafc2260f6,false,none,0,true,true,false,false,true
forward_poll_2026h2,GS-PC,2026-07,2026-07-14,2026-07-17,V3,d646f659b5ba76be,d646f659b5ba76be,false,none,0,true,true,false,false,false
forward_poll_2026h2,GS-PD,2026-07,2026-07-14,2026-07-17,V3,01ba36e0b0602951,01ba36e0b0602951,false,none,0,true,true,false,false,false
forward_poll_2026h2,GSBC,2026-07,2026-07-16,2026-07-16,V5,63b58fd57d6f1916,63b58fd57d6f1916,false,none,0,false,false,false,false,false
forward_poll_2026h2,GSEFF,2026-07,2026-07-23,2026-07-23,V5,8de616aabcb3c938,8de616aabcb3c938,false,none,0,false,false,false,false,true
forward_poll_2026h2,GSHD,2026-07,2026-07-22,2026-07-26,V5,7fe1fb8757b02e0c,7fe1fb8757b02e0c,false,none,0,true,true,false,false,false
forward_poll_2026h2,GSHRF,2026-05,2026-06-05,2026-06-05,V5,5a5f504935268104,5a5f504935268104,false,none,0,,,false,,true
forward_poll_2026h2,GSIT,2026-07,2026-07-30,2026-07-30,V3,9d3fdcbd070ce2d9,9d3fdcbd070ce2d9,false,none,0,true,true,false,false,false
forward_poll_2026h2,GSK,2026-07,2026-07-28,2026-07-28,V5,a78e10bff2fbe335,a78e10bff2fbe335,false,none,0,false,false,false,false,false
forward_poll_2026h2,GSK,2026-07,2026-07-29,2026-07-29,V5,a78e10bff2fbe335,e6239fb1838ae216,true,down,"[0.01,0.05)",false,false,false,false,false
forward_poll_2026h2,GTBIF,2026-08,2026-08-04,2026-08-04,V3,c5d14efe5ff3ff29,c5d14efe5ff3ff29,false,none,0,true,true,false,false,false
forward_poll_2026h2,GTE,2026-08,2026-08-05,2026-08-05,V5,d5f9cdd99bc7b701,d5f9cdd99bc7b701,false,none,0,false,true,true,true,false
forward_poll_2026h2,GTEN,2026-07,2026-07-25,2026-07-25,V5,c2aa470cca310b40,c2aa470cca310b40,false,none,0,,,false,,false
forward_poll_2026h2,GTES,2026-07,2026-07-31,2026-08-01,V5,184682b6d07befe3,184682b6d07befe3,false,none,0,false,false,false,false,false
forward_poll_2026h2,GTLB,2026-06,2026-06-05,2026-06-09,V5,542bee63b256ea59,542bee63b256ea59,false,none,0,true,true,false,false,true
forward_poll_2026h2,GTMAY,2026-07,2026-08-04,2026-08-04,V5,005334b4e1f6615d,005334b4e1f6615d,false,none,0,,,false,,true
forward_poll_2026h2,GTPS,2026-07,2026-07-21,2026-07-28,V5,fc52194131c68541,fc52194131c68541,false,none,0,,,false,,false
forward_poll_2026h2,GTX,2026-07,2026-07-29,2026-07-30,V3,ffbd037c71967783,ffbd037c71967783,false,none,0,true,true,false,false,false
forward_poll_2026h2,GTY,2026-07,2026-07-22,2026-07-28,V3,a9abefd5541046af,49437401000630d1,true,down,"[0.25,1.00)",true,false,true,true,false
forward_poll_2026h2,GUZOF,2026-07,2026-07-26,2026-07-28,V3,ef799c00f835ca03,ef799c00f835ca03,false,none,0,false,false,false,false,true
forward_poll_2026h2,GVA,2026-07,2026-07-30,2026-08-01,V5,d16e91edbe35722a,d16e91edbe35722a,false,none,0,false,false,false,false,false
forward_poll_2026h2,GVDBF,2026-07,2026-07-23,2026-07-23,V5,5b38212f2caaa1df,c87c7d56db113d4a,true,down,"(0,0.01)",false,false,false,false,false
forward_poll_2026h2,GVH,2026-07,2026-07-17,2026-07-17,V5,65d71e062b7ec913,73247d909bdeb4d5,true,up,"(0,0.01)",false,false,false,false,true
forward_poll_2026h2,GWAV,2026-06,2026-06-17,2026-06-17,V5,e684ec9bb240cd17,e684ec9bb240cd17,false,none,0,,,false,,true
forward_poll_2026h2,GWLIF,2026-07,2026-07-28,2026-07-30,V3,5bbd58129b0fb20d,5bbd58129b0fb20d,false,none,0,true,true,false,false,false
forward_poll_2026h2,GWLPF,2026-07,2026-07-28,2026-07-28,V3,96385338c39bdd81,96385338c39bdd81,false,none,0,true,true,false,false,false
forward_poll_2026h2,GWRE,2026-06,2026-06-05,2026-06-07,V5,7d9019d48da65594,014fe6d2558d0396,true,up,"[0.25,1.00)",false,true,true,true,false
forward_poll_2026h2,GWRRF,2026-06,2026-06-05,2026-06-05,V5,76d3e78ccd58431b,76d3e78ccd58431b,false,none,0,,,false,,true
forward_poll_2026h2,GWW,2026-08,2026-08-04,2026-08-04,V5,3bfaca311fa1cac9,3bfaca311fa1cac9,false,none,0,false,false,false,false,false
forward_poll_2026h2,GXO,2026-08,2026-08-04,2026-08-04,V5,3b7d9e8361aab6e1,3b7d9e8361aab6e1,false,none,0,false,false,false,false,false
forward_poll_2026h2,GXSBF,2026-07,2026-08-01,2026-08-01,V5,22888ec990309874,22888ec990309874,false,none,0,,,false,,true
forward_poll_2026h2,GXUSF,2026-06,2026-06-05,2026-06-05,V5,60bee0fdeb41da54,60bee0fdeb41da54,false,none,0,,,false,,true
forward_poll_2026h2,GYSLF,2026-06,2026-06-05,2026-06-05,V5,9e6d1b042c8b723e,9e6d1b042c8b723e,false,none,0,,,false,,true
forward_poll_2026h2,GYUAF,2026-08,2026-08-05,2026-08-05,V3,3c013136bca543ee,3c013136bca543ee,false,none,0,true,true,false,false,false
forward_poll_2026h2,GZPZF,2026-07,2026-07-29,2026-07-29,V5,cafe1c020d2fb397,cafe1c020d2fb397,false,none,0,false,false,false,false,false
forward_poll_2026h2,H,2026-07,2026-07-30,2026-08-02,V5,e1c41b27ee3afb4e,e1c41b27ee3afb4e,false,none,0,true,true,false,false,false
forward_poll_2026h2,HACBY,2026-07,2026-07-31,2026-07-31,V3,954490fcf97a86b7,954490fcf97a86b7,false,none,0,true,true,false,false,false
forward_poll_2026h2,HAFC,2026-07,2026-07-21,2026-07-21,V5,a1b05462518df38f,a1b05462518df38f,false,none,0,false,false,false,false,false
forward_poll_2026h2,HAIVF,2026-06,2026-06-10,2026-06-11,V3,1dc77b6aa28f470c,de787bd6245c5905,true,up,"(0,0.01)",false,false,false,false,false
forward_poll_2026h2,HAL,2026-07,2026-07-21,2026-07-28,V5,a2ad51db38400006,a2ad51db38400006,false,none,0,false,false,false,false,false
forward_poll_2026h2,HAPN,2026-07,2026-07-27,2026-08-03,V5,5b4ba38282223658,5b4ba38282223658,false,none,0,true,true,false,false,false
forward_poll_2026h2,HARL,2026-07,2026-07-16,2026-07-16,V5,8557d64548f3c918,8557d64548f3c918,false,none,0,,,false,,false
forward_poll_2026h2,HAS,2026-07,2026-07-21,2026-07-23,V5,2d75d88c75e61644,2d75d88c75e61644,false,none,0,false,true,true,false,false
forward_poll_2026h2,HAYW,2026-07,2026-07-29,2026-08-01,V5,e87fccb400a433f3,e87fccb400a433f3,false,none,0,true,true,false,false,false
forward_poll_2026h2,HBAN,2026-07,2026-07-23,2026-07-29,V5,d497ee15d098a129,b08b421af4b52b12,true,down,"[0.05,0.25)",false,false,false,true,false
forward_poll_2026h2,HBANL,2026-07,2026-07-23,2026-07-23,V3,7201d6010883b231,7201d6010883b231,false,none,0,false,false,false,false,false
forward_poll_2026h2,HBANM,2026-07,2026-07-23,2026-07-23,V3,a9e1b5c5daa8925e,a9e1b5c5daa8925e,false,none,0,false,false,false,false,false
forward_poll_2026h2,HBANP,2026-07,2026-07-24,2026-07-24,V3,4bf72d2ab57de0a7,4bf72d2ab57de0a7,false,none,0,false,false,false,false,false
forward_poll_2026h2,HBANZ,2026-07,2026-07-23,2026-07-23,V5,8f4561abad1325f7,8f4561abad1325f7,false,none,0,false,false,false,false,false
forward_poll_2026h2,HBBHF,2026-06,2026-06-20,2026-06-20,V3,e23d5d1f6187c110,06c802116c8159ec,true,down,"[0.01,0.05)",false,false,false,true,false
forward_poll_2026h2,HBCP,2026-07,2026-07-21,2026-07-21,V5,b862008e1767f99f,c3d6811f3731cdf3,true,up,"[0.01,0.05)",false,false,false,false,false
forward_poll_2026h2,HBCYF,2026-08,2026-08-04,2026-08-04,V3,60d66bbfcfd244cb,4a598c8266582f42,true,down,"(0,0.01)",true,false,true,false,false
forward_poll_2026h2,HBEIF,2026-06,2026-06-05,2026-06-05,V5,79fe39ad0a7f3c7f,79fe39ad0a7f3c7f,false,none,0,,,false,,true
forward_poll_2026h2,HBGRF,2026-06,2026-06-14,2026-06-14,V3,361ccfae92f3d27e,361ccfae92f3d27e,false,none,0,false,false,false,false,true
forward_poll_2026h2,HBGRY,2026-06,2026-06-15,2026-06-15,V3,8883c0ccf656a771,8883c0ccf656a771,false,none,0,false,false,false,false,true
forward_poll_2026h2,HBM,2026-07,2026-07-29,2026-08-03,V5,32230f6f3cff1fe2,32230f6f3cff1fe2,false,none,0,false,false,false,false,false
forward_poll_2026h2,HBNC,2026-07,2026-07-22,2026-07-23,V5,c4c7cbdc757473b6,c4c7cbdc757473b6,false,none,0,false,false,false,false,false
forward_poll_2026h2,HBPCF,2026-06,2026-06-14,2026-06-14,V3,b2c27bdc4b24974c,b2c27bdc4b24974c,false,none,0,true,true,false,false,true
forward_poll_2026h2,HBT,2026-07,2026-07-27,2026-07-27,V5,f4531174ccd850ae,f4531174ccd850ae,false,none,0,false,false,false,false,false
forward_poll_2026h2,HCA,2026-07,2026-07-24,2026-07-31,V5,90b2517118d89487,90b2517118d89487,false,none,0,false,false,false,false,false
forward_poll_2026h2,HCANF,2026-06,2026-06-05,2026-06-05,V3,c2b86d62c1814101,c2b86d62c1814101,false,none,0,,,false,,true
forward_poll_2026h2,HCKT,2026-08,2026-08-04,2026-08-04,V5,3af900edc9e193cb,3af900edc9e193cb,false,none,0,false,false,false,false,false
forward_poll_2026h2,HCM,2026-07,2026-07-30,2026-08-03,V3,82ec998a43b7ec32,52ae965d0a980fbf,true,down,"[0.05,0.25)",false,false,false,false,false
forward_poll_2026h2,HCMLF,2026-07,2026-07-31,2026-08-03,V3,244fcae285e92e0d,8eabbba2f385b33f,true,up,"[0.05,0.25)",false,true,true,true,false
forward_poll_2026h2,HCMLY,2026-07,2026-07-31,2026-08-05,V3,8d432f32e3ad9915,9893f41980e25a05,true,up,"[0.01,0.05)",false,true,true,true,false
forward_poll_2026h2,HCSG,2026-07,2026-07-22,2026-07-29,V3,6eea6b21dfff2567,02bc603a6f519f96,true,up,"[0.05,0.25)",true,true,false,false,false
forward_poll_2026h2,HCTPF,2026-07,2026-07-20,2026-07-20,V3,a3baad96793bbf8e,a3baad96793bbf8e,false,none,0,true,true,false,false,false
forward_poll_2026h2,HCXY,2026-07,2026-07-30,2026-07-30,V3,59fa309334ca86a6,59fa309334ca86a6,false,none,0,true,true,false,false,false
forward_poll_2026h2,HDB,2026-07,2026-07-19,2026-07-19,V3,352a0b77b1ec6417,352a0b77b1ec6417,false,none,0,true,true,false,false,true
forward_poll_2026h2,HDB,2026-07,2026-07-21,2026-07-21,V3,8727c0dd6c5c996f,8727c0dd6c5c996f,false,none,0,true,true,false,false,true
forward_poll_2026h2,HDB,2026-07,2026-07-20,2026-07-21,V3,352a0b77b1ec6417,8727c0dd6c5c996f,true,up,"(0,0.01)",true,true,false,false,false
forward_poll_2026h2,HDLMY,2026-07,2026-07-31,2026-07-31,V3,8a5c72fbdc3f16ba,8a5c72fbdc3f16ba,false,none,0,true,true,false,false,true
forward_poll_2026h2,HDRN,2026-07,2026-07-31,2026-08-04,V5,a482946bfdce7167,9160f4789a9132c9,true,down,"[0.25,1.00)",,,false,,false
forward_poll_2026h2,HDSN,2026-08,2026-08-04,2026-08-05,V5,0304b3f86576a736,0304b3f86576a736,false,none,0,true,true,false,false,false
forward_poll_2026h2,HELE,2026-07,2026-07-08,2026-07-10,V3,1b730713dc958d70,1b730713dc958d70,false,none,0,true,true,false,false,false
forward_poll_2026h2,HELP,2026-06,2026-07-04,2026-07-06,V5,87698453b6254b1c,87698453b6254b1c,false,none,0,false,false,false,true,true
forward_poll_2026h2,HERE,2026-06,2026-06-05,2026-06-10,V3,d0bb086456a7d256,8df05b19f8549049,true,down,"[0.01,0.05)",false,false,false,false,false
forward_poll_2026h2,HESAF,2026-07,2026-07-29,2026-07-29,V3,655071618605e5e9,34b216f3bd335f92,true,up,"[0.25,1.00)",false,true,true,false,false
forward_poll_2026h2,HESM,2026-08,2026-08-03,2026-08-03,V3,cf5507eec73afb0f,cf5507eec73afb0f,false,none,0,true,true,false,false,false
forward_poll_2026h2,HEXEY,2026-08,2026-08-04,2026-08-04,V3,cac1f38ea3cad152,cac1f38ea3cad152,false,none,0,,,false,,false
forward_poll_2026h2,HEXEY,2026-08,2026-08-05,2026-08-05,V3,cac1f38ea3cad152,cac1f38ea3cad152,false,none,0,,,false,,false
forward_poll_2026h2,HEXPF,2026-06,2026-06-05,2026-06-05,V5,d4eadc50c5f8ebb8,d4eadc50c5f8ebb8,false,none,0,,,false,,true
forward_poll_2026h2,HFBL,2026-07,2026-07-30,2026-07-30,V5,b6612241ffe3c701,b6612241ffe3c701,false,none,0,,,false,,false
forward_poll_2026h2,HFWA,2026-07,2026-07-23,2026-07-24,V5,598205b0fd35cdc7,598205b0fd35cdc7,false,none,0,true,true,false,false,false
forward_poll_2026h2,HGGCF,2026-06,2026-06-05,2026-06-05,V5,7d3d4f633021ce0e,7d3d4f633021ce0e,false,none,0,,,false,,true
forward_poll_2026h2,HGLD,2026-06,2026-06-05,2026-06-05,V5,95311c42756e4d80,95311c42756e4d80,false,none,0,,,false,,true
forward_poll_2026h2,HGRVF,2026-07,2026-07-30,2026-07-30,V5,de0a4428c2229766,de0a4428c2229766,false,none,0,,,false,,false
forward_poll_2026h2,HGV,2026-07,2026-07-30,2026-08-02,V5,095ee550039000f6,095ee550039000f6,false,none,0,false,false,false,false,false
forward_poll_2026h2,HGYN,2026-06,2026-06-23,2026-06-23,V5,a33f2e30e8343239,a33f2e30e8343239,false,none,0,,,false,,false
forward_poll_2026h2,HIFS,2026-07,2026-07-18,2026-07-18,V5,7717fd7242306a5d,7717fd7242306a5d,false,none,0,,,false,,false
forward_poll_2026h2,HIG,2026-07,2026-07-23,2026-07-27,V5,2f439af8dcfcec77,2f439af8dcfcec77,false,none,0,false,false,false,false,false
forward_poll_2026h2,HIG-PG,2026-07,2026-07-24,2026-07-24,V3,3afa7e3ecd94549e,3afa7e3ecd94549e,false,none,0,true,true,false,false,false
forward_poll_2026h2,HIHO,2026-07,2026-07-14,2026-07-14,V5,06f9ccfbd12ec67f,06f9ccfbd12ec67f,false,none,0,,,false,,true
forward_poll_2026h2,HIHO,2026-07,2026-07-15,2026-07-15,V5,c4d579c13ad993a7,c4d579c13ad993a7,false,none,0,,,false,,false
forward_poll_2026h2,HIHO,2026-07,2026-07-21,2026-07-21,V5,22add36b067d207b,22add36b067d207b,false,none,0,,,false,,true
forward_poll_2026h2,HIHO,2026-07,2026-07-21,2026-07-21,V5,22add36b067d207b,22add36b067d207b,false,none,0,,,false,,false
forward_poll_2026h2,HII,2026-07,2026-07-30,2026-08-02,V5,8194984e45056148,8194984e45056148,false,none,0,true,true,false,false,false
forward_poll_2026h2,HIPO,2026-07,2026-07-30,2026-08-02,V3,334374100efeaacb,334374100efeaacb,false,none,0,true,true,false,false,false
forward_poll_2026h2,HISJF,2026-06,2026-06-12,2026-06-19,V3,aaef766d8547212b,55f3661f3aa46d0c,true,down,"(0,0.01)",false,false,false,false,false
forward_poll_2026h2,HITI,2026-06,2026-06-15,2026-06-16,V5,3462144e5867a6d0,cba4a67241673e73,true,up,"(0,0.01)",true,true,false,false,false
forward_poll_2026h2,HIVE,2026-06,2026-06-05,2026-06-05,V5,b538490d6d750c21,b538490d6d750c21,false,none,0,false,false,false,false,true
forward_poll_2026h2,HIW,2026-07,2026-07-28,2026-07-28,V3,f2b9a569086c1183,8224f1e4472a20e4,true,down,"[0.05,0.25)",true,true,false,false,false
forward_poll_2026h2,HKD,2026-07,2026-07-26,2026-07-26,V3,a703e4ac96ca8f3e,a703e4ac96ca8f3e,false,none,0,,,false,,false
forward_poll_2026h2,HKD,2026-07,2026-07-28,2026-07-28,V3,a703e4ac96ca8f3e,a703e4ac96ca8f3e,false,none,0,,,false,,false
forward_poll_2026h2,HKD,2026-07,2026-07-29,2026-07-29,V3,a703e4ac96ca8f3e,a703e4ac96ca8f3e,false,none,0,,,false,,false
forward_poll_2026h2,HKD,2026-07,2026-07-30,2026-07-30,V3,a703e4ac96ca8f3e,a703e4ac96ca8f3e,false,none,0,,,false,,false
forward_poll_2026h2,HKD,2026-08,2026-08-03,2026-08-03,V3,a703e4ac96ca8f3e,a703e4ac96ca8f3e,false,none,0,,,false,,false
forward_poll_2026h2,HKHGF,2026-07,2026-07-30,2026-07-30,V3,2ffb8070e1a06223,2ffb8070e1a06223,false,none,0,true,true,false,false,true
forward_poll_2026h2,HKTTF,2026-07,2026-07-30,2026-07-30,V5,c467e867fc35f8d9,e8a24a71cae20aec,true,down,"(0,0.01)",,,false,,false
forward_poll_2026h2,HKTTF,2026-07,2026-07-30,2026-07-30,V5,b3ad60a5b4296ca1,b3ad60a5b4296ca1,false,none,0,,,false,,false
forward_poll_2026h2,HKUOF,2026-08,2026-08-05,2026-08-05,V5,278dbf4867abf3aa,278dbf4867abf3aa,false,none,0,,,false,,false
forward_poll_2026h2,HL,2026-08,2026-08-04,2026-08-04,V3,ecf1c58d5815479f,ecf1c58d5815479f,false,none,0,false,false,false,false,false
forward_poll_2026h2,HL-PB,2026-08,2026-08-05,2026-08-05,V3,5363bcaf1c0b1791,5363bcaf1c0b1791,false,none,0,false,false,false,false,false
forward_poll_2026h2,HLBZF,2026-07,2026-07-31,2026-07-31,V3,ae7674cada6a6972,ae7674cada6a6972,false,none,0,true,true,false,false,false
forward_poll_2026h2,HLI,2026-07,2026-07-29,2026-08-01,V5,1213d2d62f243c80,1213d2d62f243c80,false,none,0,false,false,false,false,false
forward_poll_2026h2,HLKHF,2026-07,2026-07-31,2026-07-31,V5,8f6d6f4406948bd2,8f6d6f4406948bd2,false,none,0,,,false,,false
forward_poll_2026h2,HLMAF,2026-06,2026-06-12,2026-06-12,V3,325be23016b2a1cd,325be23016b2a1cd,false,none,0,false,false,false,false,false
forward_poll_2026h2,HLMN,2026-08,2026-08-03,2026-08-03,V5,f97306c8fe483101,f97306c8fe483101,false,none,0,false,false,false,false,false
forward_poll_2026h2,HLN,2026-07,2026-07-31,2026-08-02,V3,dd54fc54e62faf34,ca14c26df8eb7bba,true,up,"[0.05,0.25)",false,false,false,false,false
forward_poll_2026h2,HLNCF,2026-07,2026-07-30,2026-07-30,V3,79b5919e03f9c3ca,79b5919e03f9c3ca,false,none,0,true,true,false,false,false
forward_poll_2026h2,HLNE,2026-08,2026-08-04,2026-08-04,V5,f2e5c823c41961de,f2e5c823c41961de,false,none,0,true,true,false,false,false
forward_poll_2026h2,HLPPF,2026-07,2026-07-31,2026-07-31,V3,ac82298e189de3f2,ac82298e189de3f2,false,none,0,false,false,false,false,false
forward_poll_2026h2,HLPPY,2026-07,2026-07-31,2026-07-31,V5,997725b5e8e5ffd2,997725b5e8e5ffd2,false,none,0,false,false,false,false,false
forward_poll_2026h2,HLT,2026-07,2026-07-28,2026-08-04,V5,89baa789ffa3bb12,89baa789ffa3bb12,false,none,0,false,false,false,false,false
forward_poll_2026h2,HLTOF,2026-07,2026-07-30,2026-07-30,V3,fe062c4039b1ddd2,0feb6357f3842688,true,up,"(0,0.01)",false,false,false,false,false
forward_poll_2026h2,HLTOY,2026-07,2026-07-29,2026-07-29,V3,93780e0de416cb1b,93780e0de416cb1b,false,none,0,false,false,false,false,false
forward_poll_2026h2,HMC,2026-08,2026-08-05,2026-08-05,V3,9186644095321fc8,9186644095321fc8,false,none,0,true,true,false,false,false
forward_poll_2026h2,HMDCF,2026-07,2026-07-30,2026-07-30,V3,826a0f2f5ec88b62,826a0f2f5ec88b62,false,none,0,false,false,false,false,false
forward_poll_2026h2,HMDPF,2026-07,2026-07-31,2026-07-31,V3,c42921473346ace3,c42921473346ace3,false,none,0,true,true,false,false,false
forward_poll_2026h2,HMNKF,2026-07,2026-07-15,2026-07-16,V3,ee1e129b7dbec2b5,255f6d38558dfb3c,true,up,"[0.01,0.05)",false,true,true,false,false
forward_poll_2026h2,HMRZF,2026-06,2026-06-25,2026-06-25,V3,5003162748da44ee,a8b340359720bc38,true,down,"(0,0.01)",false,false,false,false,false
forward_poll_2026h2,HMSNF,2026-07,2026-07-31,2026-07-31,V5,67b4433c1ae6e514,67b4433c1ae6e514,false,none,0,true,true,false,false,false
forward_poll_2026h2,HMTXF,2026-05,2026-06-05,2026-06-05,V5,2ef548939264cc83,2ef548939264cc83,false,none,0,,,false,,true
forward_poll_2026h2,HNDAF,2026-08,2026-08-05,2026-08-05,V3,f3d43df886551bd9,f3d43df886551bd9,false,none,0,true,true,false,false,false
forward_poll_2026h2,HNGE,2026-08,2026-08-04,2026-08-04,V5,c10d75b2311b34da,c10d75b2311b34da,false,none,0,false,false,false,false,false
forward_poll_2026h2,HNI,2026-07,2026-07-30,2026-07-30,V5,c022691235eb1907,c022691235eb1907,false,none,0,true,true,false,false,false
forward_poll_2026h2,HNLGF,2026-07,2026-08-01,2026-08-01,V5,c85cb9f23325f438,c85cb9f23325f438,false,none,0,,,false,,false
forward_poll_2026h2,HNSBF,2026-07,2026-07-23,2026-07-23,V3,62fddb5db8aedd56,58593cb733016240,true,up,"(0,0.01)",false,false,false,false,false
forward_poll_2026h2,HNSDF,2026-07,2026-07-31,2026-08-01,V3,3f737becb9704954,375235e57dd66654,true,down,"[0.01,0.05)",false,false,false,false,false
forward_poll_2026h2,HNVR,2026-07,2026-07-23,2026-07-24,V5,b4a13e8f8aee9b1b,b4a13e8f8aee9b1b,false,none,0,false,false,false,false,false
forward_poll_2026h2,HOCFF,2026-07,2026-07-27,2026-07-27,V3,2a084255233a3834,2a084255233a3834,false,none,0,,,false,,false
forward_poll_2026h2,HOCPF,2026-07,2026-07-31,2026-07-31,V3,fe747415b5b3192f,fe747415b5b3192f,false,none,0,true,true,false,false,false
forward_poll_2026h2,HOCPY,2026-07,2026-07-31,2026-08-03,V3,0e17ad9d44f07c50,0e17ad9d44f07c50,false,none,0,true,true,false,false,false
forward_poll_2026h2,HOCXF,2026-07,2026-08-04,2026-08-04,V3,e2a05adb1aaf87ce,e2a05adb1aaf87ce,false,none,0,true,true,false,false,true
forward_poll_2026h2,HOFJF,2026-08,2026-08-04,2026-08-04,V3,ffdb44bdd01e0f7e,408445f491be9a74,true,down,"(0,0.01)",true,true,false,false,false
forward_poll_2026h2,HOFT,2026-06,2026-06-11,2026-06-11,V5,7f4a4575ed78eedc,7f4a4575ed78eedc,false,none,0,true,true,false,false,false
forward_poll_2026h2,HOG,2026-07,2026-07-23,2026-07-23,V5,982335e6c2f94307,982335e6c2f94307,false,none,0,true,true,false,false,false
forward_poll_2026h2,HOMB,2026-07,2026-07-15,2026-07-15,V5,a95bc6bb546c9b10,a95bc6bb546c9b10,false,none,0,false,false,false,false,false
forward_poll_2026h2,HON,2026-07,2026-07-23,2026-07-24,V5,cbc14bf603d86ddc,cbc14bf603d86ddc,false,none,0,false,false,false,false,false
forward_poll_2026h2,HONA,2026-08,2026-08-04,2026-08-04,V5,e8aa52281b9778dd,e8aa52281b9778dd,false,none,0,false,false,false,false,false
forward_poll_2026h2,HOOD,2026-07,2026-07-29,2026-07-31,V5,32878c37b9d5855e,32878c37b9d5855e,false,none,0,true,true,false,false,false
forward_poll_2026h2,HOPE,2026-07,2026-07-27,2026-07-27,V5,b353aa2f24e21091,b353aa2f24e21091,false,none,0,false,false,false,false,false
forward_poll_2026h2,HOVR,2026-07,2026-07-17,2026-07-17,V3,e69385c9b4c6ad29,55a0f6a757a67fb0,true,down,"(0,0.01)",true,true,false,false,false
forward_poll_2026h2,HOVRW,2026-07,2026-07-17,2026-07-17,V3,0c11c10ff86e7370,0c11c10ff86e7370,false,none,0,false,false,false,false,false
forward_poll_2026h2,HOVRW,2026-07,2026-07-17,2026-07-18,V3,3e4f0bdd3a71541b,a1fc16e9aaebf7aa,true,up,"(0,0.01)",true,true,false,false,false
forward_poll_2026h2,HOWL,2026-07,2026-07-31,2026-08-01,V5,9c0f67b4dd1bf6f5,9c0f67b4dd1bf6f5,false,none,0,true,true,false,false,false
forward_poll_2026h2,HOYFF,2026-07,2026-07-24,2026-07-24,V3,63288994b02cf786,63288994b02cf786,false,none,0,true,true,false,false,false
forward_poll_2026h2,HPCRF,2026-07,2026-07-28,2026-07-28,V3,f0206280247d4a66,045d938348d200db,true,down,"(0,0.01)",false,false,false,false,false
forward_poll_2026h2,HPE,2026-06,2026-06-05,2026-06-05,V5,f1f186d538d8713c,f1f186d538d8713c,false,none,0,true,true,false,false,true
forward_poll_2026h2,HPQFF,2026-06,2026-06-05,2026-06-05,V5,78f08fb6926e4afc,78f08fb6926e4afc,false,none,0,,,false,,false
forward_poll_2026h2,HPQFF,2026-06,2026-06-07,2026-06-07,V5,78f08fb6926e4afc,78f08fb6926e4afc,false,none,0,,,false,,false
forward_poll_2026h2,HPQFF,2026-06,2026-06-09,2026-06-09,V5,78f08fb6926e4afc,78f08fb6926e4afc,false,none,0,,,false,,false
forward_poll_2026h2,HPQFF,2026-06,2026-06-10,2026-06-10,V5,78f08fb6926e4afc,78f08fb6926e4afc,false,none,0,,,false,,false
forward_poll_2026h2,HPQFF,2026-06,2026-06-11,2026-06-11,V5,78f08fb6926e4afc,78f08fb6926e4afc,false,none,0,,,false,,false
forward_poll_2026h2,HPQFF,2026-06,2026-06-14,2026-06-14,V5,78f08fb6926e4afc,78f08fb6926e4afc,false,none,0,,,false,,false
forward_poll_2026h2,HPQFF,2026-06,2026-06-16,2026-06-16,V5,78f08fb6926e4afc,78f08fb6926e4afc,false,none,0,,,false,,false
forward_poll_2026h2,HPQFF,2026-06,2026-06-17,2026-06-17,V5,78f08fb6926e4afc,78f08fb6926e4afc,false,none,0,,,false,,false
forward_poll_2026h2,HPQFF,2026-06,2026-06-18,2026-06-18,V5,78f08fb6926e4afc,78f08fb6926e4afc,false,none,0,,,false,,false
forward_poll_2026h2,HPQFF,2026-06,2026-06-21,2026-06-21,V5,78f08fb6926e4afc,78f08fb6926e4afc,false,none,0,,,false,,false
forward_poll_2026h2,HPQFF,2026-06,2026-06-23,2026-06-23,V5,78f08fb6926e4afc,78f08fb6926e4afc,false,none,0,,,false,,false
forward_poll_2026h2,HPQFF,2026-06,2026-06-24,2026-06-24,V5,78f08fb6926e4afc,78f08fb6926e4afc,false,none,0,,,false,,false
forward_poll_2026h2,HPQFF,2026-06,2026-06-25,2026-06-25,V5,78f08fb6926e4afc,78f08fb6926e4afc,false,none,0,,,false,,false
forward_poll_2026h2,HPQFF,2026-07,2026-07-05,2026-07-05,V5,78f08fb6926e4afc,78f08fb6926e4afc,false,none,0,,,false,,false
forward_poll_2026h2,HPQFF,2026-07,2026-07-07,2026-07-07,V5,78f08fb6926e4afc,78f08fb6926e4afc,false,none,0,,,false,,false
forward_poll_2026h2,HPQFF,2026-07,2026-07-08,2026-07-08,V5,78f08fb6926e4afc,78f08fb6926e4afc,false,none,0,,,false,,false
forward_poll_2026h2,HPQFF,2026-07,2026-07-10,2026-07-10,V5,78f08fb6926e4afc,78f08fb6926e4afc,false,none,0,,,false,,false
forward_poll_2026h2,HPQFF,2026-07,2026-07-12,2026-07-12,V5,78f08fb6926e4afc,78f08fb6926e4afc,false,none,0,,,false,,false
forward_poll_2026h2,HPQFF,2026-07,2026-07-14,2026-07-14,V5,78f08fb6926e4afc,78f08fb6926e4afc,false,none,0,,,false,,false
forward_poll_2026h2,HPQFF,2026-07,2026-07-15,2026-07-15,V5,78f08fb6926e4afc,78f08fb6926e4afc,false,none,0,,,false,,false
forward_poll_2026h2,HPQFF,2026-07,2026-07-16,2026-07-16,V5,78f08fb6926e4afc,78f08fb6926e4afc,false,none,0,,,false,,false
forward_poll_2026h2,HPQFF,2026-07,2026-07-20,2026-07-20,V5,78f08fb6926e4afc,78f08fb6926e4afc,false,none,0,,,false,,false
forward_poll_2026h2,HPQFF,2026-07,2026-07-21,2026-07-21,V5,78f08fb6926e4afc,78f08fb6926e4afc,false,none,0,,,false,,false
forward_poll_2026h2,HPQFF,2026-07,2026-07-22,2026-07-22,V5,78f08fb6926e4afc,78f08fb6926e4afc,false,none,0,,,false,,false
forward_poll_2026h2,HPQFF,2026-07,2026-07-23,2026-07-23,V5,78f08fb6926e4afc,78f08fb6926e4afc,false,none,0,,,false,,false
forward_poll_2026h2,HPQFF,2026-07,2026-07-26,2026-07-26,V5,78f08fb6926e4afc,78f08fb6926e4afc,false,none,0,,,false,,false
forward_poll_2026h2,HPQFF,2026-07,2026-07-28,2026-07-28,V5,78f08fb6926e4afc,78f08fb6926e4afc,false,none,0,,,false,,false
forward_poll_2026h2,HPQFF,2026-07,2026-07-29,2026-07-29,V5,78f08fb6926e4afc,78f08fb6926e4afc,false,none,0,,,false,,false
forward_poll_2026h2,HPQFF,2026-07,2026-07-30,2026-07-30,V5,78f08fb6926e4afc,78f08fb6926e4afc,false,none,0,,,false,,false
forward_poll_2026h2,HPQFF,2026-08,2026-08-03,2026-08-03,V5,78f08fb6926e4afc,78f08fb6926e4afc,false,none,0,,,false,,false
forward_poll_2026h2,HPURF,2026-07,2026-07-17,2026-07-20,V3,da148b3e46db893c,6b32ccb174edc6f7,true,down,"[0.05,0.25)",false,false,false,false,false
forward_poll_2026h2,HQ,2026-06,2026-06-05,2026-06-05,V5,a21f0687b023b9ba,a21f0687b023b9ba,false,none,0,false,false,false,false,true
forward_poll_2026h2,HQ,2026-08,2026-08-04,2026-08-04,V3,a7f3d3e100c7e711,1503aae32b251ef2,true,down,>=1.00,false,false,false,false,false
forward_poll_2026h2,HQWWW,2026-06,2026-06-05,2026-06-05,V5,899842340e124398,899842340e124398,false,none,0,false,false,false,false,true
forward_poll_2026h2,HR,2026-07,2026-07-30,2026-07-31,V3,23323766de315922,eaf9e4c22c989844,true,down,"[0.25,1.00)",true,false,true,true,false
forward_poll_2026h2,HRASF,2026-07,2026-07-31,2026-07-31,V5,22f88f9a8bd04ccf,22f88f9a8bd04ccf,false,none,0,,,false,,true
forward_poll_2026h2,HRFEF,2026-06,2026-06-20,2026-06-20,V5,abe35ff822dfa86e,abe35ff822dfa86e,false,none,0,,,false,,true
forward_poll_2026h2,HRI,2026-07,2026-07-28,2026-07-29,V5,2d6953c503905f79,2d6953c503905f79,false,none,0,true,true,false,false,false
forward_poll_2026h2,HRMY,2026-08,2026-08-04,2026-08-04,V5,9a11da5fed8c7532,9a11da5fed8c7532,false,none,0,true,true,false,false,false
forward_poll_2026h2,HRSEF,2026-08,2026-08-04,2026-08-04,V3,515a5c50779794d4,515a5c50779794d4,false,none,0,false,false,false,false,false
forward_poll_2026h2,HRZN,2026-08,2026-08-04,2026-08-04,V3,e7e7e5b4a9ef087d,e7e7e5b4a9ef087d,false,none,0,false,false,false,false,false
forward_poll_2026h2,HSBC,2026-08,2026-08-04,2026-08-04,V3,2adb3866ef070388,e5567936e166b3dd,true,up,"[0.05,0.25)",false,false,false,true,false
forward_poll_2026h2,HSCS,2026-07,2026-07-22,2026-07-24,V5,9a6c2b0ba0a9b648,6874690945547d0b,true,down,>=1.00,true,false,true,true,false
forward_poll_2026h2,HSCSW,2026-07,2026-07-23,2026-07-23,V3,7b8462f00e3550e0,7b8462f00e3550e0,false,none,0,false,false,false,false,false
forward_poll_2026h2,HSCSW,2026-07,2026-07-26,2026-07-30,V3,7b8462f00e3550e0,9b83495ea13d1f4b,true,down,"[0.05,0.25)",false,false,false,false,true
forward_poll_2026h2,HSIC,2026-08,2026-08-04,2026-08-04,V5,da83bc6cbd75d65e,da83bc6cbd75d65e,false,none,0,false,false,false,false,false
forward_poll_2026h2,HSQVY,2026-07,2026-07-23,2026-07-23,V5,a572e6494141d84d,5636b45091f302ee,true,down,>=1.00,,,false,,true
forward_poll_2026h2,HSTM,2026-08,2026-08-03,2026-08-03,V5,8cba305b573d9eed,8cba305b573d9eed,false,none,0,true,true,false,false,false
forward_poll_2026h2,HSWLF,2026-07,2026-07-31,2026-07-31,V5,2131b8b1fb4768be,2131b8b1fb4768be,false,none,0,false,false,false,false,false
forward_poll_2026h2,HSY,2026-07,2026-07-30,2026-08-02,V5,4b6965c092bac4f1,4b6965c092bac4f1,false,none,0,true,true,false,false,false
forward_poll_2026h2,HTB,2026-07,2026-07-23,2026-07-24,V5,cc3ae289d52565e8,e2b917d9b276a0bd,true,down,"[0.05,0.25)",true,false,true,false,false
forward_poll_2026h2,HTCMF,2026-07,2026-07-30,2026-07-30,V3,7e26588ad24e6bb7,7e0619d256465709,true,up,"(0,0.01)",true,true,false,false,false
forward_poll_2026h2,HTCMY,2026-07,2026-07-30,2026-07-30,V5,4a266bc1b5f753c8,4a266bc1b5f753c8,false,none,0,,,false,,false
forward_poll_2026h2,HTCXF,2026-08,2026-08-04,2026-08-04,V5,351714851297c915,351714851297c915,false,none,0,,,false,,false
forward_poll_2026h2,HTFC,2026-08,2026-08-04,2026-08-04,V3,0c8da507daa7aa95,0c8da507daa7aa95,false,none,0,false,false,false,false,false
forward_poll_2026h2,HTGC,2026-07,2026-07-30,2026-07-31,V5,b662015d6aee445e,b662015d6aee445e,false,none,0,false,false,false,true,false
forward_poll_2026h2,HTH,2026-07,2026-07-23,2026-07-24,V5,c66ebe09a02dcd32,c66ebe09a02dcd32,false,none,0,true,true,false,false,false
forward_poll_2026h2,HTHIF,2026-07,2026-07-29,2026-07-29,V3,196f9048139ccb77,196f9048139ccb77,false,none,0,true,true,false,false,false
forward_poll_2026h2,HTHIY,2026-07,2026-07-29,2026-07-29,V3,0e6ad63ade20a889,230f666dc9790156,true,up,"[0.01,0.05)",true,true,false,false,false
forward_poll_2026h2,HTLD,2026-07,2026-07-30,2026-07-31,V5,e85bef53af8bfa48,e85bef53af8bfa48,false,none,0,true,true,false,false,false
forward_poll_2026h2,HTLM,2026-05,2026-06-05,2026-06-05,V5,05ebfb2e93e22662,05ebfb2e93e22662,false,none,0,,,false,,true
forward_poll_2026h2,HTLM,2026-06,2026-06-18,2026-06-18,V5,6b059d8d2fc5ec50,6b059d8d2fc5ec50,false,none,0,,,false,,true
forward_poll_2026h2,HTO,2026-07,2026-07-27,2026-07-27,V3,83074bf40006b075,83074bf40006b075,false,none,0,true,true,false,false,false
forward_poll_2026h2,HTWSF,2026-07,2026-07-30,2026-08-03,V5,b3c533e5e199e00d,d80de862473a2492,true,down,"[0.01,0.05)",,,false,,false
forward_poll_2026h2,HUBB,2026-07,2026-07-28,2026-07-29,V5,05a7150945522876,05a7150945522876,false,none,0,false,false,false,false,false
forward_poll_2026h2,HUBG,2026-07,2026-07-04,2026-07-04,V3,f9f5bfc6193deb34,f9f5bfc6193deb34,false,none,0,false,false,false,false,true
forward_poll_2026h2,HUDI,2026-06,2026-07-04,2026-07-04,V5,c1755a9bcc9988c7,c1755a9bcc9988c7,false,none,0,,,false,,true
forward_poll_2026h2,HULCF,2026-07,2026-07-28,2026-07-28,V3,1a9e44d7c917cbd4,7a6ec09ff93537cc,true,down,"(0,0.01)",true,true,false,false,false
forward_poll_2026h2,HUM,2026-07,2026-07-29,2026-08-01,V5,5f29b51c4f4be184,5f29b51c4f4be184,false,none,0,false,false,false,false,false
forward_poll_2026h2,HUN,2026-07,2026-07-31,2026-08-02,V5,90c69e31ab1a1b08,b73c9836d4247f38,true,down,"[0.05,0.25)",true,false,true,true,false
forward_poll_2026h2,HUQVF,2026-07,2026-07-18,2026-07-18,V3,452dd1cbbaaa2a35,427d5cc111efc5a2,true,down,"(0,0.01)",true,true,false,false,false
forward_poll_2026h2,HURC,2026-06,2026-06-06,2026-06-06,V5,5a9c910b4c28c8cd,5a9c910b4c28c8cd,false,none,0,,,false,,false
forward_poll_2026h2,HURN,2026-07,2026-07-28,2026-07-28,V5,f74dddfcd7fbb9cc,f74dddfcd7fbb9cc,false,none,0,true,true,false,false,false
forward_poll_2026h2,HUSQF,2026-07,2026-07-18,2026-07-24,V3,59f28a1e266bcf0d,00d2699e38e19eee,true,down,"(0,0.01)",true,true,false,false,false
forward_poll_2026h2,HUT,2026-08,2026-08-04,2026-08-04,V5,bdc9160494ef8ce5,ee036d47e83ef0ce,true,down,>=1.00,true,false,true,true,false
forward_poll_2026h2,HVT,2026-08,2026-08-04,2026-08-04,V5,b07ebdf7fa5d3e01,b07ebdf7fa5d3e01,false,none,0,false,false,false,false,false
forward_poll_2026h2,HVT-A,2026-08,2026-08-04,2026-08-04,V3,6f34b62f1d6faa8e,6f34b62f1d6faa8e,false,none,0,true,true,false,false,false
forward_poll_2026h2,HWBK,2026-07,2026-07-29,2026-07-29,V5,7ec7c9c59fd2a95f,7ec7c9c59fd2a95f,false,none,0,,,false,,false
forward_poll_2026h2,HWC,2026-07,2026-07-21,2026-07-24,V5,f7862e5ebbcfb7cb,f7862e5ebbcfb7cb,false,none,0,false,false,false,false,false
forward_poll_2026h2,HWCPZ,2026-07,2026-07-22,2026-07-22,V3,26f31eec925b6702,26f31eec925b6702,false,none,0,false,false,false,false,false
forward_poll_2026h2,HWDJF,2026-07,2026-07-24,2026-07-24,V5,89943ef0b019afb7,89943ef0b019afb7,false,none,0,,,false,,false
forward_poll_2026h2,HWH,2026-07,2026-07-31,2026-08-01,V5,c93ccdecdb93230b,d694a9980b74825c,true,up,"[0.01,0.05)",,,false,,false
forward_poll_2026h2,HWKN,2026-07,2026-07-29,2026-07-29,V5,c9b1cf8e1190e78e,c9b1cf8e1190e78e,false,none,0,false,false,false,false,false
forward_poll_2026h2,HWTHF,2026-06,2026-06-17,2026-06-17,V5,c7eca1ce107abea5,c7eca1ce107abea5,false,none,0,,,false,,true
forward_poll_2026h2,HXGBF,2026-07,2026-07-29,2026-07-29,V3,06642d72d0eac76c,cd192167acb01440,true,up,"(0,0.01)",true,true,false,false,false
forward_poll_2026h2,HXGBY,2026-07,2026-07-29,2026-07-29,V3,4e3f73e89bc50591,4e3f73e89bc50591,false,none,0,true,true,false,false,false
forward_poll_2026h2,HXL,2026-07,2026-07-29,2026-07-31,V5,99029005625d6b3d,99029005625d6b3d,false,none,0,true,true,false,false,false
forward_poll_2026h2,HXPLF,2026-07,2026-07-22,2026-07-22,V3,350073876322cef4,de0f0fc0f79570e9,true,down,"(0,0.01)",false,true,true,true,true
forward_poll_2026h2,HY,2026-08,2026-08-04,2026-08-05,V3,9e56a2d74402e3da,22f452e1f87017a5,true,down,"[0.05,0.25)",true,true,false,false,false
forward_poll_2026h2,HYFT,2026-07,2026-07-22,2026-07-23,V5,7c5fb5f73989caaa,46de310160790cca,true,up,"(0,0.01)",false,false,false,false,false
forward_poll_2026h2,HYKUF,2026-07,2026-08-01,2026-08-03,V5,3d45d87fcd9f7060,6fafda8ef144ad33,true,down,"(0,0.01)",,,false,,false
forward_poll_2026h2,HYMC,2026-07,2026-07-28,2026-07-28,V3,27b6a1f008c94fbb,7f78c0cbe0698b9d,true,up,"[0.05,0.25)",false,false,false,false,false
forward_poll_2026h2,HYMC,2026-07,2026-07-29,2026-08-04,V3,27b6a1f008c94fbb,27b6a1f008c94fbb,false,none,0,false,false,false,false,false
forward_poll_2026h2,HYMLF,2026-07,2026-07-23,2026-07-23,V3,d0faa25fa53884cf,d0faa25fa53884cf,false,none,0,false,false,false,false,false
forward_poll_2026h2,HYUHF,2026-07,2026-07-31,2026-07-31,V5,6259870deaa1192c,6259870deaa1192c,false,none,0,,,false,,false
forward_poll_2026h2,HZNOF,2026-08,2026-08-05,2026-08-05,V3,a4ef908e0e6f60b6,f0ff756f6cb96d83,true,down,"(0,0.01)",false,false,false,false,false
forward_poll_2026h2,HZO,2026-07,2026-07-23,2026-07-26,V5,028fe92c7715ac56,028fe92c7715ac56,false,none,0,false,false,false,false,false
forward_poll_2026h2,IAALF,2026-05,2026-06-05,2026-06-05,V5,36fcac429dc65ac0,36fcac429dc65ac0,false,none,0,,,false,,true
forward_poll_2026h2,IAC,2026-08,2026-08-04,2026-08-04,V5,a7d6a9bf575496c4,d2af244fdc4857f8,true,down,>=1.00,true,true,false,false,false
forward_poll_2026h2,IACYF,2026-07,2026-07-13,2026-07-18,V3,eedb417eb6a88969,eedb417eb6a88969,false,none,0,,,false,,false
forward_poll_2026h2,IAFNF,2026-08,2026-08-05,2026-08-05,V3,e35fd61887fe89cb,e35fd61887fe89cb,false,none,0,true,true,false,false,false
forward_poll_2026h2,IART,2026-07,2026-07-29,2026-07-29,V5,14659c962f5d40a7,14659c962f5d40a7,false,none,0,true,true,false,false,false
forward_poll_2026h2,IBCP,2026-07,2026-07-23,2026-07-24,V5,1658371e14ce22ce,97d790bc41edf5da,true,down,"[0.01,0.05)",false,false,false,false,false
forward_poll_2026h2,IBDRY,2026-07,2026-07-22,2026-07-23,V3,aad276c7a2d6c21f,b85196101a3ab50d,true,down,"[0.01,0.05)",false,false,false,false,false
forward_poll_2026h2,IBDSF,2026-07,2026-07-22,2026-07-23,V3,cf981e06ad30c035,28e628e9998d9f79,true,down,"(0,0.01)",false,false,false,false,false
forward_poll_2026h2,IBIDF,2026-08,2026-08-04,2026-08-04,V3,3749c58b93b9fb40,fb54e1b82a55380a,true,down,"(0,0.01)",true,true,false,false,false
forward_poll_2026h2,IBKR,2026-07,2026-07-21,2026-07-22,V5,8dda37512294b8bf,8dda37512294b8bf,false,none,0,false,false,false,false,false
forward_poll_2026h2,IBM,2026-07,2026-07-22,2026-07-26,V5,e737b7eb1b968790,e737b7eb1b968790,false,none,0,false,false,false,false,false
forward_poll_2026h2,IBN,2026-07,2026-07-19,2026-07-19,V3,ee825baadce87c77,ee825baadce87c77,false,none,0,false,false,false,false,true
forward_poll_2026h2,IBN,2026-07,2026-07-21,2026-07-21,V3,c8ccb5450c64d1c7,c8ccb5450c64d1c7,false,none,0,true,true,false,false,true
forward_poll_2026h2,IBN,2026-07,2026-07-20,2026-07-21,V3,ee825baadce87c77,c8ccb5450c64d1c7,true,up,"[0.01,0.05)",false,true,true,true,false
forward_poll_2026h2,IBRX,2026-08,2026-08-04,2026-08-05,V3,bfe2fdcfd25a3060,0b6b8d434116b8de,true,down,"[0.05,0.25)",false,false,false,false,false
forward_poll_2026h2,IBTA,2026-08,2026-08-03,2026-08-04,V3,9a4e79e665d79876,bba9daf89da0786f,true,down,"[0.25,1.00)",true,true,false,false,false
forward_poll_2026h2,ICAGY,2026-07,2026-07-31,2026-08-01,V3,597dafd99d3dfb83,dc6d473882effc89,true,down,"[0.25,1.00)",true,true,false,false,false
forward_poll_2026h2,ICE,2026-07,2026-07-30,2026-08-02,V5,9be71c106465409f,9be71c106465409f,false,none,0,false,false,false,false,false
forward_poll_2026h2,ICG,2026-06,2026-06-05,2026-06-05,V5,1714b563a543640e,1714b563a543640e,false,none,0,false,false,false,false,false
forward_poll_2026h2,ICG,2026-06,2026-06-11,2026-06-11,V5,5f94f00991c4cd3f,5f94f00991c4cd3f,false,none,0,false,false,false,false,true
forward_poll_2026h2,ICG,2026-06,2026-06-11,2026-06-11,V5,5f94f00991c4cd3f,5f94f00991c4cd3f,false,none,0,false,false,false,false,false
forward_poll_2026h2,ICG,2026-06,2026-06-11,2026-06-11,V5,5f94f00991c4cd3f,5f94f00991c4cd3f,false,none,0,false,false,false,false,false
forward_poll_2026h2,ICG,2026-06,2026-06-18,2026-06-18,V5,5f94f00991c4cd3f,5f94f00991c4cd3f,false,none,0,false,false,false,false,true
forward_poll_2026h2,ICG,2026-06,2026-06-25,2026-06-25,V5,5f94f00991c4cd3f,5f94f00991c4cd3f,false,none,0,false,false,false,false,true
forward_poll_2026h2,ICG,2026-06,2026-06-25,2026-06-25,V5,5f94f00991c4cd3f,5f94f00991c4cd3f,false,none,0,false,false,false,false,false
forward_poll_2026h2,ICHIF,2026-07,2026-07-15,2026-07-15,V5,dbf12833d5341355,5859a8713b4dab7d,true,down,"(0,0.01)",,,false,,false
forward_poll_2026h2,ICHMF,2026-07,2026-08-01,2026-08-03,V5,a2df286391c5c3fb,0e1bbf70b4287dcf,true,up,"(0,0.01)",,,false,,true
forward_poll_2026h2,ICHR,2026-08,2026-08-03,2026-08-04,V5,10c9fe7304588ed5,10c9fe7304588ed5,false,none,0,true,true,false,false,false
forward_poll_2026h2,ICL,2026-08,2026-08-05,2026-08-05,V5,a264edf9fe265921,a264edf9fe265921,false,none,0,false,false,false,false,false
forward_poll_2026h2,ICLR,2026-06,2026-06-09,2026-06-09,V5,760da371ff3d18d4,760da371ff3d18d4,false,none,0,false,false,false,false,false
forward_poll_2026h2,ICLR,2026-06,2026-06-24,2026-06-24,V5,1865e6d238dbd315,1865e6d238dbd315,false,none,0,false,false,false,false,false
forward_poll_2026h2,ICLR,2026-07,2026-07-29,2026-07-30,V5,2bc5ee15c01589df,2bc5ee15c01589df,false,none,0,false,false,false,false,false
forward_poll_2026h2,ICON,2026-06,2026-06-12,2026-06-14,V5,7d6634d2601f23b5,7d6634d2601f23b5,false,none,0,true,true,false,false,true
forward_poll_2026h2,ICTEF,2026-08,2026-08-04,2026-08-04,V3,5321dd7c90ecf5f1,5321dd7c90ecf5f1,false,none,0,false,false,false,false,false
forward_poll_2026h2,IDA,2026-07,2026-07-30,2026-08-02,V5,8a15f4bead6d9cb9,8a15f4bead6d9cb9,false,none,0,false,false,false,false,false
forward_poll_2026h2,IDCC,2026-07,2026-07-30,2026-07-30,V5,6277502115a5c378,554189464eae1db9,true,down,>=1.00,true,true,false,false,false
forward_poll_2026h2,IDDTF,2026-07,2026-07-10,2026-07-15,V5,47eb8afa5bc61d8d,7d93b11857ba2776,true,up,"[0.05,0.25)",,,false,,true
forward_poll_2026h2,IDDWF,2026-07,2026-07-16,2026-07-16,V3,387d4425d1161d27,387d4425d1161d27,false,none,0,true,true,false,false,false
forward_poll_2026h2,IDEXY,2026-06,2026-06-05,2026-06-05,V3,c7595cc0a3fa3021,c7595cc0a3fa3021,false,none,0,false,false,false,false,true
forward_poll_2026h2,IDRSF,2026-07,2026-07-31,2026-08-01,V3,1a77215529e8446d,07168ac40081d739,true,up,"[0.25,1.00)",false,true,true,true,false
forward_poll_2026h2,IDT,2026-06,2026-06-05,2026-06-05,V3,ee18a70bcec35739,ee18a70bcec35739,false,none,0,true,true,false,false,true
forward_poll_2026h2,IDTVF,2026-07,2026-07-07,2026-07-15,V5,b2a86d2983ba666b,57c09c5da30e6029,true,up,>=1.00,,,false,,false
forward_poll_2026h2,IDWM,2026-06,2026-06-14,2026-06-14,V3,08720760bb58c650,08720760bb58c650,false,none,0,,,false,,true
forward_poll_2026h2,IDXX,2026-08,2026-08-04,2026-08-04,V5,45c38330f192f16f,45c38330f192f16f,false,none,0,false,false,false,false,false
forward_poll_2026h2,IDYLF,2026-06,2026-06-05,2026-06-05,V5,1028d2f2ec0c59cc,1028d2f2ec0c59cc,false,none,0,,,false,,true
forward_poll_2026h2,IEHC,2026-06,2026-06-05,2026-06-05,V3,041a002fcee526b9,041a002fcee526b9,false,none,0,false,false,false,false,true
forward_poll_2026h2,IEHC,2026-06,2026-06-15,2026-06-17,V3,041a002fcee526b9,c901fad55ab26960,true,up,"[0.25,1.00)",false,true,true,true,true
forward_poll_2026h2,IESC,2026-07,2026-07-31,2026-07-31,V3,d3092def0cc47507,d3092def0cc47507,false,none,0,true,true,false,false,false
forward_poll_2026h2,IESVF,2026-07,2026-07-04,2026-07-04,V5,ffe3724766b81936,ffe3724766b81936,false,none,0,,,false,,true
forward_poll_2026h2,IEX,2026-07,2026-07-29,2026-07-31,V5,0629c2722f57e6c4,0629c2722f57e6c4,false,none,0,false,false,false,false,false
forward_poll_2026h2,IFCZF,2026-07,2026-07-28,2026-07-31,V5,3ccdf50a03a80893,2a3924adf55ac8ef,true,up,"[0.25,1.00)",false,true,true,true,false
forward_poll_2026h2,IFF,2026-08,2026-08-04,2026-08-04,V5,e24182d97ead8943,e24182d97ead8943,false,none,0,false,false,false,false,false
forward_poll_2026h2,IFNNY,2026-08,2026-08-05,2026-08-05,V5,709801e0031760b8,709801e0031760b8,false,none,0,false,false,false,false,false
forward_poll_2026h2,IFPJF,2026-07,2026-07-30,2026-07-30,V5,6a3a86c4ebb7ce42,6a3a86c4ebb7ce42,false,none,0,false,false,false,false,false
forward_poll_2026h2,IFSUF,2026-07,2026-07-30,2026-07-31,V3,4b64c85c6c46c35b,7548cc2dee4e8547,true,down,"(0,0.01)",false,false,false,false,false
forward_poll_2026h2,IFTPF,2026-07,2026-07-29,2026-07-29,V3,fc070414695e2ae3,fc070414695e2ae3,false,none,0,false,false,false,false,false
forward_poll_2026h2,IGC,2026-06,2026-06-25,2026-06-25,V3,5bebb9669f201324,5bebb9669f201324,false,none,0,false,false,false,false,false
forward_poll_2026h2,IGIC,2026-08,2026-08-04,2026-08-04,V3,535d34a6dca8d93e,535d34a6dca8d93e,false,none,0,false,false,false,false,false
forward_poll_2026h2,IGIFF,2026-07,2026-07-30,2026-07-31,V5,1df753e05db89a42,1df753e05db89a42,false,none,0,false,false,false,false,false
forward_poll_2026h2,IH,2026-06,2026-07-04,2026-07-06,V3,200977d392d613c8,80d7b7b722206348,true,down,"[0.05,0.25)",,false,false,,true
forward_poll_2026h2,IHCPF,2026-07,2026-07-29,2026-07-29,V5,0b8f2ae9f77b4028,0b8f2ae9f77b4028,false,none,0,,,false,,false
forward_poll_2026h2,IHICF,2026-08,2026-08-05,2026-08-05,V3,01936be4a59feb64,01936be4a59feb64,false,none,0,false,false,false,false,false
forward_poll_2026h2,IHICY,2026-08,2026-08-05,2026-08-05,V3,94f078c3a147e872,94f078c3a147e872,false,none,0,,,false,,false
forward_poll_2026h2,IHT,2026-06,2026-06-24,2026-06-24,V5,c9666a51d433afe4,c9666a51d433afe4,false,none,0,,,false,,true
forward_poll_2026h2,IIIN,2026-07,2026-07-16,2026-07-18,V5,6f1df240323d51d0,6f1df240323d51d0,false,none,0,false,false,false,false,false
forward_poll_2026h2,IIPR,2026-08,2026-08-03,2026-08-04,V3,bbf26c4d98169064,c3e1964d08358f12,true,down,"[0.25,1.00)",true,true,false,false,false
forward_poll_2026h2,IIPR-PA,2026-08,2026-08-04,2026-08-04,V3,b49d17fdf665f61b,b49d17fdf665f61b,false,none,0,true,true,false,false,false
forward_poll_2026h2,IITSF,2026-07,2026-07-29,2026-07-30,V3,c02d6a56516cfe30,149283612240a78d,true,up,"[0.01,0.05)",false,true,true,true,false
forward_poll_2026h2,IKTSF,2026-07,2026-07-31,2026-07-31,V3,33be043bccb26cba,33be043bccb26cba,false,none,0,true,true,false,false,false
forward_poll_2026h2,IKTSY,2026-07,2026-08-03,2026-08-03,V5,cb04645f811974aa,cb04645f811974aa,false,none,0,,,false,,true
forward_poll_2026h2,ILALD,2026-06,2026-06-05,2026-06-05,V3,148f40a2601fc34b,148f40a2601fc34b,false,none,0,true,true,false,false,true
forward_poll_2026h2,ILMN,2026-07,2026-07-30,2026-08-02,V5,52af12bb9beec222,52af12bb9beec222,false,none,0,false,false,false,false,false
forward_poll_2026h2,ILPMF,2026-07,2026-07-30,2026-07-30,V5,d4f49982f7c13c22,d4f49982f7c13c22,false,none,0,false,false,false,false,false
forward_poll_2026h2,ILPMY,2026-07,2026-07-31,2026-07-31,V5,85e22a9de9476b32,85e22a9de9476b32,false,none,0,false,false,false,false,true
forward_poll_2026h2,ILPT,2026-07,2026-07-29,2026-07-30,V3,4fd3bac66ab7f189,f3a9948cd333671c,true,down,"[0.25,1.00)",true,false,true,true,false
forward_poll_2026h2,IMAX,2026-07,2026-07-23,2026-07-24,V5,16c037c22e4b139d,16c037c22e4b139d,false,none,0,true,true,false,false,false
forward_poll_2026h2,IMCDY,2026-07,2026-07-29,2026-07-29,V5,00d19564674283c9,00d19564674283c9,false,none,0,false,false,false,false,false
forward_poll_2026h2,IMDZF,2026-07,2026-07-30,2026-07-30,V5,c3b147c252bbb3cd,c3b147c252bbb3cd,false,none,0,,,false,,false
forward_poll_2026h2,IMG,2026-06,2026-06-05,2026-06-05,V3,1fbb4a3bc8067411,1fbb4a3bc8067411,false,none,0,,,false,,true
forward_poll_2026h2,IMIAF,2026-07,2026-07-31,2026-07-31,V3,774fb32feb379f5e,774fb32feb379f5e,false,none,0,true,true,false,false,false
forward_poll_2026h2,IMMR,2026-07,2026-07-16,2026-07-16,V3,e7ff4871d3da6ff0,e7ff4871d3da6ff0,false,none,0,false,false,false,false,false
forward_poll_2026h2,IMMR,2026-07,2026-07-22,2026-07-22,V3,e7ff4871d3da6ff0,e7ff4871d3da6ff0,false,none,0,false,false,false,false,false
forward_poll_2026h2,IMMR,2026-07,2026-07-23,2026-07-23,V3,e7ff4871d3da6ff0,e7ff4871d3da6ff0,false,none,0,false,false,false,false,false
forward_poll_2026h2,IMMR,2026-07,2026-07-24,2026-07-24,V3,e7ff4871d3da6ff0,73f5136775c3d6a9,true,up,"[0.05,0.25)",false,true,true,true,false
forward_poll_2026h2,IMO,2026-07,2026-07-31,2026-08-01,V3,d60c43cf1a0265d4,d60c43cf1a0265d4,false,none,0,true,true,false,false,false
forward_poll_2026h2,IMQCF,2026-07,2026-07-22,2026-07-25,V5,93103f767d73861d,da978ef34edc27c5,true,up,"[0.01,0.05)",false,false,false,false,false
forward_poll_2026h2,IMTE,2026-06,2026-06-05,2026-06-05,V3,c205eecdba27ccdc,c205eecdba27ccdc,false,none,0,,,false,,true
forward_poll_2026h2,IMTE,2026-06,2026-06-08,2026-06-08,V3,c205eecdba27ccdc,c205eecdba27ccdc,false,none,0,,,false,,false
forward_poll_2026h2,IMTE,2026-06,2026-06-15,2026-06-15,V3,c205eecdba27ccdc,c205eecdba27ccdc,false,none,0,,,false,,false
forward_poll_2026h2,IMTE,2026-06,2026-06-22,2026-06-22,V3,c205eecdba27ccdc,c205eecdba27ccdc,false,none,0,,,false,,false
forward_poll_2026h2,IMTE,2026-06,2026-07-04,2026-07-04,V3,c205eecdba27ccdc,c205eecdba27ccdc,false,none,0,,,false,,true
forward_poll_2026h2,IMTE,2026-07,2026-07-06,2026-07-06,V3,c205eecdba27ccdc,c205eecdba27ccdc,false,none,0,,,false,,false
forward_poll_2026h2,IMXCF,2026-07,2026-07-23,2026-07-29,V5,7f59729f7bb29cee,69317cd726c75d9d,true,down,"[0.01,0.05)",,,false,,false
forward_poll_2026h2,IMYSF,2026-07,2026-07-31,2026-07-31,V5,92eed1bdbae0c8a8,92eed1bdbae0c8a8,false,none,0,,,false,,true
forward_poll_2026h2,INBK,2026-07,2026-07-30,2026-07-30,V5,31ae93d04085f9e4,31ae93d04085f9e4,false,none,0,true,true,false,false,false
forward_poll_2026h2,INBKZ,2026-07,2026-07-31,2026-07-31,V3,56406678b78281c6,56406678b78281c6,false,none,0,true,true,false,false,false
forward_poll_2026h2,INCY,2026-07,2026-07-28,2026-08-04,V5,2d3bf6a836097dbe,2d3bf6a836097dbe,false,none,0,true,true,false,false,false
forward_poll_2026h2,INDB,2026-07,2026-07-17,2026-07-17,V5,fcc297f5104adf04,fcc297f5104adf04,false,none,0,false,false,false,false,false
forward_poll_2026h2,INDV,2026-08,2026-08-03,2026-08-04,V3,ae61bc2196a4a0e1,ae61bc2196a4a0e1,false,none,0,true,true,false,false,false
forward_poll_2026h2,INFFF,2026-07,2026-07-29,2026-07-29,V3,329e1f96f85c5c99,329e1f96f85c5c99,false,none,0,false,false,false,false,false
forward_poll_2026h2,INFU,2026-08,2026-08-04,2026-08-04,V5,f2075b9f52f4f244,f2075b9f52f4f244,false,none,0,true,true,false,false,false
forward_poll_2026h2,INFY,2026-07,2026-07-23,2026-07-24,V5,34efef5883b92be4,34efef5883b92be4,false,none,0,false,false,false,false,false
forward_poll_2026h2,ING,2026-07,2026-07-30,2026-08-01,V3,7192ec00fea0c2b3,2dd6da9e245e9126,true,up,"[0.01,0.05)",true,true,false,false,false
forward_poll_2026h2,INGM,2026-07,2026-07-30,2026-08-01,V5,a9d7f6af1078f438,a9d7f6af1078f438,false,none,0,true,true,false,false,false
forward_poll_2026h2,INGR,2026-08,2026-08-04,2026-08-04,V3,5cb58d7ef8c3e0b4,5cb58d7ef8c3e0b4,false,none,0,true,true,false,false,false
forward_poll_2026h2,INGVF,2026-07,2026-07-30,2026-07-31,V3,f96708e4e346df56,f96708e4e346df56,false,none,0,true,true,false,false,false
forward_poll_2026h2,INIO,2026-07,2026-07-28,2026-08-04,V3,8ca9ba68b7990f6c,8ca9ba68b7990f6c,false,none,0,true,true,false,false,false
forward_poll_2026h2,INNMF,2026-05,2026-06-05,2026-06-05,V5,0b7fc1f3883704c0,2d80898a3df0a2d8,true,up,"(0,0.01)",,,false,,true
forward_poll_2026h2,INPAP,2026-07,2026-07-30,2026-07-31,V3,ff8eff4744ae5e16,ff8eff4744ae5e16,false,none,0,true,true,false,false,false
forward_poll_2026h2,INSP,2026-08,2026-08-03,2026-08-04,V5,a3b71d554000d686,a3b71d554000d686,false,none,0,true,true,false,false,false
forward_poll_2026h2,INTA,2026-08,2026-08-04,2026-08-04,V5,8a30461c26776926,8a30461c26776926,false,none,0,true,true,false,false,false
forward_poll_2026h2,INTAF,2026-07,2026-07-28,2026-07-28,V3,7ecc562405b03612,7ecc562405b03612,false,none,0,false,false,false,false,false
forward_poll_2026h2,INTC,2026-07,2026-07-23,2026-07-27,V5,e3de99595be753d1,e3de99595be753d1,false,none,0,true,true,false,false,false
forward_poll_2026h2,INVH,2026-07,2026-07-29,2026-07-31,V3,0a221a04399398cd,a482ff1a5981a005,true,down,"[0.05,0.25)",true,true,false,false,false
forward_poll_2026h2,INVRF,2026-07,2026-07-29,2026-07-30,V5,80579dd4ba21e961,c8450c6af6118b94,true,down,"(0,0.01)",,,false,,true
forward_poll_2026h2,INVX,2026-08,2026-08-03,2026-08-04,V3,d1d6eecba80b49bb,e8ab83fa7b1afce1,true,up,"[0.25,1.00)",true,true,false,false,false
forward_poll_2026h2,IONS,2026-07,2026-07-29,2026-08-01,V5,7368d629d8890185,069739eed1b48af5,true,down,"[0.25,1.00)",true,true,false,false,false
forward_poll_2026h2,IOSP,2026-08,2026-08-04,2026-08-04,V5,450c8c565daf4587,450c8c565daf4587,false,none,0,true,true,false,false,false
forward_poll_2026h2,IOT,2026-06,2026-06-05,2026-06-06,V5,cae9f6d96ec687e3,acb0a4c1cffc3caf,true,up,"[0.05,0.25)",false,true,true,true,false
forward_poll_2026h2,IP,2026-07,2026-07-30,2026-08-02,V5,1f34d2febb4657f6,1f34d2febb4657f6,false,none,0,true,true,false,false,false
forward_poll_2026h2,IPAR,2026-08,2026-08-04,2026-08-04,V5,36c8a695fdc8e00d,36c8a695fdc8e00d,false,none,0,false,false,false,false,false
forward_poll_2026h2,IPCFF,2026-08,2026-08-04,2026-08-05,V3,05d45f1141298fe3,6887965efa01b689,true,up,"(0,0.01)",false,false,false,false,false
forward_poll_2026h2,IPGP,2026-08,2026-08-04,2026-08-04,V5,7e8b61f416c34d4f,52debedf7cf67f5b,true,down,"[0.25,1.00)",true,false,true,true,false
forward_poll_2026h2,IPI,2026-08,2026-08-04,2026-08-04,V3,7b82859da6bbe89d,7b82859da6bbe89d,false,none,0,false,false,false,false,false
forward_poll_2026h2,IPOAF,2026-07,2026-07-28,2026-07-28,V3,66805854a7830ce8,66805854a7830ce8,false,none,0,true,true,false,false,false
forward_poll_2026h2,IPOAF,2026-07,2026-07-28,2026-07-28,V3,66805854a7830ce8,66805854a7830ce8,false,none,0,true,true,false,false,false
forward_poll_2026h2,IPOAF,2026-07,2026-07-29,2026-07-29,V3,66805854a7830ce8,66805854a7830ce8,false,none,0,true,true,false,false,false
forward_poll_2026h2,IPOAF,2026-07,2026-07-31,2026-07-31,V3,66805854a7830ce8,66805854a7830ce8,false,none,0,true,true,false,false,false
forward_poll_2026h2,IPOAF,2026-08,2026-08-02,2026-08-02,V3,66805854a7830ce8,66805854a7830ce8,false,none,0,true,true,false,false,false
forward_poll_2026h2,IPOAF,2026-08,2026-08-03,2026-08-04,V3,66805854a7830ce8,69fbd883a5898153,true,up,"[0.01,0.05)",true,true,false,false,false
forward_poll_2026h2,IPOAF,2026-08,2026-08-04,2026-08-05,V3,69fbd883a5898153,66805854a7830ce8,true,down,"[0.01,0.05)",true,true,false,false,false
forward_poll_2026h2,IPSEF,2026-07,2026-07-30,2026-07-30,V5,22a35dad082d8067,22a35dad082d8067,false,none,0,true,true,false,false,false
forward_poll_2026h2,IPSEY,2026-07,2026-07-30,2026-07-31,V5,e724181dbb6a00fd,f5e6c8698f8a1226,true,up,"[0.01,0.05)",true,true,false,false,false
forward_poll_2026h2,IPSOF,2026-07,2026-07-24,2026-07-24,V5,92cc884a807cab72,92cc884a807cab72,false,none,0,,,false,,true
forward_poll_2026h2,IPXAF,2026-06,2026-06-05,2026-06-05,V5,448bdf03bb7e6686,448bdf03bb7e6686,false,none,0,,,false,,true
forward_poll_2026h2,IQMX,2026-08,2026-08-04,2026-08-04,V5,dc801a0f5b1e822c,dc801a0f5b1e822c,false,none,0,,,false,,false
forward_poll_2026h2,IQV,2026-07,2026-07-28,2026-08-04,V5,f6f2ba9b94869e18,f6f2ba9b94869e18,false,none,0,false,false,false,false,false
forward_poll_2026h2,IR,2026-07,2026-07-30,2026-08-02,V5,14e4a87dc1065ad7,14e4a87dc1065ad7,false,none,0,false,false,false,false,false
forward_poll_2026h2,IRDEF,2026-07,2026-08-01,2026-08-01,V5,fdd6e314a12e5741,fdd6e314a12e5741,false,none,0,,,false,,true
forward_poll_2026h2,IRDM,2026-07,2026-07-22,2026-07-24,V3,6c30fadb7c1bdaa8,c68d4d72e4184002,true,down,"[0.05,0.25)",false,false,false,false,false
forward_poll_2026h2,IRMD,2026-07,2026-07-31,2026-08-02,V3,77892ba13c1cbef1,77892ba13c1cbef1,false,none,0,false,true,true,true,false
forward_poll_2026h2,IRON,2026-07,2026-08-01,2026-08-01,V5,30d8811633dd2ed9,30d8811633dd2ed9,false,none,0,false,false,false,false,true
forward_poll_2026h2,IRRHF,2026-07,2026-08-01,2026-08-01,V5,d46c9f69c49a2eac,d46c9f69c49a2eac,false,none,0,,,false,,false
forward_poll_2026h2,IRT,2026-08,2026-08-03,2026-08-03,V3,ccd656dc4d6f4c03,ccd656dc4d6f4c03,false,none,0,false,false,false,false,false
forward_poll_2026h2,ISBA,2026-07,2026-07-23,2026-07-23,V3,0af7721a0582cd59,0af7721a0582cd59,false,none,0,false,false,false,false,false
forward_poll_2026h2,ISMAF,2026-07,2026-07-24,2026-07-30,V3,05195c1bbf9db636,a203564f7e75ab3f,true,down,"[0.01,0.05)",true,true,false,false,false
forward_poll_2026h2,ISMAY,2026-07,2026-07-23,2026-07-30,V5,e2c0e73bf86907cb,0e0a525efa634e90,true,up,"[0.25,1.00)",,,false,,false
forward_poll_2026h2,ISOU,2026-07,2026-07-29,2026-07-29,V3,e881c78f53603ae7,e881c78f53603ae7,false,none,0,false,false,false,false,false
forward_poll_2026h2,ISRG,2026-07,2026-07-17,2026-07-23,V5,0c54ab57ce34cc8e,0c54ab57ce34cc8e,false,none,0,true,true,false,false,false
forward_poll_2026h2,ISRJF,2026-06,2026-06-05,2026-06-05,V3,0ce6b261c770f343,0ce6b261c770f343,false,none,0,false,false,false,false,false
forward_poll_2026h2,ISTR,2026-07,2026-07-20,2026-07-22,V5,d36b7c3af6703bc8,d36b7c3af6703bc8,false,none,0,false,false,false,false,false
forward_poll_2026h2,ISUZF,2026-08,2026-08-03,2026-08-03,V3,8f05f551507c846e,4fc40ae21845fc02,true,up,"(0,0.01)",false,false,false,true,false
forward_poll_2026h2,ISUZY,2026-08,2026-08-03,2026-08-04,V3,23a01a73220920db,8dfe62f33517d858,true,up,"[0.01,0.05)",false,false,false,true,false
forward_poll_2026h2,IT,2026-08,2026-08-04,2026-08-04,V5,e19e9daafc4eff17,e19e9daafc4eff17,false,none,0,true,true,false,false,false
forward_poll_2026h2,ITGGF,2026-07,2026-07-28,2026-07-28,V3,5d6069c8a82332f6,58241772f1cc8349,true,down,"(0,0.01)",false,false,false,true,false
forward_poll_2026h2,ITGR,2026-08,2026-08-04,2026-08-04,V5,012af27c3a27669b,012af27c3a27669b,false,none,0,true,true,false,false,false
forward_poll_2026h2,ITOCF,2026-08,2026-08-03,2026-08-03,V3,73a4643b01d70563,faff76e1e0bcf58f,true,up,"(0,0.01)",false,false,false,false,false
forward_poll_2026h2,ITOCY,2026-08,2026-08-03,2026-08-03,V3,ac06e47bca535a9d,ac06e47bca535a9d,false,none,0,false,false,false,false,false
forward_poll_2026h2,ITOEF,2026-06,2026-06-05,2026-06-05,V3,3e94c50a001a97b8,3e94c50a001a97b8,false,none,0,true,true,false,false,true
forward_poll_2026h2,ITONF,2026-06,2026-06-05,2026-06-05,V3,58b0ef839fb6aada,58b0ef839fb6aada,false,none,0,true,true,false,false,true
forward_poll_2026h2,ITRI,2026-07,2026-07-28,2026-07-31,V5,9551f9228019474c,9551f9228019474c,false,none,0,true,true,false,false,false
forward_poll_2026h2,ITRMF,2026-06,2026-06-08,2026-06-08,V5,a0189b2219bb4ecf,a0189b2219bb4ecf,false,none,0,false,false,false,false,false
forward_poll_2026h2,ITRMF,2026-06,2026-06-15,2026-06-15,V5,a0189b2219bb4ecf,a0189b2219bb4ecf,false,none,0,false,false,false,false,false
forward_poll_2026h2,ITRMF,2026-06,2026-06-22,2026-06-22,V5,a0189b2219bb4ecf,a0189b2219bb4ecf,false,none,0,false,false,false,false,false
forward_poll_2026h2,ITRMF,2026-06,2026-07-04,2026-07-04,V5,a0189b2219bb4ecf,a0189b2219bb4ecf,false,none,0,false,false,false,false,true
forward_poll_2026h2,ITUB,2026-08,2026-08-05,2026-08-05,V3,cfe452a87804d329,cfe452a87804d329,false,none,0,false,false,false,false,false
forward_poll_2026h2,ITVPF,2026-07,2026-07-31,2026-07-31,V5,0282b15f9e9803ed,51048bd6e971bc2a,true,up,"(0,0.01)",false,false,false,false,false
forward_poll_2026h2,ITW,2026-07,2026-07-28,2026-07-31,V5,47781d60cc1a90da,47781d60cc1a90da,false,none,0,false,false,false,false,false
forward_poll_2026h2,IUSDF,2026-07,2026-07-31,2026-07-31,V5,a21b7aa49378e4bb,a21b7aa49378e4bb,false,none,0,,,false,,false
forward_poll_2026h2,IVCGF,2026-07,2026-07-30,2026-07-30,V3,287423f29ee56255,287423f29ee56255,false,none,0,true,true,false,false,false
forward_poll_2026h2,IVDN,2026-06,2026-06-18,2026-06-18,V5,88f3b71db0a69825,88f3b71db0a69825,false,none,0,,,false,,false
forward_poll_2026h2,IVF,2026-06,2026-06-24,2026-06-24,V5,5c17806833298ad0,5c17806833298ad0,false,none,0,false,false,false,false,true
forward_poll_2026h2,IVFZF,2026-05,2026-06-05,2026-06-05,V5,adb5bdd9dbae055f,adb5bdd9dbae055f,false,none,0,,,false,,true
forward_poll_2026h2,IVPAF,2026-07,2026-07-29,2026-08-01,V5,a21669e4a01d712f,a21669e4a01d712f,false,none,0,false,false,false,false,false
forward_poll_2026h2,IVR,2026-07,2026-07-30,2026-08-02,V5,a4a1ff9e7ec357fa,a4a1ff9e7ec357fa,false,none,0,false,false,false,true,false
forward_poll_2026h2,IVR-PC,2026-07,2026-07-30,2026-07-30,V3,a40e553509b0bf8d,a40e553509b0bf8d,false,none,0,false,false,false,false,false
forward_poll_2026h2,IVSBF,2026-07,2026-07-16,2026-07-16,V5,dca1f41890940a61,dca1f41890940a61,false,none,0,,,false,,false
forward_poll_2026h2,IVSXF,2026-07,2026-07-16,2026-07-16,V5,5d33fd5f6177d865,5d33fd5f6177d865,false,none,0,,,false,,false
forward_poll_2026h2,IVT,2026-08,2026-08-03,2026-08-03,V5,d1dd660b958f13e5,4cd8a0b3a63954bf,true,down,"[0.25,1.00)",true,false,true,true,false
forward_poll_2026h2,IVZ,2026-07,2026-07-28,2026-07-29,V5,24d31d530b64b534,24d31d530b64b534,false,none,0,false,false,false,false,false
forward_poll_2026h2,IXAQF,2026-07,2026-07-19,2026-07-19,V5,a9b2b93b427a0241,a9b2b93b427a0241,false,none,0,,,false,,true
forward_poll_2026h2,J,2026-08,2026-08-04,2026-08-04,V5,96e4eb1984d07ace,96e4eb1984d07ace,false,none,0,false,false,false,false,false
forward_poll_2026h2,JAKK,2026-07,2026-07-23,2026-07-23,V5,b70f0a1113819f3f,b70f0a1113819f3f,false,none,0,true,false,true,true,false
forward_poll_2026h2,JAN,2026-08,2026-08-04,2026-08-05,V3,b2ef39ea01b4e683,2523c8d125d44d1f,true,up,"[0.05,0.25)",true,true,false,false,false
forward_poll_2026h2,JAPAF,2026-07,2026-07-30,2026-08-03,V3,5f85a9718e15be3e,5f85a9718e15be3e,false,none,0,true,true,false,false,false
forward_poll_2026h2,JAPAY,2026-07,2026-07-30,2026-08-03,V3,a22f979b22e5c97a,a22f979b22e5c97a,false,none,0,true,true,false,false,false
forward_poll_2026h2,JAPSY,2026-08,2026-08-03,2026-08-03,V5,1656b6cafd482e8f,1656b6cafd482e8f,false,none,0,,,false,,false
forward_poll_2026h2,JARLF,2026-07,2026-07-30,2026-07-30,V5,092dd56f29a34a98,092dd56f29a34a98,false,none,0,false,false,false,false,false
forward_poll_2026h2,JAZZ,2026-08,2026-08-03,2026-08-04,V5,571dc6265940db80,571dc6265940db80,false,none,0,false,false,false,false,false
forward_poll_2026h2,JBHT,2026-07,2026-07-15,2026-07-19,V5,e560f052b0a21111,e560f052b0a21111,false,none,0,true,true,false,false,false
forward_poll_2026h2,JBL,2026-06,2026-06-17,2026-06-19,V5,beae1d6fa8e52c0f,beae1d6fa8e52c0f,false,none,0,false,false,false,false,false
forward_poll_2026h2,JBLU,2026-07,2026-07-28,2026-08-04,V5,f58f53196039d269,f58f53196039d269,false,none,0,false,false,false,false,false
forward_poll_2026h2,JBTM,2026-08,2026-08-03,2026-08-03,V5,3e7b214333e936b8,3e7b214333e936b8,false,none,0,false,false,false,false,false
forward_poll_2026h2,JCAP,2026-06,2026-06-11,2026-06-18,V5,ab18424fad21c973,ab18424fad21c973,false,none,0,false,false,false,true,false
forward_poll_2026h2,JCDXF,2026-07,2026-07-30,2026-07-30,V5,b8861873f4cf27f3,ea7371cf2ac5f9bf,true,up,"(0,0.01)",true,true,false,false,false
forward_poll_2026h2,JCI,2026-07,2026-07-29,2026-08-01,V5,d18eee66ae808db1,d18eee66ae808db1,false,none,0,false,false,false,false,false
forward_poll_2026h2,JCRRF,2026-07,2026-07-30,2026-07-30,V3,aaf8a2d5b8c9fba5,aaf8a2d5b8c9fba5,false,none,0,false,false,false,false,false
forward_poll_2026h2,JCTC,2026-07,2026-07-15,2026-07-15,V5,cbf901a06bb9d92d,cbf901a06bb9d92d,false,none,0,,,false,,false
forward_poll_2026h2,JCYCF,2026-07,2026-07-31,2026-07-31,V3,f311a3c93d479c3f,f311a3c93d479c3f,false,none,0,true,true,false,false,false
forward_poll_2026h2,JEF,2026-06,2026-06-25,2026-06-25,V3,37118ed80183c1da,714053f0c304eff0,true,up,"[0.01,0.05)",false,false,false,false,false
forward_poll_2026h2,JELD,2026-08,2026-08-03,2026-08-03,V5,2f708a38c28e6495,2f708a38c28e6495,false,none,0,true,true,false,false,false
forward_poll_2026h2,JFBC,2026-07,2026-07-28,2026-07-28,V5,216cc4fd461f94cf,216cc4fd461f94cf,false,none,0,,,false,,false
forward_poll_2026h2,JFEEF,2026-08,2026-08-05,2026-08-05,V3,6363369cc2121cde,6363369cc2121cde,false,none,0,true,true,false,false,false
forward_poll_2026h2,JFEYF,2026-07,2026-07-30,2026-08-05,V5,528101e9ea41fe89,19c3d2e81ca895bf,true,up,"(0,0.01)",,,false,,false
forward_poll_2026h2,JFHHF,2026-07,2026-07-24,2026-07-24,V5,41db7a5ec3bbeea4,41db7a5ec3bbeea4,false,none,0,,,false,,false
forward_poll_2026h2,JFIN,2026-06,2026-06-24,2026-06-24,V3,d6b936b03c18836d,d6b936b03c18836d,false,none,0,false,false,false,false,false
forward_poll_2026h2,JFROF,2026-06,2026-07-04,2026-07-07,V3,b7ae9df06b04b347,b7ae9df06b04b347,false,none,0,true,true,false,false,true
forward_poll_2026h2,JGLDF,2026-06,2026-06-05,2026-06-05,V3,c13e5b3ba38951c1,c13e5b3ba38951c1,false,none,0,true,true,false,false,true
forward_poll_2026h2,JILL,2026-06,2026-06-10,2026-06-13,V5,50ba44e951c97b91,50ba44e951c97b91,false,none,0,false,false,false,false,false
forward_poll_2026h2,JLL,2026-07,2026-07-30,2026-08-02,V5,e3b3d8a30c7cf18b,e3b3d8a30c7cf18b,false,none,0,true,true,false,false,false
forward_poll_2026h2,JMDMF,2026-07,2026-07-30,2026-07-30,V5,cc6eb95cb590826a,cc6eb95cb590826a,false,none,0,,,false,,false
forward_poll_2026h2,JMHLY,2026-07,2026-08-02,2026-08-02,V5,5e9cb1b6dd6f522c,5e9cb1b6dd6f522c,false,none,0,,,false,,true
forward_poll_2026h2,JMSB,2026-07,2026-07-22,2026-07-22,V5,c1912a4180b41097,c1912a4180b41097,false,none,0,true,true,false,false,false
forward_poll_2026h2,JNDOF,2026-07,2026-07-10,2026-07-10,V3,ecb8ed874de5b6b8,ecb8ed874de5b6b8,false,none,0,false,false,false,false,false
forward_poll_2026h2,JNJ,2026-07,2026-07-16,2026-07-18,V5,57a00e3888d7be23,57a00e3888d7be23,false,none,0,false,false,false,false,false
forward_poll_2026h2,JOE,2026-07,2026-07-29,2026-07-29,V5,aa65a58824ecb47c,aa65a58824ecb47c,false,none,0,,,false,,false
forward_poll_2026h2,JPAVF,2026-07,2026-07-29,2026-07-29,V3,c6cd730ab856691a,c6cd730ab856691a,false,none,0,false,false,false,false,false
forward_poll_2026h2,JPM,2026-07,2026-07-14,2026-07-17,V5,19e821a036bd2ce5,5ac20ec46b7f623b,true,down,"[0.05,0.25)",true,true,false,false,false
forward_poll_2026h2,JPM-PC,2026-07,2026-07-14,2026-07-14,V3,eba9e73142cc56d6,eba9e73142cc56d6,false,none,0,true,true,false,false,false
forward_poll_2026h2,JPM-PD,2026-07,2026-07-14,2026-07-14,V3,01ec4880552698d3,01ec4880552698d3,false,none,0,true,true,false,false,false
forward_poll_2026h2,JPM-PJ,2026-07,2026-07-14,2026-07-14,V3,6f22e09ec0d455e4,6f22e09ec0d455e4,false,none,0,true,true,false,false,false
forward_poll_2026h2,JPM-PK,2026-07,2026-07-14,2026-07-14,V3,858561f04fb1d60a,858561f04fb1d60a,false,none,0,true,true,false,false,false
forward_poll_2026h2,JPM-PL,2026-07,2026-07-14,2026-07-14,V3,d1c4626ebc331928,d1c4626ebc331928,false,none,0,true,true,false,false,false
forward_poll_2026h2,JPM-PM,2026-07,2026-07-14,2026-07-14,V3,4112cb0c482bb997,4112cb0c482bb997,false,none,0,true,true,false,false,false
forward_poll_2026h2,JPNRF,2026-08,2026-08-03,2026-08-03,V3,2fd1f20548771543,f179f14f50065d5c,true,up,"(0,0.01)",true,true,false,false,false
forward_poll_2026h2,JPOTF,2026-06,2026-06-05,2026-06-05,V5,288c930225f9b037,288c930225f9b037,false,none,0,,,false,,true
forward_poll_2026h2,JPSWY,2026-08,2026-08-03,2026-08-05,V3,819ef23bbe79c088,e50bab43b0450762,true,down,"(0,0.01)",true,true,false,false,false
forward_poll_2026h2,JRONF,2026-07,2026-07-30,2026-07-30,V3,1b6aa343962dcf7c,1b6aa343962dcf7c,false,none,0,true,true,false,false,false
forward_poll_2026h2,JRONY,2026-07,2026-07-29,2026-07-30,V3,a483bb7408fecad8,ef3e521c0a5fe37c,true,down,"(0,0.01)",true,true,false,false,false
forward_poll_2026h2,JRSH,2026-06,2026-06-15,2026-06-15,V3,18e40f476bb601a3,18e40f476bb601a3,false,none,0,true,true,false,false,false
forward_poll_2026h2,JSGCF,2026-07,2026-07-31,2026-07-31,V3,1201aafd1ebf3233,1201aafd1ebf3233,false,none,0,false,false,false,false,false
forward_poll_2026h2,JSPCF,2026-07,2026-07-31,2026-07-31,V5,d3e8a8d1a75d4b01,95ee1783914de833,true,down,"(0,0.01)",,,false,,false
forward_poll_2026h2,JTEKF,2026-07,2026-07-31,2026-07-31,V3,efdcdcb78bf81718,c894dab5fa19243e,true,down,"(0,0.01)",true,true,false,false,false
forward_poll_2026h2,JUSHF,2026-07,2026-07-28,2026-07-28,V3,80f3d47be7d1acbb,80f3d47be7d1acbb,false,none,0,true,true,false,false,false
forward_poll_2026h2,JUVF,2026-07,2026-07-23,2026-07-23,V5,0ddb7dfd117322c3,d4d671a146241a09,true,down,>=1.00,,,false,,false
forward_poll_2026h2,JVA,2026-06,2026-06-13,2026-06-13,V3,374a93fc956fadfa,374a93fc956fadfa,false,none,0,false,false,false,false,false
forward_poll_2026h2,JW-B,2026-06,2026-06-17,2026-06-17,V5,6824118dc920fdec,6824118dc920fdec,false,none,0,,,false,,false
forward_poll_2026h2,JW-B,2026-06,2026-06-24,2026-06-24,V5,6824118dc920fdec,6824118dc920fdec,false,none,0,,,false,,false
forward_poll_2026h2,JXN,2026-08,2026-08-03,2026-08-04,V3,2d1349da2c97ab6c,61bed97340cff0f3,true,up,"[0.25,1.00)",true,true,false,false,false
forward_poll_2026h2,JXN-PA,2026-08,2026-08-03,2026-08-04,V3,7296b40de738d704,594dfbf2ab0bc73c,true,down,"[0.25,1.00)",true,true,false,false,false
forward_poll_2026h2,KACPF,2026-07,2026-07-23,2026-07-23,V5,d0dd39bfd083230b,271ccd07196fcce1,true,down,"(0,0.01)",,,false,,false
forward_poll_2026h2,KAEPF,2026-07,2026-07-31,2026-07-31,V3,c73a89bb379b87a5,c73a89bb379b87a5,false,none,0,true,true,false,false,false
forward_poll_2026h2,KAI,2026-08,2026-08-04,2026-08-04,V5,a21bbef09a5827d9,a21bbef09a5827d9,false,none,0,true,true,false,false,false
forward_poll_2026h2,KAJMF,2026-08,2026-08-05,2026-08-05,V3,ec8112e26611dc47,ec8112e26611dc47,false,none,0,false,false,false,false,false
forward_poll_2026h2,KAJMY,2026-08,2026-08-05,2026-08-05,V3,df8525993a55418a,df8525993a55418a,false,none,0,false,false,false,false,false
forward_poll_2026h2,KAKKF,2026-08,2026-08-04,2026-08-04,V3,fea5af0def53a475,85014c8346e95724,true,down,"(0,0.01)",true,true,false,false,false
forward_poll_2026h2,KALU,2026-07,2026-07-22,2026-07-23,V3,598dbe8d6151043f,598dbe8d6151043f,false,none,0,true,true,false,false,false
forward_poll_2026h2,KARNF,2026-06,2026-06-05,2026-06-05,V5,736521b2bbe70fd4,736521b2bbe70fd4,false,none,0,,,false,,true
forward_poll_2026h2,KARO,2026-07,2026-07-27,2026-07-27,V5,59a19975b9f8671a,59a19975b9f8671a,false,none,0,true,true,false,false,false
forward_poll_2026h2,KAVL,2026-06,2026-06-17,2026-06-18,V3,3a9b5ffb1127049f,6260054473da0b6f,true,up,"(0,0.01)",,,false,,false
forward_poll_2026h2,KAVL,2026-06,2026-06-17,2026-06-18,V3,5a95e15c5662dad4,5a95e15c5662dad4,false,none,0,,true,false,,false
forward_poll_2026h2,KB,2026-07,2026-07-24,2026-07-25,V3,642f8fa65fde817c,642f8fa65fde817c,false,none,0,true,true,false,false,false
forward_poll_2026h2,KBAGF,2026-07,2026-08-01,2026-08-01,V5,e57c70ca3ede51d5,ecf11191a445d57c,true,down,"[0.01,0.05)",false,true,true,false,true
forward_poll_2026h2,KBH,2026-06,2026-06-23,2026-06-24,V5,809eb2bfc3e77dc2,809eb2bfc3e77dc2,false,none,0,false,false,false,false,false
forward_poll_2026h2,KBR,2026-07,2026-07-30,2026-07-31,V5,26cbbd8870a7f04e,26cbbd8870a7f04e,false,none,0,true,true,false,false,false
forward_poll_2026h2,KBRLF,2026-08,2026-08-05,2026-08-05,V3,ef18e51faadfb78a,ef18e51faadfb78a,false,none,0,true,true,false,false,false
forward_poll_2026h2,KBSTF,2026-08,2026-08-05,2026-08-05,V3,85c785963fce686f,85c785963fce686f,false,none,0,false,false,false,false,false
forward_poll_2026h2,KBSX,2026-07,2026-07-29,2026-07-29,V5,a875a1e6dcf6b1b8,a875a1e6dcf6b1b8,false,none,0,false,false,false,false,false
forward_poll_2026h2,KCDMF,2026-07,2026-07-22,2026-07-25,V3,3d1800cff7c6dc77,d7dca920c473b1a2,true,down,"(0,0.01)",false,false,false,false,false
forward_poll_2026h2,KCDMY,2026-07,2026-07-22,2026-07-22,V3,df61210baf76f67a,d0944c41fca882a4,true,up,"(0,0.01)",false,false,false,true,false
forward_poll_2026h2,KCLI,2026-07,2026-07-31,2026-07-31,V5,9268f3c6deaca01a,9268f3c6deaca01a,false,none,0,,,false,,false
forward_poll_2026h2,KDKGF,2026-06,2026-07-04,2026-07-04,V5,190dcdaab0bef0d1,190dcdaab0bef0d1,false,none,0,,,false,,true
forward_poll_2026h2,KDKGF,2026-07,2026-07-29,2026-08-03,V5,ab65dd416aa9c06f,bc013b89972d3ecc,true,down,"(0,0.01)",,,false,,false
forward_poll_2026h2,KELRF,2026-07,2026-07-31,2026-07-31,V5,63a6480e8f0e4bb8,0d8ccce6e986714d,true,down,"(0,0.01)",,,false,,false
forward_poll_2026h2,KEN,2026-06,2026-06-05,2026-06-05,V5,95680c989cb6c7bc,95680c989cb6c7bc,false,none,0,,,false,,true
forward_poll_2026h2,KEQU,2026-06,2026-06-24,2026-06-24,V5,f494dea129535488,f25ed5ced8d87a27,true,down,"[0.01,0.05)",,,false,,false
forward_poll_2026h2,KEX,2026-07,2026-07-29,2026-07-29,V5,f95c96cbb2be5e81,f95c96cbb2be5e81,false,none,0,false,false,false,false,false
forward_poll_2026h2,KEY,2026-07,2026-07-21,2026-07-21,V5,6d099123b6ecc0e3,6d099123b6ecc0e3,false,none,0,false,false,false,false,false
forward_poll_2026h2,KEY-PI,2026-07,2026-07-21,2026-07-21,V3,ca8a69c75050e987,ca8a69c75050e987,false,none,0,true,true,false,false,false
forward_poll_2026h2,KEY-PJ,2026-07,2026-07-21,2026-07-21,V3,25bd81d47d615970,25bd81d47d615970,false,none,0,true,true,false,false,false
forward_poll_2026h2,KEY-PK,2026-07,2026-07-21,2026-07-21,V3,82e96189e2bf93c7,82e96189e2bf93c7,false,none,0,true,true,false,false,false
forward_poll_2026h2,KEY-PL,2026-07,2026-07-21,2026-07-21,V3,232d04b5349c228f,232d04b5349c228f,false,none,0,true,true,false,false,false
forward_poll_2026h2,KFRC,2026-07,2026-07-27,2026-07-27,V3,daaef00d2e53e5e9,daaef00d2e53e5e9,false,none,0,true,true,false,false,false
forward_poll_2026h2,KFY,2026-06,2026-06-23,2026-06-25,V5,7778be6693376e41,7778be6693376e41,false,none,0,false,false,false,false,false
forward_poll_2026h2,KGAUF,2026-07,2026-07-17,2026-07-17,V3,b9265dec761c7a4d,b9265dec761c7a4d,false,none,0,false,,false,,false
forward_poll_2026h2,KGC,2026-07,2026-07-29,2026-08-01,V5,525a6d4c13ce1083,525a6d4c13ce1083,false,none,0,false,false,false,false,false
forward_poll_2026h2,KGFMF,2026-06,2026-06-05,2026-06-05,V5,f8b6fdfd71f65903,f8b6fdfd71f65903,false,none,0,,,false,,true
forward_poll_2026h2,KGLDF,2026-06,2026-06-05,2026-06-05,V5,96b21122d26571b6,96b21122d26571b6,false,none,0,,,false,,true
forward_poll_2026h2,KGSPF,2026-06,2026-06-11,2026-06-11,V3,6686901dfb89d758,6686901dfb89d758,false,none,0,,,false,,true
forward_poll_2026h2,KGTFF,2026-07,2026-07-22,2026-07-22,V3,bbb9e20c08a7853d,bbb9e20c08a7853d,false,none,0,true,true,false,false,false
forward_poll_2026h2,KHNGF,2026-07,2026-07-23,2026-07-24,V3,f2d68076043d8e4e,1a37a71f95a9b11e,true,down,"[0.01,0.05)",true,false,true,false,false
forward_poll_2026h2,KHNGY,2026-07,2026-07-23,2026-07-23,V5,18f2755d03166873,18f2755d03166873,false,none,0,false,false,false,false,false
forward_poll_2026h2,KIDS,2026-08,2026-08-04,2026-08-04,V3,65914c2f6bbdd06d,65914c2f6bbdd06d,false,none,0,true,true,false,false,false
forward_poll_2026h2,KIGRY,2026-07,2026-07-30,2026-07-30,V5,717e9b5d24a8ba22,717e9b5d24a8ba22,false,none,0,,,false,,false
forward_poll_2026h2,KIM,2026-08,2026-08-04,2026-08-04,V5,67112511d3ceeb2d,9c8d3af717752683,true,down,"[0.05,0.25)",true,true,false,false,false
forward_poll_2026h2,KIM-PL,2026-08,2026-08-04,2026-08-04,V3,33192f97351367f4,33192f97351367f4,false,none,0,true,true,false,false,false
forward_poll_2026h2,KIM-PM,2026-08,2026-08-04,2026-08-04,V3,59eb927dc30435ef,59eb927dc30435ef,false,none,0,true,true,false,false,false
forward_poll_2026h2,KIM-PN,2026-08,2026-08-04,2026-08-04,V3,096b9ddae461cee7,096b9ddae461cee7,false,none,0,true,true,false,false,false
forward_poll_2026h2,KIROY,2026-07,2026-07-30,2026-07-30,V5,cb84cfdb88aa51dd,cb84cfdb88aa51dd,false,none,0,false,false,false,false,true
forward_poll_2026h2,KITAF,2026-07,2026-07-15,2026-07-15,V5,965b0e9196a11639,9997f32dc97c5c0b,true,up,"(0,0.01)",,,false,,false
forward_poll_2026h2,KKKUF,2026-08,2026-08-05,2026-08-05,V5,9e2c92ff6164fc44,9e2c92ff6164fc44,false,none,0,,,false,,false
forward_poll_2026h2,KKOYF,2026-07,2026-07-22,2026-07-22,V3,722b9da65bad04a1,c05f3f264b2eb257,true,down,"(0,0.01)",false,false,false,false,false
forward_poll_2026h2,KKPNF,2026-07,2026-07-22,2026-07-22,V3,32baf24c377fb56c,32baf24c377fb56c,false,none,0,false,false,false,false,false
forward_poll_2026h2,KKPNY,2026-07,2026-07-24,2026-07-25,V3,f97fbf2d3201b3c5,c73e7c3e8f8ac849,true,down,"(0,0.01)",false,false,false,false,true
forward_poll_2026h2,KKR,2026-07,2026-07-30,2026-07-31,V5,e6bd0a6bd1fc235c,e6bd0a6bd1fc235c,false,none,0,true,true,false,false,false
forward_poll_2026h2,KLAC,2026-07,2026-07-28,2026-08-04,V5,e35a3b557e41323a,e35a3b557e41323a,false,none,0,false,false,false,false,false
forward_poll_2026h2,KLPEF,2026-07,2026-07-31,2026-07-31,V3,a2c08306fabc57e6,a2c08306fabc57e6,false,none,0,false,false,false,false,true
forward_poll_2026h2,KLPEF,2026-07,2026-08-04,2026-08-04,V3,a2c08306fabc57e6,a2c08306fabc57e6,false,none,0,false,false,false,false,true
forward_poll_2026h2,KLRGF,2026-08,2026-08-04,2026-08-04,V5,ed46b5ffdf6f6a5e,ed46b5ffdf6f6a5e,false,none,0,false,false,false,true,false
forward_poll_2026h2,KMB,2026-08,2026-08-04,2026-08-04,V5,e62c8eb14816f91d,26e25fac744e22c5,true,up,"[0.25,1.00)",false,false,false,true,false
forward_poll_2026h2,KMBIF,2026-07,2026-07-23,2026-07-23,V3,6da6988903461260,6da6988903461260,false,none,0,true,true,false,false,false
forward_poll_2026h2,KMDRF,2026-06,2026-06-12,2026-06-12,V5,44d1e3cd85714911,44d1e3cd85714911,false,none,0,,,false,,false
forward_poll_2026h2,KMERF,2026-07,2026-07-31,2026-07-31,V3,897b88a420dc05ca,897b88a420dc05ca,false,none,0,true,true,false,false,false
forward_poll_2026h2,KMI,2026-07,2026-07-23,2026-07-28,V5,4ca318771f0d8225,c9478258fb1dccb3,true,down,"[0.05,0.25)",true,true,false,false,false
forward_poll_2026h2,KMI,2026-07,2026-07-24,2026-07-27,V3,5ee24cacf2f3d1f8,5ee24cacf2f3d1f8,false,none,0,,,false,,false
forward_poll_2026h2,KMRCF,2026-07,2026-07-29,2026-07-29,V5,d79fc230b438f5c0,d79fc230b438f5c0,false,none,0,,,false,,false
forward_poll_2026h2,KMTS,2026-07,2026-07-14,2026-07-16,V5,f10e6972d3cb0c2a,f10e6972d3cb0c2a,false,none,0,false,false,false,false,false
forward_poll_2026h2,KMTUF,2026-07,2026-07-29,2026-07-29,V3,6965cf4799c81621,6965cf4799c81621,false,none,0,true,true,false,false,false
forward_poll_2026h2,KMTUY,2026-07,2026-07-29,2026-07-29,V3,9ad96770b81a7b73,4ec5828616a2974a,true,up,"[0.01,0.05)",true,true,false,false,false
forward_poll_2026h2,KMX,2026-06,2026-06-17,2026-06-19,V5,b0c122a760bbfbb0,b0c122a760bbfbb0,false,none,0,true,true,false,false,false
forward_poll_2026h2,KN,2026-07,2026-07-23,2026-07-26,V5,8406fcee5834cb37,8406fcee5834cb37,false,none,0,false,false,false,false,false
forward_poll_2026h2,KNBHF,2026-07,2026-07-30,2026-07-30,V3,c7ca5e08d55817c0,c7ca5e08d55817c0,false,none,0,false,false,false,false,false
forward_poll_2026h2,KNCAF,2026-07,2026-07-31,2026-07-31,V3,2fcd1353fe6652c7,2fcd1353fe6652c7,false,none,0,true,true,false,false,false
forward_poll_2026h2,KNCAY,2026-07,2026-07-30,2026-07-30,V3,2b37525a8f677a0c,2b37525a8f677a0c,false,none,0,,,false,,false
forward_poll_2026h2,KNCRF,2026-07,2026-07-25,2026-07-27,V3,ebebe1b0c9070c7f,ac01c6517a6943ea,true,down,"(0,0.01)",false,false,false,false,false
forward_poll_2026h2,KNEVF,2026-07,2026-07-08,2026-07-08,V5,77d4d10269b65123,77d4d10269b65123,false,none,0,,,false,,false
forward_poll_2026h2,KNF,2026-08,2026-08-04,2026-08-04,V5,93635794a98e7a87,93635794a98e7a87,false,none,0,false,false,false,false,false
forward_poll_2026h2,KNNGF,2026-07,2026-07-31,2026-08-01,V3,8aa84cb3b477fb0f,54d5c26f3c119359,true,up,"(0,0.01)",false,false,false,false,false
forward_poll_2026h2,KNRRY,2026-07,2026-07-30,2026-08-05,V3,3f0e482fe6a8e125,2ef1639a12779af0,true,up,"(0,0.01)",false,true,true,true,false
forward_poll_2026h2,KNRRY,2026-07,2026-07-30,2026-07-30,V3,c1dab1183d95d9fb,3f0e482fe6a8e125,true,up,"[0.01,0.05)",false,false,false,false,false
forward_poll_2026h2,KNSA,2026-07,2026-07-28,2026-07-29,V5,afb228e3203f7ee0,afb228e3203f7ee0,false,none,0,false,false,false,true,false
forward_poll_2026h2,KNSL,2026-07,2026-07-23,2026-07-27,V5,be19bb9ac8a7fe6c,be19bb9ac8a7fe6c,false,none,0,false,false,false,false,false
forward_poll_2026h2,KNX,2026-07,2026-07-22,2026-07-26,V5,180c5b8ce06d0e32,180c5b8ce06d0e32,false,none,0,true,true,false,false,false
forward_poll_2026h2,KNYJF,2026-07,2026-07-22,2026-07-22,V3,6f66c7f0af1416c7,1a45a0fca4372324,true,down,"(0,0.01)",false,false,false,false,false
forward_poll_2026h2,KNYJY,2026-07,2026-07-25,2026-07-25,V3,1150ece99126a831,1150ece99126a831,false,none,0,false,false,false,false,true
forward_poll_2026h2,KNYJY,2026-07,2026-07-23,2026-07-24,V3,d9c6fbd4580dd335,b411a0fc49351336,true,down,"(0,0.01)",false,false,false,false,false
forward_poll_2026h2,KO,2026-07,2026-07-28,2026-08-04,V5,9a7f7d30b5b4fef8,9a7f7d30b5b4fef8,false,none,0,false,false,false,false,false
forward_poll_2026h2,KOBNF,2026-06,2026-06-12,2026-06-12,V3,3d4f6b40bada6dc6,ec074e22b97ca231,true,up,"(0,0.01)",true,true,false,false,false
forward_poll_2026h2,KODK,2026-08,2026-08-04,2026-08-04,V5,7225076606ece185,7225076606ece185,false,none,0,,,false,,false
forward_poll_2026h2,KOF,2026-07,2026-07-27,2026-07-29,V3,90f4cdade3861eda,90f4cdade3861eda,false,none,0,true,true,false,false,false
forward_poll_2026h2,KOGMF,2026-06,2026-06-05,2026-06-05,V5,d71a14dce8cf3735,d71a14dce8cf3735,false,none,0,,,false,,true
forward_poll_2026h2,KOREF,2026-06,2026-06-05,2026-06-05,V5,e60bb750159f71b9,e60bb750159f71b9,false,none,0,,,false,,true
forward_poll_2026h2,KOS,2026-08,2026-08-03,2026-08-05,V5,818e7702ad773744,818e7702ad773744,false,none,0,true,true,false,false,false
forward_poll_2026h2,KOTMF,2026-07,2026-07-29,2026-08-05,V3,8c9907279e0efbf2,8c9907279e0efbf2,false,none,0,,,false,,false
forward_poll_2026h2,KOYJF,2026-07,2026-07-18,2026-07-22,V3,c4ba3dc501182f4c,e5ee852a11e59fb0,true,down,"(0,0.01)",false,true,true,true,false
forward_poll_2026h2,KPCPF,2026-07,2026-07-22,2026-07-22,V3,b48b552dca4de1a3,9910c5b1e43f1e0d,true,down,"(0,0.01)",true,true,false,false,false
forward_poll_2026h2,KPCUF,2026-07,2026-07-22,2026-07-22,V3,a68aa2e0a9eb3d30,8a3c021db0bab9dc,true,up,"(0,0.01)",true,true,false,false,false
forward_poll_2026h2,KPELF,2026-07,2026-07-30,2026-08-05,V3,d717025f36eeadc8,80809abee520935e,true,up,"(0,0.01)",false,false,false,false,false
forward_poll_2026h2,KPELY,2026-07,2026-07-30,2026-08-05,V3,a8bbb8e95796277f,3edfc0236649e011,true,up,"(0,0.01)",false,false,false,false,false
forward_poll_2026h2,KPLIF,2026-07,2026-07-28,2026-07-28,V5,0cd8fa0d215deaa3,0cd8fa0d215deaa3,false,none,0,,,false,,false
forward_poll_2026h2,KPLT,2026-08,2026-08-04,2026-08-05,V3,37cd655e4e742d22,37cd655e4e742d22,false,none,0,false,false,false,false,false
forward_poll_2026h2,KR,2026-06,2026-06-18,2026-06-20,V5,8fca4940ea2c40f7,8fca4940ea2c40f7,false,none,0,false,false,false,false,false
forward_poll_2026h2,KRC,2026-07,2026-07-27,2026-07-27,V3,bb7b18d60642c6c1,bb7b18d60642c6c1,false,none,0,true,true,false,false,false
forward_poll_2026h2,KRDXF,2026-07,2026-08-01,2026-08-01,V5,551497f3948a8a24,3e38fc2b0491d138,true,down,"[0.05,0.25)",false,false,false,true,true
forward_poll_2026h2,KREF,2026-07,2026-07-21,2026-07-22,V3,47ff0a1ac63a4afe,47ff0a1ac63a4afe,false,none,0,false,false,false,true,false
forward_poll_2026h2,KREF-PA,2026-07,2026-07-22,2026-07-22,V3,14a6ddfc3e8ffa16,14a6ddfc3e8ffa16,false,none,0,false,false,false,false,false
forward_poll_2026h2,KREVF,2026-07,2026-07-30,2026-07-30,V3,06c981318a1e59f7,06c981318a1e59f7,false,none,0,false,false,false,false,true
forward_poll_2026h2,KRFG,2026-07,2026-07-17,2026-07-17,V5,22e39d0eec574ccd,22e39d0eec574ccd,false,none,0,,,false,,true
forward_poll_2026h2,KRG,2026-07,2026-07-30,2026-08-01,V3,ebd55a1b10d4767a,23baae6fc3909aac,true,up,"[0.25,1.00)",true,true,false,false,false
forward_poll_2026h2,KRNNF,2026-07,2026-07-30,2026-07-31,V3,ae5d65080b305b9d,ae5d65080b305b9d,false,none,0,true,true,false,false,false
forward_poll_2026h2,KRNY,2026-07,2026-07-23,2026-07-23,V3,8d7bfd279e6a95f8,8d7bfd279e6a95f8,false,none,0,false,false,false,false,false
forward_poll_2026h2,KROS,2026-08,2026-08-03,2026-08-04,V5,f6f225cb73ebfe7e,f6f225cb73ebfe7e,false,none,0,false,false,false,false,false
forward_poll_2026h2,KRUS,2026-07,2026-07-07,2026-07-10,V5,c599993cfd45ef5d,c599993cfd45ef5d,false,none,0,true,true,false,false,false
forward_poll_2026h2,KRYAF,2026-07,2026-07-30,2026-07-30,V5,955a98ac93b2227e,955a98ac93b2227e,false,none,0,false,false,false,false,false
forward_poll_2026h2,KRYS,2026-08,2026-08-03,2026-08-04,V5,1fd53d6181386796,1fd53d6181386796,false,none,0,false,false,false,false,false
forward_poll_2026h2,KSBI,2026-07,2026-07-24,2026-07-27,V5,883f2857b0369ecb,883f2857b0369ecb,false,none,0,,,false,,false
forward_poll_2026h2,KSPHF,2026-07,2026-07-31,2026-07-31,V3,eb4c671be37f12af,eb4c671be37f12af,false,none,0,true,true,false,false,false
forward_poll_2026h2,KSTBF,2026-06,2026-06-05,2026-06-05,V5,a2ccf5497265d830,a2ccf5497265d830,false,none,0,,,false,,true
forward_poll_2026h2,KTOS,2026-08,2026-08-04,2026-08-04,V5,4acf8d4c661f47f1,4acf8d4c661f47f1,false,none,0,true,true,false,false,false
forward_poll_2026h2,KUBTF,2026-08,2026-08-04,2026-08-04,V3,19f059ae875e2f1d,14d92003b7862087,true,down,"(0,0.01)",true,true,false,false,false
forward_poll_2026h2,KUBTY,2026-08,2026-08-04,2026-08-04,V3,5757ea9c7243220d,4ed1c9b5d36d12eb,true,down,"[0.05,0.25)",true,true,false,false,false
forward_poll_2026h2,KUMBF,2026-07,2026-07-30,2026-07-30,V5,801b8896f0c7c87d,801b8896f0c7c87d,false,none,0,false,false,false,false,true
forward_poll_2026h2,KVLQF,2026-08,2026-08-04,2026-08-04,V5,a89ebd04dd1f431c,a89ebd04dd1f431c,false,none,0,,,false,,false
forward_poll_2026h2,KWR,2026-07,2026-07-30,2026-07-30,V5,7fd5426db87e513a,7fd5426db87e513a,false,none,0,true,true,false,false,false
forward_poll_2026h2,KYCCF,2026-07,2026-07-28,2026-07-29,V3,3f7ee8a192f42c2f,3f7ee8a192f42c2f,false,none,0,true,true,false,false,false
forward_poll_2026h2,KYIV,2026-07,2026-07-31,2026-08-01,V5,b4b470425a6b3e93,b4b470425a6b3e93,false,none,0,false,false,false,false,false
forward_poll_2026h2,KYIVW,2026-07,2026-07-31,2026-07-31,V3,5cd6d1bc26667ae8,5cd6d1bc26667ae8,false,none,0,false,false,false,false,false
forward_poll_2026h2,KYKOF,2026-08,2026-08-03,2026-08-03,V5,090fc2309ab35521,a9c8330ee0aa5b0e,true,up,"(0,0.01)",false,false,false,false,false
forward_poll_2026h2,KYOAY,2026-07,2026-07-30,2026-07-30,V5,4469c4212856dd24,4469c4212856dd24,false,none,0,true,true,false,false,false
forward_poll_2026h2,KYOCF,2026-07,2026-07-30,2026-07-30,V3,55e68d56e35f6f7d,55e68d56e35f6f7d,false,none,0,true,true,false,false,false
forward_poll_2026h2,KYSEF,2026-07,2026-07-31,2026-07-31,V5,329cd8848852e0e0,f5efba5293a5d6c8,true,down,"(0,0.01)",,,false,,false
forward_poll_2026h2,L,2026-08,2026-08-03,2026-08-03,V5,b7f8443183910c4c,9d7aa4ed0bc1140a,true,up,"[0.05,0.25)",,,false,,false
forward_poll_2026h2,LABFF,2026-07,2026-07-24,2026-07-24,V5,f17eae33266cf722,f17eae33266cf722,false,none,0,,,false,,false
forward_poll_2026h2,LAD,2026-07,2026-07-29,2026-08-01,V5,d5436e2f9a36384a,d5436e2f9a36384a,false,none,0,true,true,false,false,false
forward_poll_2026h2,LADR,2026-07,2026-07-23,2026-07-29,V5,b2934fd01685c162,b2934fd01685c162,false,none,0,false,false,false,false,false
forward_poll_2026h2,LAKE,2026-06,2026-06-10,2026-06-11,V3,def5b92377f35082,d8f774167fa61d79,true,down,"[0.25,1.00)",true,true,false,false,false
forward_poll_2026h2,LARK,2026-07,2026-07-29,2026-07-29,V5,c15ffd5b90f9d59e,c15ffd5b90f9d59e,false,none,0,false,false,false,false,false
forward_poll_2026h2,LASE,2026-06,2026-06-12,2026-06-12,V5,0bb0d60bc0755543,0bb0d60bc0755543,false,none,0,,,false,,false
forward_poll_2026h2,LAUCF,2026-05,2026-06-05,2026-06-05,V3,6dc1cdd02e444c90,6dc1cdd02e444c90,false,none,0,false,false,false,false,true
forward_poll_2026h2,LAUR,2026-07,2026-07-30,2026-08-01,V3,3b57db0c17f19202,3b57db0c17f19202,false,none,0,true,true,false,false,false
forward_poll_2026h2,LAZ,2026-07,2026-07-23,2026-07-29,V5,fa98f8cd5aac9ef1,fa98f8cd5aac9ef1,false,none,0,false,false,false,false,false
forward_poll_2026h2,LBLCF,2026-07,2026-07-30,2026-08-01,V3,1f78e03e624699bc,1f78e03e624699bc,false,none,0,false,false,false,false,false
forward_poll_2026h2,LBNKF,2026-06,2026-06-05,2026-06-05,V3,e2e252846a41de68,e2e252846a41de68,false,none,0,,,false,,true
forward_poll_2026h2,LBRDA,2026-07,2026-07-31,2026-07-31,V3,221bec03fd9c1328,221bec03fd9c1328,false,none,0,true,true,false,false,true
forward_poll_2026h2,LBRDK,2026-07,2026-07-31,2026-07-31,V3,f7c3ba3b26da5712,f7c3ba3b26da5712,false,none,0,true,true,false,false,true
forward_poll_2026h2,LBRDP,2026-07,2026-08-01,2026-08-01,V3,f0e98b2d0fec8003,f0e98b2d0fec8003,false,none,0,,,false,,true
forward_poll_2026h2,LBRT,2026-07,2026-07-22,2026-07-22,V3,43744f21366e13f7,43744f21366e13f7,false,none,0,true,true,false,false,false
forward_poll_2026h2,LBSR,2026-06,2026-06-12,2026-06-12,V5,8be55a5fb37bcd93,8be55a5fb37bcd93,false,none,0,,,false,,false
forward_poll_2026h2,LBTSF,2026-07,2026-07-24,2026-07-24,V3,42fee73b6500ba1d,42fee73b6500ba1d,false,none,0,false,false,false,false,false
forward_poll_2026h2,LBTYA,2026-07,2026-07-24,2026-07-24,V3,fb8187a9fe347107,fb8187a9fe347107,false,none,0,false,false,false,false,false
forward_poll_2026h2,LBTYB,2026-07,2026-07-24,2026-07-24,V3,817baa2ea2d6a58d,817baa2ea2d6a58d,false,none,0,false,false,false,false,false
forward_poll_2026h2,LBTYK,2026-07,2026-07-24,2026-07-24,V3,1a089b8d99336a9a,1a089b8d99336a9a,false,none,0,false,false,false,false,false
forward_poll_2026h2,LCFY,2026-07,2026-07-05,2026-07-05,V5,d595378e6cb96c27,d595378e6cb96c27,false,none,0,,,false,,true
forward_poll_2026h2,LCID,2026-08,2026-08-04,2026-08-05,V3,ce44ed374032f9d1,d35795de2afe867b,true,down,"[0.05,0.25)",false,false,false,false,false
forward_poll_2026h2,LCMRF,2026-07,2026-07-23,2026-07-23,V3,7e6aa949a7245ba8,572fbe2f4d3a3f8e,true,down,"(0,0.01)",false,false,false,false,false
forward_poll_2026h2,LCNB,2026-07,2026-07-17,2026-07-17,V5,1e29afee24c44656,1e29afee24c44656,false,none,0,true,true,false,false,false
forward_poll_2026h2,LCSHF,2026-07,2026-07-31,2026-08-02,V3,dbb839bcfc822657,77ad0a7617361eb4,true,down,"[0.25,1.00)",false,false,false,false,false
forward_poll_2026h2,LDI,2026-08,2026-08-04,2026-08-04,V5,35a6ae182a1654bc,35a6ae182a1654bc,false,none,0,false,false,false,false,false
forward_poll_2026h2,LDNXF,2026-07,2026-07-30,2026-07-30,V5,d213cadc0b2ecde3,a1a4160027ea38e4,true,up,"[0.01,0.05)",false,false,false,false,false
forward_poll_2026h2,LDOS,2026-08,2026-08-04,2026-08-04,V5,9fb7f9dd8cb05e46,9fb7f9dd8cb05e46,false,none,0,true,true,false,false,false
forward_poll_2026h2,LDSVF,2026-07,2026-07-22,2026-07-22,V5,3eaaebcac317d839,3eaaebcac317d839,false,none,0,true,true,false,false,false
forward_poll_2026h2,LE,2026-06,2026-06-09,2026-06-09,V5,00403b216c9628b9,00403b216c9628b9,false,none,0,true,true,false,false,false
forward_poll_2026h2,LEA,2026-07,2026-07-31,2026-08-02,V5,a84bc5bd6be8f035,a84bc5bd6be8f035,false,none,0,false,false,false,false,false
forward_poll_2026h2,LECO,2026-07,2026-07-30,2026-08-02,V5,3ce4e4180de3e10e,3ce4e4180de3e10e,false,none,0,false,false,false,false,false
forward_poll_2026h2,LEDS,2026-07,2026-07-14,2026-07-14,V5,3b7bb811118b66eb,3b7bb811118b66eb,false,none,0,,,false,,false
forward_poll_2026h2,LEEN,2026-06,2026-06-12,2026-06-12,V5,7a58e8b3c782b9df,7a58e8b3c782b9df,false,none,0,,,false,,true
forward_poll_2026h2,LEGIF,2026-08,2026-08-04,2026-08-04,V3,040511fc96b024b8,040511fc96b024b8,false,none,0,false,false,false,false,false
forward_poll_2026h2,LEMIF,2026-06,2026-06-20,2026-06-20,V5,e42d4a668b10df32,e42d4a668b10df32,false,none,0,,,false,,false
forward_poll_2026h2,LEN,2026-06,2026-06-11,2026-06-13,V5,41605f74f5d920ff,41605f74f5d920ff,false,none,0,false,false,false,true,false
forward_poll_2026h2,LEN-B,2026-06,2026-06-11,2026-06-13,V5,07d28f9389958910,07d28f9389958910,false,none,0,false,false,false,false,false
forward_poll_2026h2,LEVI,2026-07,2026-07-08,2026-07-08,V5,8cb72e956b4f00ab,8cb72e956b4f00ab,false,none,0,true,true,false,false,false
forward_poll_2026h2,LEXX,2026-07,2026-07-14,2026-07-14,V3,4dbb1c37d643a844,4dbb1c37d643a844,false,none,0,false,false,false,false,false
forward_poll_2026h2,LFDJF,2026-07,2026-07-30,2026-08-04,V3,a6ef34507e6c184d,3b97a94134e9db0d,true,down,"(0,0.01)",false,false,false,false,false
forward_poll_2026h2,LFEV,2026-07,2026-07-17,2026-07-17,V5,3610765ffbf70962,3610765ffbf70962,false,none,0,,,false,,true
forward_poll_2026h2,LFLRF,2026-07,2026-07-29,2026-07-30,V3,ad46f9ea5c09ab08,ad46f9ea5c09ab08,false,none,0,,true,false,,false
forward_poll_2026h2,LFS,2026-06,2026-06-25,2026-06-25,V5,2da9a3e2eec53934,2da9a3e2eec53934,false,none,0,,,false,,true
forward_poll_2026h2,LFUS,2026-07,2026-07-29,2026-08-01,V3,b36816adf8135690,b36816adf8135690,false,none,0,true,true,false,false,false
forward_poll_2026h2,LGDDF,2026-07,2026-07-30,2026-07-30,V5,ebd88b620d03a323,ebd88b620d03a323,false,none,0,,,false,,true
forward_poll_2026h2,LGIH,2026-08,2026-08-04,2026-08-04,V3,e80f5d5dc0524062,e80f5d5dc0524062,false,none,0,true,true,false,false,false
forward_poll_2026h2,LGPS,2026-07,2026-07-18,2026-07-18,V5,5954463894d44362,d55006845cd5ad1e,true,down,>=1.00,,,false,,true
forward_poll_2026h2,LGRDY,2026-07,2026-07-29,2026-07-29,V3,f14b70cc21e4a1f2,f14b70cc21e4a1f2,false,none,0,false,false,false,false,false
forward_poll_2026h2,LGRVF,2026-07,2026-07-30,2026-07-31,V3,ce0dd55d5ff5f70c,d27c08c728e5daae,true,up,"[0.05,0.25)",false,false,false,false,false
forward_poll_2026h2,LH,2026-07,2026-07-30,2026-08-02,V5,7ac31ff53dcdb471,7ac31ff53dcdb471,false,none,0,false,false,false,false,false
forward_poll_2026h2,LHX,2026-07,2026-07-29,2026-08-01,V5,1ac1d213905f9ee3,1ac1d213905f9ee3,false,none,0,true,true,false,false,false
forward_poll_2026h2,LIFE,2026-08,2026-08-03,2026-08-03,V5,3a35500141138ae6,801c463e0d224541,true,down,"[0.05,0.25)",true,true,false,false,false
forward_poll_2026h2,LIFFF,2026-06,2026-06-05,2026-06-05,V3,c89ef9edc03177e6,c89ef9edc03177e6,false,none,0,false,false,false,false,false
forward_poll_2026h2,LIFFF,2026-06,2026-06-07,2026-06-07,V3,c89ef9edc03177e6,c89ef9edc03177e6,false,none,0,false,false,false,false,false
forward_poll_2026h2,LIFFF,2026-06,2026-06-09,2026-06-09,V3,c89ef9edc03177e6,c89ef9edc03177e6,false,none,0,false,false,false,false,false
forward_poll_2026h2,LIFFF,2026-06,2026-06-10,2026-06-10,V3,c89ef9edc03177e6,c89ef9edc03177e6,false,none,0,false,false,false,false,false
forward_poll_2026h2,LIFFF,2026-06,2026-06-11,2026-06-11,V3,c89ef9edc03177e6,c89ef9edc03177e6,false,none,0,false,false,false,false,false
forward_poll_2026h2,LIFFF,2026-06,2026-06-14,2026-06-14,V3,c89ef9edc03177e6,c89ef9edc03177e6,false,none,0,false,false,false,false,false
forward_poll_2026h2,LIFFF,2026-06,2026-06-16,2026-06-16,V3,c89ef9edc03177e6,c89ef9edc03177e6,false,none,0,false,false,false,false,false
forward_poll_2026h2,LIFFF,2026-06,2026-06-17,2026-06-17,V3,c89ef9edc03177e6,c89ef9edc03177e6,false,none,0,false,false,false,false,false
forward_poll_2026h2,LIFFF,2026-06,2026-06-18,2026-06-18,V3,c89ef9edc03177e6,c89ef9edc03177e6,false,none,0,false,false,false,false,false
forward_poll_2026h2,LIFFF,2026-06,2026-06-22,2026-06-22,V3,c89ef9edc03177e6,c89ef9edc03177e6,false,none,0,false,false,false,false,false
forward_poll_2026h2,LIFFF,2026-06,2026-06-23,2026-06-23,V3,c89ef9edc03177e6,c89ef9edc03177e6,false,none,0,false,false,false,false,false
forward_poll_2026h2,LIFFF,2026-06,2026-06-24,2026-06-24,V3,c89ef9edc03177e6,c89ef9edc03177e6,false,none,0,false,false,false,false,false
forward_poll_2026h2,LIFFF,2026-06,2026-06-25,2026-06-25,V3,c89ef9edc03177e6,c89ef9edc03177e6,false,none,0,false,false,false,false,false
forward_poll_2026h2,LIFFF,2026-07,2026-07-05,2026-07-05,V3,c89ef9edc03177e6,c89ef9edc03177e6,false,none,0,false,false,false,false,false
forward_poll_2026h2,LIFFF,2026-07,2026-07-07,2026-07-07,V3,c89ef9edc03177e6,c89ef9edc03177e6,false,none,0,false,false,false,false,false
forward_poll_2026h2,LIFFF,2026-07,2026-07-08,2026-07-08,V3,c89ef9edc03177e6,c89ef9edc03177e6,false,none,0,false,false,false,false,false
forward_poll_2026h2,LIFFF,2026-07,2026-07-10,2026-07-10,V3,c89ef9edc03177e6,c89ef9edc03177e6,false,none,0,false,false,false,false,false
forward_poll_2026h2,LIFFF,2026-07,2026-07-12,2026-07-12,V3,c89ef9edc03177e6,c89ef9edc03177e6,false,none,0,false,false,false,false,false
forward_poll_2026h2,LIFFF,2026-07,2026-07-14,2026-07-14,V3,c89ef9edc03177e6,c89ef9edc03177e6,false,none,0,false,false,false,false,false
forward_poll_2026h2,LIFFF,2026-07,2026-07-15,2026-07-15,V3,c89ef9edc03177e6,c89ef9edc03177e6,false,none,0,false,false,false,false,false
forward_poll_2026h2,LIFFF,2026-07,2026-07-16,2026-07-16,V3,c89ef9edc03177e6,c89ef9edc03177e6,false,none,0,false,false,false,false,false
forward_poll_2026h2,LIFFF,2026-07,2026-07-19,2026-07-19,V3,c89ef9edc03177e6,c89ef9edc03177e6,false,none,0,false,false,false,false,false
forward_poll_2026h2,LIFFF,2026-07,2026-07-21,2026-07-21,V3,c89ef9edc03177e6,c89ef9edc03177e6,false,none,0,false,false,false,false,false
forward_poll_2026h2,LIFFF,2026-07,2026-07-22,2026-07-22,V3,c89ef9edc03177e6,c89ef9edc03177e6,false,none,0,false,false,false,false,false
forward_poll_2026h2,LIFFF,2026-07,2026-07-23,2026-07-23,V3,c89ef9edc03177e6,c89ef9edc03177e6,false,none,0,false,false,false,false,false
forward_poll_2026h2,LIFFF,2026-07,2026-07-26,2026-07-26,V3,c89ef9edc03177e6,c89ef9edc03177e6,false,none,0,false,false,false,false,false
forward_poll_2026h2,LIFFF,2026-07,2026-07-28,2026-07-28,V3,c89ef9edc03177e6,c89ef9edc03177e6,false,none,0,false,false,false,false,false
forward_poll_2026h2,LIFFF,2026-07,2026-07-29,2026-07-29,V3,c89ef9edc03177e6,c89ef9edc03177e6,false,none,0,false,false,false,false,false
forward_poll_2026h2,LIFFF,2026-07,2026-07-30,2026-07-30,V3,c89ef9edc03177e6,c89ef9edc03177e6,false,none,0,false,false,false,false,false
forward_poll_2026h2,LIFFF,2026-08,2026-08-03,2026-08-03,V3,c89ef9edc03177e6,c89ef9edc03177e6,false,none,0,false,false,false,false,false
forward_poll_2026h2,LII,2026-07,2026-07-29,2026-08-02,V5,5f2387ce89f60f8e,5f2387ce89f60f8e,false,none,0,false,false,false,false,false
forward_poll_2026h2,LIN,2026-07,2026-07-31,2026-08-02,V5,97da5f24ea57a564,97da5f24ea57a564,false,none,0,false,false,false,false,false
forward_poll_2026h2,LIND,2026-08,2026-08-03,2026-08-04,V3,86c7dddda85d3e47,86c7dddda85d3e47,false,none,0,true,true,false,false,false
forward_poll_2026h2,LITOF,2026-07,2026-07-17,2026-07-17,V3,f0a3a8982ee5470c,f0a3a8982ee5470c,false,none,0,false,false,false,false,true
forward_poll_2026h2,LKFLF,2026-06,2026-06-25,2026-06-25,V3,22138bf976de5710,22138bf976de5710,false,none,0,false,false,false,false,false
forward_poll_2026h2,LKFLF,2026-06,2026-07-04,2026-07-04,V3,d4c1779fa5ddc8b8,d4c1779fa5ddc8b8,false,none,0,true,true,false,false,true
forward_poll_2026h2,LKFN,2026-07,2026-07-27,2026-07-28,V5,e96527d22f514e3d,e96527d22f514e3d,false,none,0,false,false,false,false,false
forward_poll_2026h2,LKNCY,2026-08,2026-08-03,2026-08-04,V3,60c2050700fccdfa,4f57842ce3f92fca,true,down,"[0.05,0.25)",true,true,false,false,false
forward_poll_2026h2,LKQ,2026-07,2026-07-30,2026-08-04,V5,44c359d2f22bcb56,44c359d2f22bcb56,false,none,0,false,false,false,false,false
forward_poll_2026h2,LLDTF,2026-07,2026-07-30,2026-08-04,V3,f335463082fa8491,f335463082fa8491,false,none,0,false,false,false,false,false
forward_poll_2026h2,LLOBF,2026-07,2026-07-30,2026-07-30,V3,75b520360e1005a8,115e3badc18709fe,true,up,"(0,0.01)",false,false,false,false,false
forward_poll_2026h2,LMAT,2026-08,2026-08-04,2026-08-04,V5,fe5534c56e61fcd3,fe5534c56e61fcd3,false,none,0,false,false,false,false,false
forward_poll_2026h2,LMB,2026-08,2026-08-04,2026-08-04,V5,2b2afd0a9195dfea,2b2afd0a9195dfea,false,none,0,false,false,false,false,false
forward_poll_2026h2,LMND,2026-07,2026-07-29,2026-08-01,V5,ee218f660703e59b,ee218f660703e59b,false,none,0,false,false,false,false,false
forward_poll_2026h2,LMNR,2026-06,2026-06-09,2026-06-16,V5,d04d70e9b53be677,d04d70e9b53be677,false,none,0,false,false,false,false,false
forward_poll_2026h2,LMPMF,2026-08,2026-08-03,2026-08-03,V3,4e5a36fc8881ac61,88e094790c0176b1,true,down,"(0,0.01)",true,true,false,false,false
forward_poll_2026h2,LMSQF,2026-06,2026-07-04,2026-07-04,V5,60702b6d6b5e5177,60702b6d6b5e5177,false,none,0,,,false,,true
forward_poll_2026h2,LMT,2026-07,2026-07-23,2026-07-30,V5,d5e27bcbd1d89d7f,d5e27bcbd1d89d7f,false,none,0,false,false,false,false,false
forward_poll_2026h2,LNC,2026-07,2026-07-30,2026-08-02,V5,039bfb59c55b094d,039bfb59c55b094d,false,none,0,true,true,false,false,false
forward_poll_2026h2,LNC-PD,2026-07,2026-07-30,2026-07-30,V3,383ef7df42b58624,383ef7df42b58624,false,none,0,true,true,false,false,false
forward_poll_2026h2,LNCLF,2026-05,2026-06-05,2026-06-05,V5,9856979cd45fbe7f,9856979cd45fbe7f,false,none,0,,,false,,true
forward_poll_2026h2,LNDAF,2026-07,2026-07-29,2026-07-29,V5,3df65e404306efa5,3df65e404306efa5,false,none,0,,,false,,true
forward_poll_2026h2,LNN,2026-07,2026-07-04,2026-07-09,V5,443d7615fead5832,443d7615fead5832,false,none,0,true,false,true,false,true
forward_poll_2026h2,LNT,2026-07,2026-07-30,2026-07-30,V3,1ce0df87eebc27a4,1ce0df87eebc27a4,false,none,0,true,true,false,false,false
forward_poll_2026h2,LNTQF,2026-07,2026-07-24,2026-07-24,V5,851ac80290b15c46,851ac80290b15c46,false,none,0,false,false,false,false,false
forward_poll_2026h2,LNWO,2026-08,2026-08-04,2026-08-05,V3,262d4cca3f35205f,356d82bf0a0a67f1,true,down,"[0.25,1.00)",true,true,false,false,false
forward_poll_2026h2,LOAN,2026-07,2026-07-23,2026-07-23,V3,a840deb40271d267,a840deb40271d267,false,none,0,false,false,false,false,false
forward_poll_2026h2,LOB,2026-07,2026-07-22,2026-07-23,V5,4b87dfa413f69793,4b87dfa413f69793,false,none,0,false,false,false,false,false
forward_poll_2026h2,LODE,2026-07,2026-07-23,2026-07-25,V3,644599f4abcd9794,202039f6e1051f0d,true,down,"[0.05,0.25)",false,false,false,false,false
forward_poll_2026h2,LOGI,2026-07,2026-07-28,2026-08-04,V5,2e688523d64c58f0,2e688523d64c58f0,false,none,0,true,true,false,false,false
forward_poll_2026h2,LOGN,2026-07,2026-07-24,2026-07-24,V5,8d3e2b1d4c8e79b1,8d3e2b1d4c8e79b1,false,none,0,,,false,,false
forward_poll_2026h2,LOIMF,2026-07,2026-07-24,2026-07-24,V3,98677d322660e7b5,98677d322660e7b5,false,none,0,true,true,false,false,false
forward_poll_2026h2,LOMLF,2026-06,2026-06-05,2026-06-05,V3,60fed7388ff75b29,60fed7388ff75b29,false,none,0,,,false,,true
forward_poll_2026h2,LOOP,2026-07,2026-07-14,2026-07-14,V3,e9dc4e9fa0d63402,e9dc4e9fa0d63402,false,none,0,false,false,false,false,false
forward_poll_2026h2,LOPE,2026-07,2026-07-30,2026-07-31,V5,f7ca0364c15ee56f,f7ca0364c15ee56f,false,none,0,false,false,false,false,false
forward_poll_2026h2,LOTWW,2026-06,2026-06-05,2026-06-05,V3,5fe5f7d8aac0dc79,5fe5f7d8aac0dc79,false,none,0,false,false,false,false,true
forward_poll_2026h2,LOVE,2026-06,2026-06-11,2026-06-13,V5,561460425be1d291,561460425be1d291,false,none,0,true,true,false,false,false
forward_poll_2026h2,LPCN,2026-08,2026-08-04,2026-08-04,V3,56ae7c39e5f5f10b,56ae7c39e5f5f10b,false,none,0,true,true,false,false,false
forward_poll_2026h2,LPKFF,2026-07,2026-07-24,2026-07-24,V3,a1a0a1cdcdfb62d4,a1a0a1cdcdfb62d4,false,none,0,,,false,,false
forward_poll_2026h2,LPL,2026-07,2026-07-23,2026-07-23,V3,4e47b9b981bf2276,4e47b9b981bf2276,false,none,0,false,false,false,false,false
forward_poll_2026h2,LPL,2026-07,2026-07-23,2026-07-23,V3,4e47b9b981bf2276,4e47b9b981bf2276,false,none,0,false,false,false,false,false
forward_poll_2026h2,LPLA,2026-07,2026-07-30,2026-08-02,V5,8a13d2bc2618b0a9,8a13d2bc2618b0a9,false,none,0,false,false,false,false,false
forward_poll_2026h2,LPMDF,2026-07,2026-07-29,2026-07-29,V5,3f63b48d17f5a739,3f63b48d17f5a739,false,none,0,,,false,,true
forward_poll_2026h2,LPPSY,2026-06,2026-06-13,2026-06-13,V5,dbbad6d55843679e,dbbad6d55843679e,false,none,0,,,false,,true
forward_poll_2026h2,LPSN,2026-06,2026-06-09,2026-06-09,V5,3df10ab80108b638,3df10ab80108b638,false,none,0,false,false,false,false,false
forward_poll_2026h2,LPSN,2026-06,2026-06-16,2026-06-16,V5,3df10ab80108b638,3df10ab80108b638,false,none,0,false,false,false,false,false
forward_poll_2026h2,LPSN,2026-06,2026-06-23,2026-06-23,V5,3df10ab80108b638,3df10ab80108b638,false,none,0,false,false,false,false,false
forward_poll_2026h2,LPX,2026-08,2026-08-05,2026-08-05,V5,fcdfcc20fa643a0c,fcdfcc20fa643a0c,false,none,0,false,false,false,false,false
forward_poll_2026h2,LQRCF,2026-06,2026-06-05,2026-06-05,V5,27de895f85fc9630,27de895f85fc9630,false,none,0,,,false,,true
forward_poll_2026h2,LRCDF,2026-05,2026-06-05,2026-06-05,V3,d0d9d31ed93d56e0,d0d9d31ed93d56e0,false,none,0,false,false,false,false,true
forward_poll_2026h2,LRCX,2026-07,2026-07-29,2026-08-01,V5,9f29dc4be673ce5b,9f29dc4be673ce5b,false,none,0,false,false,false,false,false
forward_poll_2026h2,LRDJF,2026-06,2026-06-05,2026-06-05,V5,758ffbd1079580f2,758ffbd1079580f2,false,none,0,,,false,,true
forward_poll_2026h2,LRLCF,2026-07,2026-07-29,2026-07-29,V5,fccec3d862111b7e,fccec3d862111b7e,false,none,0,false,false,false,false,false
forward_poll_2026h2,LRLCF,2026-08,2026-08-03,2026-08-03,V5,8d6b1cee25aad6aa,8d6b1cee25aad6aa,false,none,0,false,false,false,false,false
forward_poll_2026h2,LRLCY,2026-07,2026-07-29,2026-07-31,V3,6e10233cd65ebcc2,679c7773ca063d94,true,up,"[0.01,0.05)",false,false,false,false,false
forward_poll_2026h2,LRLCY,2026-08,2026-08-03,2026-08-03,V3,f8304e4040d33ad4,f8304e4040d33ad4,false,none,0,false,false,false,false,false
forward_poll_2026h2,LRMR,2026-08,2026-08-04,2026-08-04,V5,f16e182075198bb5,f16e182075198bb5,false,none,0,true,true,false,false,false
forward_poll_2026h2,LRN,2026-08,2026-08-04,2026-08-04,V3,087753b4f8428d96,a4987a1e37f7a2aa,true,up,"[0.25,1.00)",true,true,false,false,false
forward_poll_2026h2,LSANF,2026-05,2026-06-05,2026-06-05,V5,4f399b9e831465ae,4f399b9e831465ae,false,none,0,,,false,,true
forward_poll_2026h2,LSBK,2026-07,2026-07-22,2026-07-22,V5,b22208b1711a6c16,b22208b1711a6c16,false,none,0,,,false,,false
forward_poll_2026h2,LSCC,2026-08,2026-08-04,2026-08-05,V5,61697fd068a73bbb,61697fd068a73bbb,false,none,0,true,true,false,false,false
forward_poll_2026h2,LSEGY,2026-07,2026-07-30,2026-07-31,V5,39c0a6a3a51c20d3,ab5f3fa437b54d61,true,up,"(0,0.01)",false,false,false,false,false
forward_poll_2026h2,LSIIF,2026-07,2026-07-25,2026-07-25,V5,5973f69c2e596ffc,5973f69c2e596ffc,false,none,0,,,false,,true
forward_poll_2026h2,LSMNF,2026-07,2026-08-01,2026-08-01,V5,8bdb00052cbf0e79,8bdb00052cbf0e79,false,none,0,,,false,,true
forward_poll_2026h2,LSPD,2026-07,2026-07-30,2026-08-02,V5,ab48ee8d99c53474,ab48ee8d99c53474,false,none,0,true,true,false,false,false
forward_poll_2026h2,LSTR,2026-07,2026-07-28,2026-08-04,V5,016a105f0fadc3b4,016a105f0fadc3b4,false,none,0,false,false,false,false,false
forward_poll_2026h2,LTH,2026-07,2026-07-30,2026-08-02,V5,db2d80511cb824c3,db2d80511cb824c3,false,none,0,true,true,false,false,false
forward_poll_2026h2,LTHCF,2026-06,2026-06-07,2026-06-10,V3,358622cd77e2811c,a3f0a4231561bed7,true,down,"(0,0.01)",false,false,false,false,true
forward_poll_2026h2,LTHCF,2026-06,2026-06-10,2026-06-10,V3,a890a15368f8f098,a890a15368f8f098,false,none,0,true,true,false,false,true
forward_poll_2026h2,LTHIF,2026-06,2026-06-05,2026-06-05,V5,aba568d8eaafae93,aba568d8eaafae93,false,none,0,,,false,,true
forward_poll_2026h2,LTM,2026-08,2026-08-04,2026-08-05,V5,b5de6d19e7306e0e,b5de6d19e7306e0e,false,none,0,true,true,false,false,false
forward_poll_2026h2,LTOUF,2026-07,2026-07-29,2026-07-29,V3,883d42527fd00a70,883d42527fd00a70,false,none,0,true,true,false,false,true
forward_poll_2026h2,LUFFF,2026-06,2026-06-05,2026-06-05,V5,ca4ce1f996213dc1,ca4ce1f996213dc1,false,none,0,,,false,,true
forward_poll_2026h2,LULU,2026-06,2026-06-05,2026-06-10,V5,2402575257ee9a18,2402575257ee9a18,false,none,0,false,false,false,false,false
forward_poll_2026h2,LUMN,2026-08,2026-08-04,2026-08-04,V5,d6330213118f3fec,d6330213118f3fec,false,none,0,true,true,false,false,false
forward_poll_2026h2,LUNG,2026-07,2026-07-29,2026-07-31,V3,2b02b41bda86901d,2b02b41bda86901d,false,none,0,true,true,false,false,false
forward_poll_2026h2,LUV,2026-07,2026-07-22,2026-07-26,V5,4fdf9cb99a1c8a05,4fdf9cb99a1c8a05,false,none,0,true,true,false,false,false
forward_poll_2026h2,LUXFF,2026-08,2026-08-04,2026-08-04,V5,ccf4315d2e3e903d,ccf4315d2e3e903d,false,none,0,,,false,,false
forward_poll_2026h2,LVMHF,2026-07,2026-07-27,2026-07-29,V5,dbe709023df800b2,dbe709023df800b2,false,none,0,false,false,false,false,false
forward_poll_2026h2,LVMUY,2026-07,2026-07-27,2026-07-27,V3,f635e9969581f105,f635e9969581f105,false,none,0,true,true,false,false,false
forward_poll_2026h2,LVO,2026-06,2026-06-24,2026-06-24,V5,5f22d5a60714e51d,5f22d5a60714e51d,false,none,0,false,false,false,false,false
forward_poll_2026h2,LVS,2026-07,2026-07-22,2026-07-23,V5,46567b66f1a2c7e1,46567b66f1a2c7e1,false,none,0,false,false,false,false,false
forward_poll_2026h2,LVWR,2026-07,2026-07-23,2026-07-23,V3,f8f69dde1db442e5,f8f69dde1db442e5,false,none,0,,,false,,false
forward_poll_2026h2,LVXFF,2026-06,2026-06-05,2026-06-05,V5,da9e8f74013e4c9b,da9e8f74013e4c9b,false,none,0,,,false,,true
forward_poll_2026h2,LW,2026-07,2026-07-24,2026-07-31,V5,4aadeda9da3994cf,4aadeda9da3994cf,false,none,0,true,true,false,false,false
forward_poll_2026h2,LXFR,2026-07,2026-07-28,2026-07-31,V3,78b305d19b0b273d,78b305d19b0b273d,false,none,0,true,true,false,false,false
forward_poll_2026h2,LXP,2026-07,2026-07-29,2026-08-01,V5,099db4e714ba948d,69bf33986b2f9526,true,down,"[0.25,1.00)",true,false,true,true,false
forward_poll_2026h2,LXP-PC,2026-07,2026-07-29,2026-07-29,V5,2ac1698257e579f0,2ac1698257e579f0,false,none,0,false,false,false,false,false
forward_poll_2026h2,LXU,2026-07,2026-07-29,2026-07-29,V3,e3a45f3a1bbd889d,e3a45f3a1bbd889d,false,none,0,false,false,false,false,false
forward_poll_2026h2,LYB,2026-07,2026-07-31,2026-08-02,V5,4b1d72d442932ff7,4b1d72d442932ff7,false,none,0,true,true,false,false,false
forward_poll_2026h2,LYBC,2026-07,2026-07-24,2026-07-24,V5,8b24399e0e8dfdbd,8b24399e0e8dfdbd,false,none,0,,,false,,false
forward_poll_2026h2,LYG,2026-07,2026-07-30,2026-08-01,V5,16d6bc186ff24068,16d6bc186ff24068,false,none,0,false,false,false,false,false
forward_poll_2026h2,LYV,2026-07,2026-07-30,2026-07-31,V5,3a483b82ffac2f60,3a483b82ffac2f60,false,none,0,true,true,false,false,false
forward_poll_2026h2,LZB,2026-06,2026-06-16,2026-06-18,V5,8b3a7a994b3c8c42,8b3a7a994b3c8c42,false,none,0,true,true,false,false,false
forward_poll_2026h2,LZM,2026-07,2026-07-30,2026-07-31,V3,7905b7bdd20dc0d7,7905b7bdd20dc0d7,false,none,0,true,true,false,false,false
forward_poll_2026h2,M,2026-06,2026-06-05,2026-06-06,V5,2cdad334ef6b3fba,2cdad334ef6b3fba,false,none,0,true,true,false,false,true
forward_poll_2026h2,MA,2026-07,2026-07-30,2026-08-02,V5,39db8f8923f53509,39db8f8923f53509,false,none,0,false,false,false,false,false
forward_poll_2026h2,MAA,2026-07,2026-07-29,2026-08-01,V5,362ce1c220742c47,e05861e3840dc08a,true,down,>=1.00,true,true,false,false,false
forward_poll_2026h2,MAA-PI,2026-07,2026-07-29,2026-07-29,V3,dd823c81903fcd16,dd823c81903fcd16,false,none,0,true,true,false,false,false
forward_poll_2026h2,MAC,2026-08,2026-08-04,2026-08-05,V5,f30007b5b70d266e,dc6dc93a7ec52a69,true,down,"[0.25,1.00)",true,false,true,true,false
forward_poll_2026h2,MAHMF,2026-07,2026-08-02,2026-08-02,V3,69a94c27763ada4e,69a94c27763ada4e,false,none,0,false,false,false,false,true
forward_poll_2026h2,MAHMF,2026-08,2026-08-02,2026-08-02,V3,a646009dbcd4ae81,a646009dbcd4ae81,false,none,0,true,true,false,false,false
forward_poll_2026h2,MAIFF,2026-05,2026-06-05,2026-06-05,V3,4290e6f3779772ea,4290e6f3779772ea,false,none,0,false,false,false,false,true
forward_poll_2026h2,MAIR,2026-07,2026-07-30,2026-07-30,V5,9df9dcd652728e22,9df9dcd652728e22,false,none,0,true,true,false,false,false
forward_poll_2026h2,MAMA,2026-06,2026-06-09,2026-06-09,V5,573d9f0661174afc,573d9f0661174afc,false,none,0,true,true,false,false,false
forward_poll_2026h2,MAMTF,2026-08,2026-08-04,2026-08-04,V3,f53ac325d8ac8768,f53ac325d8ac8768,false,none,0,true,true,false,false,false
forward_poll_2026h2,MAN,2026-07,2026-07-16,2026-07-17,V5,60b12e7448322dbc,60b12e7448322dbc,false,none,0,false,false,false,false,false
forward_poll_2026h2,MANH,2026-07,2026-07-28,2026-08-04,V5,05d78976e4fd8d57,05d78976e4fd8d57,false,none,0,false,false,false,false,false
forward_poll_2026h2,MAOIF,2026-07,2026-08-01,2026-08-01,V5,a4c68f2c1b0e5c72,a4c68f2c1b0e5c72,false,none,0,,,false,,true
forward_poll_2026h2,MAPGF,2026-07,2026-07-28,2026-07-28,V3,6b966e170548fe23,6b966e170548fe23,false,none,0,true,true,false,false,false
forward_poll_2026h2,MAPIF,2026-07,2026-07-24,2026-07-24,V3,94d078d60f077826,94d078d60f077826,false,none,0,true,true,false,false,true
forward_poll_2026h2,MAPIF,2026-07,2026-07-24,2026-07-24,V3,934b4ed10b977487,934b4ed10b977487,false,none,0,true,true,false,false,false
forward_poll_2026h2,MAPPF,2026-05,2026-06-05,2026-06-05,V3,7ea0cb0d3b6ed0f8,7ea0cb0d3b6ed0f8,false,none,0,,,false,,true
forward_poll_2026h2,MAR,2026-08,2026-08-03,2026-08-04,V5,eb9255533a4f0cde,eb9255533a4f0cde,false,none,0,false,false,false,false,false
forward_poll_2026h2,MARUF,2026-08,2026-08-03,2026-08-03,V3,932f6d5c9e75a53f,932f6d5c9e75a53f,false,none,0,true,true,false,false,false
forward_poll_2026h2,MARUY,2026-08,2026-08-03,2026-08-03,V3,24347376aea692da,24347376aea692da,false,none,0,true,true,false,false,false
forward_poll_2026h2,MARVF,2026-06,2026-06-05,2026-06-05,V5,87a3b68283b632d3,87a3b68283b632d3,false,none,0,,,false,,false
forward_poll_2026h2,MARVF,2026-06,2026-06-07,2026-06-07,V5,87a3b68283b632d3,87a3b68283b632d3,false,none,0,,,false,,false
forward_poll_2026h2,MARVF,2026-06,2026-06-09,2026-06-09,V5,87a3b68283b632d3,87a3b68283b632d3,false,none,0,,,false,,false
forward_poll_2026h2,MARVF,2026-06,2026-06-10,2026-06-10,V5,87a3b68283b632d3,87a3b68283b632d3,false,none,0,,,false,,false
forward_poll_2026h2,MARVF,2026-06,2026-06-11,2026-06-11,V5,87a3b68283b632d3,87a3b68283b632d3,false,none,0,,,false,,false
forward_poll_2026h2,MARVF,2026-06,2026-06-14,2026-06-14,V5,87a3b68283b632d3,87a3b68283b632d3,false,none,0,,,false,,false
forward_poll_2026h2,MARVF,2026-06,2026-06-16,2026-06-16,V5,87a3b68283b632d3,87a3b68283b632d3,false,none,0,,,false,,false
forward_poll_2026h2,MARVF,2026-06,2026-06-17,2026-06-17,V5,87a3b68283b632d3,87a3b68283b632d3,false,none,0,,,false,,false
forward_poll_2026h2,MARVF,2026-06,2026-06-18,2026-06-18,V5,87a3b68283b632d3,87a3b68283b632d3,false,none,0,,,false,,false
forward_poll_2026h2,MARVF,2026-06,2026-06-22,2026-06-22,V5,87a3b68283b632d3,87a3b68283b632d3,false,none,0,,,false,,false
forward_poll_2026h2,MARVF,2026-06,2026-06-23,2026-06-23,V5,87a3b68283b632d3,87a3b68283b632d3,false,none,0,,,false,,false
forward_poll_2026h2,MARVF,2026-06,2026-06-24,2026-06-24,V5,87a3b68283b632d3,87a3b68283b632d3,false,none,0,,,false,,false
forward_poll_2026h2,MARVF,2026-06,2026-06-25,2026-06-25,V5,87a3b68283b632d3,87a3b68283b632d3,false,none,0,,,false,,false
forward_poll_2026h2,MARVF,2026-07,2026-07-05,2026-07-05,V5,87a3b68283b632d3,87a3b68283b632d3,false,none,0,,,false,,false
forward_poll_2026h2,MARVF,2026-07,2026-07-07,2026-07-07,V5,87a3b68283b632d3,87a3b68283b632d3,false,none,0,,,false,,false
forward_poll_2026h2,MARVF,2026-07,2026-07-08,2026-07-08,V5,87a3b68283b632d3,87a3b68283b632d3,false,none,0,,,false,,false
forward_poll_2026h2,MARVF,2026-07,2026-07-10,2026-07-10,V5,87a3b68283b632d3,87a3b68283b632d3,false,none,0,,,false,,false
forward_poll_2026h2,MARVF,2026-07,2026-07-12,2026-07-12,V5,87a3b68283b632d3,87a3b68283b632d3,false,none,0,,,false,,false
forward_poll_2026h2,MARVF,2026-07,2026-07-14,2026-07-14,V5,87a3b68283b632d3,87a3b68283b632d3,false,none,0,,,false,,false
forward_poll_2026h2,MARVF,2026-07,2026-07-15,2026-07-15,V5,87a3b68283b632d3,87a3b68283b632d3,false,none,0,,,false,,false
forward_poll_2026h2,MARVF,2026-07,2026-07-16,2026-07-16,V5,87a3b68283b632d3,87a3b68283b632d3,false,none,0,,,false,,false
forward_poll_2026h2,MARVF,2026-07,2026-07-19,2026-07-19,V5,87a3b68283b632d3,87a3b68283b632d3,false,none,0,,,false,,false
forward_poll_2026h2,MARVF,2026-07,2026-07-21,2026-07-21,V5,87a3b68283b632d3,87a3b68283b632d3,false,none,0,,,false,,false
forward_poll_2026h2,MARVF,2026-07,2026-07-22,2026-07-22,V5,87a3b68283b632d3,87a3b68283b632d3,false,none,0,,,false,,false
forward_poll_2026h2,MARVF,2026-07,2026-07-23,2026-07-23,V5,87a3b68283b632d3,87a3b68283b632d3,false,none,0,,,false,,false
forward_poll_2026h2,MARVF,2026-07,2026-07-26,2026-07-26,V5,87a3b68283b632d3,87a3b68283b632d3,false,none,0,,,false,,false
forward_poll_2026h2,MARVF,2026-07,2026-07-28,2026-07-28,V5,87a3b68283b632d3,87a3b68283b632d3,false,none,0,,,false,,false
forward_poll_2026h2,MARVF,2026-07,2026-07-29,2026-07-29,V5,87a3b68283b632d3,87a3b68283b632d3,false,none,0,,,false,,false
forward_poll_2026h2,MARVF,2026-07,2026-07-30,2026-07-30,V5,87a3b68283b632d3,87a3b68283b632d3,false,none,0,,,false,,false
forward_poll_2026h2,MARVF,2026-08,2026-08-03,2026-08-03,V5,87a3b68283b632d3,87a3b68283b632d3,false,none,0,,,false,,false
forward_poll_2026h2,MAS,2026-07,2026-07-29,2026-07-31,V5,eaf37412befbb966,eaf37412befbb966,false,none,0,true,true,false,false,false
forward_poll_2026h2,MAT,2026-08,2026-08-04,2026-08-04,V5,8a51c59cc9722f97,8a51c59cc9722f97,false,none,0,false,false,false,false,false
forward_poll_2026h2,MATEF,2026-06,2026-06-05,2026-06-05,V5,d5a40376d575e62c,d5a40376d575e62c,false,none,0,,,false,,true
forward_poll_2026h2,MATX,2026-08,2026-08-03,2026-08-03,V3,3b3a2a94b148a69f,3b3a2a94b148a69f,false,none,0,true,true,false,false,false
forward_poll_2026h2,MAURF,2026-08,2026-08-04,2026-08-04,V3,6f91fa63ed256f5c,6f4e4878dae53700,true,down,"(0,0.01)",true,true,false,false,false
forward_poll_2026h2,MAURY,2026-08,2026-08-04,2026-08-04,V3,4422a71699168513,4422a71699168513,false,none,0,true,true,false,false,false
forward_poll_2026h2,MAUSY,2026-07,2026-07-28,2026-07-29,V5,b1f35fe8ff81175a,0254c38b17f91866,true,down,"(0,0.01)",,,false,,false
forward_poll_2026h2,MAX,2026-07,2026-07-29,2026-07-31,V5,01d837d4e47616c8,01d837d4e47616c8,false,none,0,true,true,false,false,false
forward_poll_2026h2,MAYS,2026-06,2026-06-11,2026-06-11,V5,3ffa8242487be34b,3ffa8242487be34b,false,none,0,,,false,,false
forward_poll_2026h2,MBC,2026-08,2026-08-04,2026-08-04,V5,844f79b6e23f12c6,844f79b6e23f12c6,false,none,0,false,false,false,false,false
forward_poll_2026h2,MBFJF,2026-08,2026-08-03,2026-08-03,V3,187f8b9e99dd0e17,bac7d2ea71094fa7,true,up,"(0,0.01)",true,true,false,false,false
forward_poll_2026h2,MBGAF,2026-07,2026-07-28,2026-07-28,V3,acea3f5c8a20e633,acea3f5c8a20e633,false,none,0,false,false,false,false,false
forward_poll_2026h2,MBGNF,2026-05,2026-06-05,2026-06-05,V5,1aeecfba9c33a2a6,1aeecfba9c33a2a6,false,none,0,,,false,,true
forward_poll_2026h2,MBGYY,2026-07,2026-07-28,2026-07-28,V3,58084db78e52f305,5a0b8b75ec643a72,true,up,"(0,0.01)",false,false,false,false,false
forward_poll_2026h2,MBIN,2026-07,2026-07-28,2026-07-31,V5,5278c865cab817e4,5278c865cab817e4,false,none,0,true,true,false,false,false
forward_poll_2026h2,MBINL,2026-07,2026-07-28,2026-07-28,V3,4cff3ecc84cc0172,4cff3ecc84cc0172,false,none,0,true,true,false,false,false
forward_poll_2026h2,MBINM,2026-07,2026-07-29,2026-07-29,V3,ca2220b311f68bd6,ca2220b311f68bd6,false,none,0,true,true,false,false,false
forward_poll_2026h2,MBINN,2026-07,2026-07-28,2026-07-28,V3,261f61c6a11d5397,261f61c6a11d5397,false,none,0,true,true,false,false,false
forward_poll_2026h2,MBLY,2026-07,2026-07-23,2026-07-30,V5,1b13e3179ca02916,1b13e3179ca02916,false,none,0,true,true,false,false,false
forward_poll_2026h2,MBLY,2026-07,2026-07-24,2026-07-24,V5,1b13e3179ca02916,1b13e3179ca02916,false,none,0,true,true,false,false,false
forward_poll_2026h2,MBWM,2026-07,2026-07-21,2026-07-22,V5,e2a9e425cf9046b0,e2a9e425cf9046b0,false,none,0,true,true,false,false,false
forward_poll_2026h2,MC,2026-07,2026-07-29,2026-08-01,V5,2da759e4b9ad3007,2da759e4b9ad3007,false,none,0,false,false,false,false,false
forward_poll_2026h2,MCB,2026-07,2026-07-21,2026-07-21,V5,af624d5042c9a19c,af624d5042c9a19c,false,none,0,false,false,false,false,false
forward_poll_2026h2,MCBS,2026-07,2026-07-24,2026-07-24,V3,76b15a252e078a9f,76b15a252e078a9f,false,none,0,false,false,false,false,false
forward_poll_2026h2,MCCHF,2026-06,2026-06-05,2026-06-05,V5,a85458edeee8f184,a85458edeee8f184,false,none,0,,,false,,false
forward_poll_2026h2,MCCHF,2026-06,2026-06-07,2026-06-07,V5,a85458edeee8f184,a85458edeee8f184,false,none,0,,,false,,false
forward_poll_2026h2,MCCHF,2026-06,2026-06-09,2026-06-09,V5,a85458edeee8f184,a85458edeee8f184,false,none,0,,,false,,false
forward_poll_2026h2,MCCHF,2026-06,2026-06-10,2026-06-10,V5,a85458edeee8f184,a85458edeee8f184,false,none,0,,,false,,false
forward_poll_2026h2,MCCHF,2026-06,2026-06-11,2026-06-11,V5,a85458edeee8f184,a85458edeee8f184,false,none,0,,,false,,false
forward_poll_2026h2,MCCHF,2026-06,2026-06-14,2026-06-14,V5,a85458edeee8f184,a85458edeee8f184,false,none,0,,,false,,false
forward_poll_2026h2,MCCHF,2026-06,2026-06-16,2026-06-16,V5,a85458edeee8f184,a85458edeee8f184,false,none,0,,,false,,false
forward_poll_2026h2,MCCHF,2026-06,2026-06-17,2026-06-17,V5,a85458edeee8f184,a85458edeee8f184,false,none,0,,,false,,false
forward_poll_2026h2,MCCHF,2026-06,2026-06-18,2026-06-18,V5,a85458edeee8f184,a85458edeee8f184,false,none,0,,,false,,false
forward_poll_2026h2,MCCHF,2026-06,2026-06-21,2026-06-21,V5,a85458edeee8f184,a85458edeee8f184,false,none,0,,,false,,false
forward_poll_2026h2,MCCHF,2026-06,2026-06-23,2026-06-23,V5,a85458edeee8f184,a85458edeee8f184,false,none,0,,,false,,false
forward_poll_2026h2,MCCHF,2026-06,2026-06-24,2026-06-24,V5,a85458edeee8f184,a85458edeee8f184,false,none,0,,,false,,false
forward_poll_2026h2,MCCHF,2026-06,2026-06-25,2026-06-25,V5,a85458edeee8f184,a85458edeee8f184,false,none,0,,,false,,false
forward_poll_2026h2,MCCHF,2026-07,2026-07-05,2026-07-05,V5,a85458edeee8f184,a85458edeee8f184,false,none,0,,,false,,false
forward_poll_2026h2,MCCHF,2026-07,2026-07-07,2026-07-07,V5,a85458edeee8f184,a85458edeee8f184,false,none,0,,,false,,false
forward_poll_2026h2,MCCHF,2026-07,2026-07-08,2026-07-08,V5,a85458edeee8f184,a85458edeee8f184,false,none,0,,,false,,false
forward_poll_2026h2,MCCHF,2026-07,2026-07-10,2026-07-10,V5,a85458edeee8f184,a85458edeee8f184,false,none,0,,,false,,false
forward_poll_2026h2,MCCHF,2026-07,2026-07-12,2026-07-12,V5,a85458edeee8f184,a85458edeee8f184,false,none,0,,,false,,false
forward_poll_2026h2,MCCHF,2026-07,2026-07-14,2026-07-14,V5,a85458edeee8f184,a85458edeee8f184,false,none,0,,,false,,false
forward_poll_2026h2,MCCHF,2026-07,2026-07-15,2026-07-15,V5,a85458edeee8f184,a85458edeee8f184,false,none,0,,,false,,false
forward_poll_2026h2,MCCHF,2026-07,2026-07-16,2026-07-16,V5,a85458edeee8f184,a85458edeee8f184,false,none,0,,,false,,false
forward_poll_2026h2,MCCHF,2026-07,2026-07-19,2026-07-19,V5,a85458edeee8f184,a85458edeee8f184,false,none,0,,,false,,false
forward_poll_2026h2,MCCHF,2026-07,2026-07-21,2026-07-21,V5,a85458edeee8f184,a85458edeee8f184,false,none,0,,,false,,false
forward_poll_2026h2,MCCHF,2026-07,2026-07-22,2026-07-22,V5,a85458edeee8f184,a85458edeee8f184,false,none,0,,,false,,false
forward_poll_2026h2,MCCHF,2026-07,2026-07-23,2026-07-23,V5,a85458edeee8f184,a85458edeee8f184,false,none,0,,,false,,false
forward_poll_2026h2,MCCHF,2026-07,2026-07-26,2026-07-26,V5,a85458edeee8f184,a85458edeee8f184,false,none,0,,,false,,false
forward_poll_2026h2,MCCHF,2026-07,2026-07-28,2026-07-28,V5,a85458edeee8f184,a85458edeee8f184,false,none,0,,,false,,false
forward_poll_2026h2,MCCHF,2026-07,2026-07-29,2026-07-29,V5,a85458edeee8f184,a85458edeee8f184,false,none,0,,,false,,false
forward_poll_2026h2,MCCHF,2026-07,2026-07-30,2026-07-30,V5,a85458edeee8f184,a85458edeee8f184,false,none,0,,,false,,false
forward_poll_2026h2,MCCHF,2026-08,2026-08-03,2026-08-03,V5,a85458edeee8f184,a85458edeee8f184,false,none,0,,,false,,false
forward_poll_2026h2,MCD,2026-08,2026-08-04,2026-08-04,V5,9b423874a7ff62ad,9b423874a7ff62ad,false,none,0,false,false,false,false,false
forward_poll_2026h2,MCHB,2026-07,2026-07-29,2026-07-29,V5,f5f18390c7fd14f9,f5f18390c7fd14f9,false,none,0,false,false,false,false,false
forward_poll_2026h2,MCO,2026-07,2026-07-22,2026-07-26,V5,28e16150406d4b35,28e16150406d4b35,false,none,0,false,false,false,false,false
forward_poll_2026h2,MCRI,2026-07,2026-07-21,2026-07-22,V3,23c9227356116f8d,23c9227356116f8d,false,none,0,true,true,false,false,false
forward_poll_2026h2,MCS,2026-07,2026-07-30,2026-08-04,V3,633c3421a39877ac,633c3421a39877ac,false,none,0,true,true,false,false,false
forward_poll_2026h2,MCSHF,2026-06,2026-06-22,2026-06-22,V3,e9f27ea76a1651ed,805b76ea364ed105,true,up,"(0,0.01)",false,false,false,false,false
forward_poll_2026h2,MCSHF,2026-06,2026-06-23,2026-06-23,V3,4fb1578e10af4378,4fb1578e10af4378,false,none,0,false,false,false,false,false
forward_poll_2026h2,MCVEF,2026-07,2026-07-23,2026-07-23,V3,a9916d37787e7f09,a9916d37787e7f09,false,none,0,true,true,false,false,false
forward_poll_2026h2,MCY,2026-08,2026-08-04,2026-08-04,V3,a8da430eb99b65be,a8da430eb99b65be,false,none,0,true,true,false,false,false
forward_poll_2026h2,MD,2026-08,2026-08-04,2026-08-04,V5,96b011db49f67d58,96b011db49f67d58,false,none,0,false,false,false,false,false
forward_poll_2026h2,MDCA,2026-07,2026-07-30,2026-07-30,V5,4dda7b76b4a12d16,4dda7b76b4a12d16,false,none,0,,,false,,false
forward_poll_2026h2,MDCA,2026-07,2026-08-01,2026-08-01,V5,4dda7b76b4a12d16,4dda7b76b4a12d16,false,none,0,,,false,,false
forward_poll_2026h2,MDCLF,2026-06,2026-06-18,2026-06-18,V5,3a907e84d22a82f5,3a907e84d22a82f5,false,none,0,false,false,false,false,true
forward_poll_2026h2,MDDCF,2026-07,2026-07-14,2026-07-14,V5,36218677688e42aa,7e3f7ae2dd9214c1,true,down,"(0,0.01)",,,false,,false
forward_poll_2026h2,MDGL,2026-07,2026-07-30,2026-07-30,V5,73f1748e481fef71,73f1748e481fef71,false,none,0,true,true,false,false,false
forward_poll_2026h2,MDLZ,2026-07,2026-07-28,2026-08-04,V5,1b1af24abaa44ece,1b1af24abaa44ece,false,none,0,false,false,false,false,false
forward_poll_2026h2,MDOUF,2026-06,2026-06-20,2026-06-20,V5,d768d6ea2621e3c4,d768d6ea2621e3c4,false,none,0,,,false,,false
forward_poll_2026h2,MDOUF,2026-06,2026-06-24,2026-06-24,V5,a11884d19a6bcff0,a11884d19a6bcff0,false,none,0,,,false,,false
forward_poll_2026h2,MDT,2026-06,2026-06-05,2026-06-06,V5,b1ef2b4210219f11,b1ef2b4210219f11,false,none,0,false,false,false,false,true
forward_poll_2026h2,MDXG,2026-07,2026-07-29,2026-07-31,V3,c3e414c24b69e96a,c3e414c24b69e96a,false,none,0,false,false,false,false,false
forward_poll_2026h2,MDXHF,2026-05,2026-06-05,2026-06-05,V5,0cf6ae8e4f0fac53,0cf6ae8e4f0fac53,false,none,0,,,false,,true
forward_poll_2026h2,MEC,2026-08,2026-08-04,2026-08-04,V5,5fdc3edb6e0ac45c,5fdc3edb6e0ac45c,false,none,0,true,true,false,false,false
forward_poll_2026h2,MED,2026-08,2026-08-03,2026-08-04,V3,74aef76cba9d6255,a4695c89e446e462,true,down,"[0.25,1.00)",true,false,true,true,false
forward_poll_2026h2,MEDP,2026-07,2026-07-22,2026-07-28,V5,929d6bfa6170c396,929d6bfa6170c396,false,none,0,false,false,false,false,false
forward_poll_2026h2,MEI,2026-06,2026-06-25,2026-06-25,V3,b4893c81c975e154,b4893c81c975e154,false,none,0,true,true,false,false,false
forward_poll_2026h2,MEITF,2026-07,2026-07-30,2026-07-30,V5,0654c0c241c4045e,2231d715b24fe9bc,true,up,"(0,0.01)",,,false,,false
forward_poll_2026h2,MEIYF,2026-07,2026-07-30,2026-07-30,V5,0a4e50a26883c55a,0a4e50a26883c55a,false,none,0,,,false,,true
forward_poll_2026h2,MEOH,2026-07,2026-07-28,2026-08-04,V5,42092ebddeb175d0,42092ebddeb175d0,false,none,0,false,false,false,false,false
forward_poll_2026h2,MEPDF,2026-08,2026-08-05,2026-08-05,V3,78705e6f30eb4d2c,78705e6f30eb4d2c,false,none,0,true,true,false,false,false
forward_poll_2026h2,MER-PK,2026-07,2026-07-16,2026-07-16,V5,8ef6c3b0c74f2016,8ef6c3b0c74f2016,false,none,0,,,false,,true
forward_poll_2026h2,MER-PK,2026-07,2026-08-01,2026-08-01,V5,f8d738d8354cbdaf,f8d738d8354cbdaf,false,none,0,,,false,,false
forward_poll_2026h2,MERVF,2026-07,2026-07-30,2026-07-30,V5,c64d1dd628c6a652,c64d1dd628c6a652,false,none,0,false,false,false,false,false
forward_poll_2026h2,META,2026-07,2026-07-29,2026-08-02,V5,4d667eba58054751,4d667eba58054751,false,none,0,false,false,false,false,false
forward_poll_2026h2,METC,2026-08,2026-08-04,2026-08-04,V5,59ae2c2baaf78409,59ae2c2baaf78409,false,none,0,false,false,false,false,false
forward_poll_2026h2,METCB,2026-08,2026-08-04,2026-08-04,V5,b7ea02f5ecacd17c,b7ea02f5ecacd17c,false,none,0,,,false,,false
forward_poll_2026h2,METCZ,2026-08,2026-08-05,2026-08-05,V3,13bf48b72eceba27,959e3c932bfefecf,true,up,"[0.25,1.00)",false,true,true,true,false
forward_poll_2026h2,MEXGF,2026-06,2026-06-05,2026-06-05,V5,66b0a64163482fa3,66b0a64163482fa3,false,none,0,,,false,,true
forward_poll_2026h2,MFBP,2026-07,2026-07-31,2026-07-31,V5,8641d88557d6587b,8641d88557d6587b,false,none,0,,,false,,false
forward_poll_2026h2,MFG,2026-07,2026-07-30,2026-08-03,V3,55d69fde5cf2549f,55d69fde5cf2549f,false,none,0,true,true,false,false,false
forward_poll_2026h2,MFI,2026-06,2026-07-04,2026-07-04,V5,7d4872c9aa7a6594,7d4872c9aa7a6594,false,none,0,false,false,false,false,true
forward_poll_2026h2,MFIN,2026-07,2026-07-29,2026-08-03,V5,e629ec0d2de1d3af,e629ec0d2de1d3af,false,none,0,true,false,true,false,false
forward_poll_2026h2,MFMLF,2026-06,2026-06-05,2026-06-05,V5,3b6451c4ed6d4944,3b6451c4ed6d4944,false,none,0,,,false,,true
forward_poll_2026h2,MFRVF,2026-07,2026-08-01,2026-08-03,V3,e62b5fa95e68161c,e62b5fa95e68161c,false,none,0,true,true,false,false,true
forward_poll_2026h2,MFRVF,2026-07,2026-07-30,2026-08-03,V3,2bc591f4c32f0b11,2bc591f4c32f0b11,false,none,0,true,true,false,false,false
forward_poll_2026h2,MGA,2026-07,2026-07-31,2026-08-03,V5,f25b7850d092b0c4,f25b7850d092b0c4,false,none,0,true,true,false,false,false
forward_poll_2026h2,MGDDF,2026-07,2026-07-29,2026-07-29,V3,e4645cac289d799e,e4645cac289d799e,false,none,0,false,false,false,false,true
forward_poll_2026h2,MGDDY,2026-07,2026-07-30,2026-07-30,V3,096d6166d3d81ff1,096d6166d3d81ff1,false,none,0,false,false,false,false,true
forward_poll_2026h2,MGM,2026-07,2026-07-29,2026-08-01,V5,080660dd5fa3ec4a,080660dd5fa3ec4a,false,none,0,false,false,false,false,false
forward_poll_2026h2,MGPI,2026-07,2026-07-29,2026-07-29,V3,135339372bc1ec9b,135339372bc1ec9b,false,none,0,true,true,false,false,false
forward_poll_2026h2,MGPRF,2026-06,2026-06-05,2026-06-05,V5,2f649c96b9d29a9d,2f649c96b9d29a9d,false,none,0,,,false,,true
forward_poll_2026h2,MGR,2026-07,2026-07-30,2026-07-30,V3,09be7fb8746e57e8,09be7fb8746e57e8,false,none,0,true,true,false,false,false
forward_poll_2026h2,MGRB,2026-07,2026-07-30,2026-07-30,V3,a29064ae4c5a48b0,a29064ae4c5a48b0,false,none,0,true,true,false,false,false
forward_poll_2026h2,MGRC,2026-07,2026-07-29,2026-07-29,V5,42976e6c0a649236,42976e6c0a649236,false,none,0,false,false,false,false,false
forward_poll_2026h2,MGRD,2026-07,2026-07-30,2026-07-30,V3,334bdf86fada7a7c,334bdf86fada7a7c,false,none,0,true,true,false,false,false
forward_poll_2026h2,MGRE,2026-07,2026-07-30,2026-07-30,V3,362fee84a281241b,362fee84a281241b,false,none,0,true,true,false,false,false
forward_poll_2026h2,MGRUF,2026-07,2026-07-30,2026-07-30,V5,fd056db5e9c73039,fd056db5e9c73039,false,none,0,,,false,,false
forward_poll_2026h2,MGYR,2026-07,2026-07-23,2026-07-23,V5,5467c8ca18e375e6,5467c8ca18e375e6,false,none,0,,,false,,false
forward_poll_2026h2,MH,2026-06,2026-06-10,2026-06-15,V5,d3e2ffc4fafc2a0d,f17f5afbc2f01e27,true,up,"[0.05,0.25)",false,true,true,false,false
forward_poll_2026h2,MHGU,2026-07,2026-07-24,2026-07-24,V3,164aae30adc92ecd,164aae30adc92ecd,false,none,0,,,false,,true
forward_poll_2026h2,MHGUP,2026-07,2026-07-22,2026-07-22,V3,fc8de87a14d741fc,fc8de87a14d741fc,false,none,0,,,false,,true
forward_poll_2026h2,MHGUP,2026-07,2026-07-19,2026-07-22,V3,97f711b0edc0127f,97f711b0edc0127f,false,none,0,,false,false,,false
forward_poll_2026h2,MHK,2026-07,2026-07-30,2026-08-02,V5,896a1cb9210ef7f8,896a1cb9210ef7f8,false,none,0,true,true,false,false,false
forward_poll_2026h2,MHO,2026-07,2026-07-29,2026-07-29,V5,147703d333709bb7,147703d333709bb7,false,none,0,false,false,false,false,false
forward_poll_2026h2,MHPSY,2026-06,2026-06-22,2026-06-22,V5,d8dece21af9547ae,d8dece21af9547ae,false,none,0,,,false,,true
forward_poll_2026h2,MHSDF,2026-07,2026-08-02,2026-08-02,V3,3bc4129f302ac0ae,3bc4129f302ac0ae,false,none,0,false,false,false,false,true
forward_poll_2026h2,MHVYF,2026-08,2026-08-04,2026-08-04,V3,3eaf6d5a351bcd76,78e0a7a111a9ec33,true,down,"(0,0.01)",true,true,false,false,false
forward_poll_2026h2,MICLF,2026-07,2026-07-14,2026-07-14,V3,b5b9293ece011259,4f3d5a661e47b6cb,true,down,"(0,0.01)",true,true,false,false,false
forward_poll_2026h2,MIELF,2026-07,2026-07-31,2026-08-04,V3,762bbf913f16d538,55cd6e26e7494807,true,up,"[0.01,0.05)",false,true,true,false,false
forward_poll_2026h2,MIELY,2026-07,2026-07-31,2026-07-31,V3,a5463848c984ed45,a5463848c984ed45,false,none,0,true,true,false,false,false
forward_poll_2026h2,MIESF,2026-08,2026-08-03,2026-08-03,V3,3101931693db5a5a,2b6178cf9eb21dbc,true,up,"(0,0.01)",true,true,false,false,false
forward_poll_2026h2,MIND,2026-06,2026-06-11,2026-06-11,V3,0277f437ec9997b1,34235fa459c2d3ba,true,down,"[0.05,0.25)",,,false,,false
forward_poll_2026h2,MIR,2026-07,2026-07-28,2026-07-29,V5,e826f4400b9a80f3,e826f4400b9a80f3,false,none,0,true,true,false,false,false
forward_poll_2026h2,MITFF,2026-06,2026-06-05,2026-06-05,V3,5408afd872a2edd0,5408afd872a2edd0,false,none,0,false,false,false,false,false
forward_poll_2026h2,MITSF,2026-08,2026-08-04,2026-08-04,V3,4cfde3e652d1e652,4cfde3e652d1e652,false,none,0,true,true,false,false,false
forward_poll_2026h2,MITSY,2026-08,2026-08-04,2026-08-05,V3,d1cbe7a03a0849e1,7cdb862469bdea9f,true,down,"[0.05,0.25)",true,true,false,false,false
forward_poll_2026h2,MITUF,2026-08,2026-08-05,2026-08-05,V3,97cefedd31087bfb,942854d97894f0ee,true,down,"(0,0.01)",true,true,false,false,false
forward_poll_2026h2,MIXIF,2026-07,2026-07-31,2026-07-31,V5,9691b3bf51cfa5cf,9691b3bf51cfa5cf,false,none,0,,,false,,false
forward_poll_2026h2,MJDLF,2026-06,2026-06-11,2026-06-11,V3,1516d52706664025,96ca396249566fc1,true,down,"(0,0.01)",true,true,false,false,false
forward_poll_2026h2,MJGCF,2026-06,2026-06-05,2026-06-05,V5,f0b4c48d1b41ba8a,f0b4c48d1b41ba8a,false,none,0,,,false,,true
forward_poll_2026h2,MJWNY,2026-07,2026-07-25,2026-07-25,V5,520740a40a78bb3c,520740a40a78bb3c,false,none,0,,,false,,true
forward_poll_2026h2,MKC,2026-06,2026-06-25,2026-06-25,V5,52010c6ca6780995,52010c6ca6780995,false,none,0,true,true,false,false,false
forward_poll_2026h2,MKC-V,2026-06,2026-06-25,2026-06-25,V3,067f11dac2296e39,067f11dac2296e39,false,none,0,true,true,false,false,false
forward_poll_2026h2,MKEWF,2026-07,2026-07-29,2026-07-30,V3,695b7cbf861b52e1,695b7cbf861b52e1,false,none,0,true,true,false,false,false
forward_poll_2026h2,MKL,2026-07,2026-07-29,2026-08-05,V3,c31541b8f67e1ed2,4e0cf55a73f8a2d0,true,down,>=1.00,false,false,false,true,false
forward_poll_2026h2,MKNGF,2026-06,2026-06-05,2026-06-05,V5,34534818b63e1544,34534818b63e1544,false,none,0,,,false,,true
forward_poll_2026h2,MKTAY,2026-07,2026-07-29,2026-07-30,V3,3fa68b705e3c0411,3fa68b705e3c0411,false,none,0,true,true,false,false,false
forward_poll_2026h2,MKTSF,2026-06,2026-06-05,2026-06-05,V5,d57a9aa368a00704,d57a9aa368a00704,false,none,0,,,false,,false
forward_poll_2026h2,MKTSF,2026-06,2026-06-07,2026-06-07,V5,d57a9aa368a00704,d57a9aa368a00704,false,none,0,,,false,,false
forward_poll_2026h2,MKTSF,2026-06,2026-06-09,2026-06-09,V5,d57a9aa368a00704,d57a9aa368a00704,false,none,0,,,false,,false
forward_poll_2026h2,MKTSF,2026-06,2026-06-10,2026-06-10,V5,d57a9aa368a00704,d57a9aa368a00704,false,none,0,,,false,,false
forward_poll_2026h2,MKTSF,2026-06,2026-06-11,2026-06-11,V5,d57a9aa368a00704,d57a9aa368a00704,false,none,0,,,false,,false
forward_poll_2026h2,MKTSF,2026-06,2026-06-14,2026-06-14,V5,d57a9aa368a00704,d57a9aa368a00704,false,none,0,,,false,,false
forward_poll_2026h2,MKTSF,2026-06,2026-06-16,2026-06-16,V5,d57a9aa368a00704,d57a9aa368a00704,false,none,0,,,false,,false
forward_poll_2026h2,MKTSF,2026-06,2026-06-17,2026-06-17,V5,d57a9aa368a00704,d57a9aa368a00704,false,none,0,,,false,,false
forward_poll_2026h2,MKTSF,2026-06,2026-06-18,2026-06-18,V5,d57a9aa368a00704,d57a9aa368a00704,false,none,0,,,false,,false
forward_poll_2026h2,MKTSF,2026-06,2026-06-21,2026-06-21,V5,d57a9aa368a00704,d57a9aa368a00704,false,none,0,,,false,,false
forward_poll_2026h2,MKTSF,2026-06,2026-06-23,2026-06-23,V5,d57a9aa368a00704,d57a9aa368a00704,false,none,0,,,false,,false
forward_poll_2026h2,MKTSF,2026-06,2026-06-24,2026-06-24,V5,d57a9aa368a00704,d57a9aa368a00704,false,none,0,,,false,,false
forward_poll_2026h2,MKTSF,2026-06,2026-06-25,2026-06-25,V5,d57a9aa368a00704,d57a9aa368a00704,false,none,0,,,false,,false
forward_poll_2026h2,MKTSF,2026-07,2026-07-05,2026-07-05,V5,d57a9aa368a00704,d57a9aa368a00704,false,none,0,,,false,,false
forward_poll_2026h2,MKTSF,2026-07,2026-07-07,2026-07-07,V5,d57a9aa368a00704,d57a9aa368a00704,false,none,0,,,false,,false
forward_poll_2026h2,MKTSF,2026-07,2026-07-08,2026-07-08,V5,d57a9aa368a00704,d57a9aa368a00704,false,none,0,,,false,,false
forward_poll_2026h2,MKTSF,2026-07,2026-07-10,2026-07-10,V5,d57a9aa368a00704,d57a9aa368a00704,false,none,0,,,false,,false
forward_poll_2026h2,MKTSF,2026-07,2026-07-12,2026-07-12,V5,d57a9aa368a00704,d57a9aa368a00704,false,none,0,,,false,,false
forward_poll_2026h2,MKTSF,2026-07,2026-07-14,2026-07-14,V5,d57a9aa368a00704,d57a9aa368a00704,false,none,0,,,false,,false
forward_poll_2026h2,MKTSF,2026-07,2026-07-15,2026-07-15,V5,d57a9aa368a00704,d57a9aa368a00704,false,none,0,,,false,,false
forward_poll_2026h2,MKTSF,2026-07,2026-07-16,2026-07-16,V5,d57a9aa368a00704,d57a9aa368a00704,false,none,0,,,false,,false
forward_poll_2026h2,MKTSF,2026-07,2026-07-19,2026-07-19,V5,d57a9aa368a00704,d57a9aa368a00704,false,none,0,,,false,,false
forward_poll_2026h2,MKTSF,2026-07,2026-07-21,2026-07-21,V5,d57a9aa368a00704,d57a9aa368a00704,false,none,0,,,false,,false
forward_poll_2026h2,MKTSF,2026-07,2026-07-22,2026-07-22,V5,d57a9aa368a00704,d57a9aa368a00704,false,none,0,,,false,,false
forward_poll_2026h2,MKTSF,2026-07,2026-07-23,2026-07-23,V5,d57a9aa368a00704,d57a9aa368a00704,false,none,0,,,false,,false
forward_poll_2026h2,MKTSF,2026-07,2026-07-26,2026-07-26,V5,d57a9aa368a00704,d57a9aa368a00704,false,none,0,,,false,,false
forward_poll_2026h2,MKTSF,2026-07,2026-07-28,2026-07-28,V5,d57a9aa368a00704,d57a9aa368a00704,false,none,0,,,false,,false
forward_poll_2026h2,MKTSF,2026-07,2026-07-29,2026-07-29,V5,d57a9aa368a00704,d57a9aa368a00704,false,none,0,,,false,,false
forward_poll_2026h2,MKTSF,2026-07,2026-07-30,2026-07-30,V5,d57a9aa368a00704,d57a9aa368a00704,false,none,0,,,false,,false
forward_poll_2026h2,MKTSF,2026-08,2026-08-03,2026-08-03,V5,d57a9aa368a00704,d57a9aa368a00704,false,none,0,,,false,,false
forward_poll_2026h2,MKTX,2026-07,2026-07-31,2026-08-01,V5,28540b07e6257ad3,28540b07e6257ad3,false,none,0,false,false,false,false,false
forward_poll_2026h2,MLGF,2026-07,2026-07-12,2026-07-12,V5,ab32d45f46e63a35,ab32d45f46e63a35,false,none,0,,,false,,true
forward_poll_2026h2,MLHR,2026-06,2026-06-25,2026-06-25,V5,d7c9fc3ef18e5875,d7c9fc3ef18e5875,false,none,0,,,false,,false
forward_poll_2026h2,MLI,2026-07,2026-07-21,2026-07-21,V3,af396f3eb473e981,af396f3eb473e981,false,none,0,true,true,false,false,false
forward_poll_2026h2,MLKN,2026-06,2026-06-24,2026-06-24,V5,fc8403f3637bd731,fc8403f3637bd731,false,none,0,false,false,false,false,false
forward_poll_2026h2,MLLGF,2026-07,2026-07-23,2026-07-23,V3,f1676bae7bcf248f,ca140168d8e21a90,true,down,"(0,0.01)",true,true,false,false,false
forward_poll_2026h2,MLM,2026-07,2026-07-30,2026-08-02,V5,65c84063e9e2c0f1,65c84063e9e2c0f1,false,none,0,false,false,false,false,false
forward_poll_2026h2,MLSPF,2026-07,2026-07-31,2026-08-01,V5,4f79f4a66895e6f4,30e992fa0ef56961,true,up,"(0,0.01)",false,false,false,false,false
forward_poll_2026h2,MLXSF,2026-07,2026-07-30,2026-08-05,V3,4be4bc44a8910b50,008ccb8956d4ee6b,true,down,"(0,0.01)",true,true,false,false,false
forward_poll_2026h2,MMED,2026-06,2026-06-05,2026-06-10,V5,1f0111bd922d18aa,1f0111bd922d18aa,false,none,0,false,false,false,false,true
forward_poll_2026h2,MMLP,2026-07,2026-07-22,2026-07-22,V3,6545e15251b760ab,6545e15251b760ab,false,none,0,,,false,,false
forward_poll_2026h2,MMM,2026-07,2026-07-21,2026-07-22,V5,2ffad96d48969b17,2ffad96d48969b17,false,none,0,false,false,false,false,false
forward_poll_2026h2,MMMRF,2026-06,2026-07-04,2026-07-04,V5,ac66f89274d5d77b,ac66f89274d5d77b,false,none,0,,,false,,true
forward_poll_2026h2,MMNNF,2026-07,2026-07-17,2026-07-17,V3,b94c8621b9cf64ad,603f69c515f442ff,true,down,"(0,0.01)",true,true,false,false,false
forward_poll_2026h2,MMSDF,2026-06,2026-07-04,2026-07-04,V5,fb44eaec67c3f987,fb44eaec67c3f987,false,none,0,,,false,,true
forward_poll_2026h2,MMSI,2026-07,2026-07-30,2026-07-31,V5,c3dc5a877cf20ceb,c3dc5a877cf20ceb,false,none,0,true,true,false,false,false
forward_poll_2026h2,MMTIF,2026-06,2026-07-04,2026-07-04,V5,8a8e09c7e9cf98ff,8a8e09c7e9cf98ff,false,none,0,,,false,,true
forward_poll_2026h2,MMTMF,2026-06,2026-06-05,2026-06-05,V5,8f574d53c92ba937,8f574d53c92ba937,false,none,0,,,false,,true
forward_poll_2026h2,MMTOF,2026-08,2026-08-03,2026-08-03,V3,5e040982955aa90e,e5a4e63e51ffa259,true,up,"(0,0.01)",false,false,false,false,false
forward_poll_2026h2,MMYT,2026-08,2026-08-03,2026-08-04,V3,d8271bb768dd068c,3f9ebb81ed78e4a8,true,down,"[0.25,1.00)",true,false,true,true,false
forward_poll_2026h2,MNARF,2026-07,2026-07-28,2026-07-29,V5,fe725d2df3fee034,c209e3a028fd5aff,true,down,"(0,0.01)",,,false,,false
forward_poll_2026h2,MNBEF,2026-08,2026-08-05,2026-08-05,V3,24a35c08399a942d,24a35c08399a942d,false,none,0,true,true,false,false,false
forward_poll_2026h2,MNESP,2026-07,2026-07-31,2026-07-31,V3,48eb86495fe71341,48eb86495fe71341,false,none,0,true,true,false,false,false
forward_poll_2026h2,MNGPF,2026-07,2026-07-30,2026-07-30,V5,fd3b425769e414a8,fd3b425769e414a8,false,none,0,false,false,false,false,true
forward_poll_2026h2,MNODF,2026-07,2026-07-30,2026-07-30,V5,ca7d38004c469707,ca7d38004c469707,false,none,0,true,true,false,false,false
forward_poll_2026h2,MNRO,2026-07,2026-07-29,2026-07-29,V5,666fd3462d1a48a5,666fd3462d1a48a5,false,none,0,false,false,false,false,false
forward_poll_2026h2,MNSB,2026-07,2026-07-21,2026-07-21,V3,eb605f861af64d07,253ecebe410711fc,true,up,"[0.01,0.05)",false,true,true,true,false
forward_poll_2026h2,MNSBP,2026-07,2026-07-22,2026-07-22,V3,b499817b347a2951,b499817b347a2951,false,none,0,true,true,false,false,true
forward_poll_2026h2,MNTN,2026-08,2026-08-04,2026-08-04,V3,e54288e93674b8b0,e54288e93674b8b0,false,none,0,false,false,false,false,false
forward_poll_2026h2,MNY,2026-06,2026-06-24,2026-06-25,V3,c2ce26be62da49e0,5c1f7a449ce127c1,true,up,"[0.05,0.25)",false,false,false,false,false
forward_poll_2026h2,MNYWW,2026-06,2026-06-24,2026-06-24,V5,828a5531794e2732,828a5531794e2732,false,none,0,false,false,false,false,false
forward_poll_2026h2,MO,2026-07,2026-07-30,2026-07-30,V5,13ff7fbf694c123c,13ff7fbf694c123c,false,none,0,false,false,false,false,false
forward_poll_2026h2,MOBI,2026-06,2026-06-05,2026-06-11,V5,8fe46b3a877d64ce,218e5903db3590d4,true,down,"[0.25,1.00)",false,false,false,true,false
forward_poll_2026h2,MOD,2026-07,2026-07-29,2026-07-31,V5,c5720faa16181039,c5720faa16181039,false,none,0,true,true,false,false,false
forward_poll_2026h2,MODD,2026-06,2026-07-04,2026-07-04,V3,85a17af33320aa7e,85a17af33320aa7e,false,none,0,true,true,false,false,true
forward_poll_2026h2,MOG-A,2026-07,2026-07-31,2026-07-31,V5,9800df04a3fd3bc7,9800df04a3fd3bc7,false,none,0,true,true,false,false,false
forward_poll_2026h2,MOG-B,2026-07,2026-07-31,2026-07-31,V3,22f4ea963b4504f8,22f4ea963b4504f8,false,none,0,true,true,false,false,false
forward_poll_2026h2,MOH,2026-07,2026-07-22,2026-07-22,V5,9753f53c74d85dbe,9753f53c74d85dbe,false,none,0,false,false,false,false,false
forward_poll_2026h2,MOMO,2026-06,2026-06-05,2026-06-05,V5,67a9a0066d113c0b,67a9a0066d113c0b,false,none,0,true,true,false,false,true
forward_poll_2026h2,MONDY,2026-07,2026-07-30,2026-07-31,V5,f32f0482f95a3475,bc46e1ac3abc41f9,true,up,"(0,0.01)",true,true,false,false,false
forward_poll_2026h2,MONOF,2026-08,2026-08-04,2026-08-04,V3,38d3e619979be308,f5e5e630ddf49d49,true,down,"(0,0.01)",false,false,false,false,false
forward_poll_2026h2,MONOY,2026-08,2026-08-04,2026-08-04,V5,d28ee31749249473,d28ee31749249473,false,none,0,,,false,,false
forward_poll_2026h2,MONRF,2026-07,2026-07-25,2026-07-25,V3,b70747feb17d88a5,b70747feb17d88a5,false,none,0,false,false,false,false,true
forward_poll_2026h2,MONRY,2026-07,2026-07-23,2026-07-26,V3,8b48d5da9142641f,9a00d8942845977e,true,up,"[0.01,0.05)",false,false,false,true,false
forward_poll_2026h2,MORN,2026-07,2026-07-29,2026-07-29,V5,e33ab3559169525c,e33ab3559169525c,false,none,0,false,false,false,false,false
forward_poll_2026h2,MOS,2026-08,2026-08-04,2026-08-04,V5,8b77bde9dbbc1abc,8b77bde9dbbc1abc,false,none,0,false,false,false,false,false
forward_poll_2026h2,MPAA,2026-06,2026-06-08,2026-06-15,V5,ed74f5f46d318d00,00c7b3acca56c6d8,true,down,"[0.05,0.25)",true,true,false,false,false
forward_poll_2026h2,MPB,2026-07,2026-07-22,2026-07-23,V5,9ae01e86157dc1c2,9ae01e86157dc1c2,false,none,0,false,false,false,false,false
forward_poll_2026h2,MPC,2026-08,2026-08-04,2026-08-04,V5,114df9859686b3b2,114df9859686b3b2,false,none,0,true,true,false,false,false
forward_poll_2026h2,MPCMF,2026-07,2026-07-30,2026-07-30,V3,efa29a55b0aa98a8,83b75362e1c63991,true,up,"(0,0.01)",false,false,false,false,false
forward_poll_2026h2,MPLX,2026-08,2026-08-04,2026-08-04,V5,03dfea35270d50b6,03dfea35270d50b6,false,none,0,false,false,false,false,false
forward_poll_2026h2,MPNGF,2026-06,2026-06-05,2026-06-05,V3,ac4378142885437f,ac4378142885437f,false,none,0,true,true,false,false,true
forward_poll_2026h2,MPNGY,2026-06,2026-06-05,2026-06-08,V3,6fabb5e46e0b2488,6fabb5e46e0b2488,false,none,0,true,true,false,false,true
forward_poll_2026h2,MPWR,2026-07,2026-07-30,2026-08-02,V5,f53852926e47d383,f53852926e47d383,false,none,0,true,true,false,false,false
forward_poll_2026h2,MPZAF,2026-07,2026-07-17,2026-07-23,V3,9e4f0a6ef47b37b0,88b8603e09facfe6,true,down,"(0,0.01)",false,true,true,true,false
forward_poll_2026h2,MQ,2026-08,2026-08-04,2026-08-04,V3,4814d2c0dc64a3b9,4814d2c0dc64a3b9,false,none,0,true,true,false,false,false
forward_poll_2026h2,MRAAF,2026-07,2026-07-31,2026-07-31,V3,a17b69eb28710895,cdbccd2c0f975a89,true,down,"(0,0.01)",true,true,false,false,false
forward_poll_2026h2,MRAAY,2026-07,2026-07-31,2026-07-31,V3,f7395356b8dc4fa4,f7395356b8dc4fa4,false,none,0,true,true,false,false,false
forward_poll_2026h2,MRBK,2026-07,2026-07-30,2026-07-30,V5,106027602a761a24,106027602a761a24,false,none,0,false,false,false,false,false
forward_poll_2026h2,MRCIF,2026-08,2026-08-05,2026-08-05,V3,15268079125144be,15268079125144be,false,none,0,true,true,false,false,false
forward_poll_2026h2,MRDN,2026-07,2026-07-29,2026-08-05,V5,8dbdba92b20137dd,8dbdba92b20137dd,false,none,0,true,false,true,true,false
forward_poll_2026h2,MRETF,2026-08,2026-08-04,2026-08-05,V3,9019f230ec89c36c,a5f134b09b6b0bc4,true,down,"(0,0.01)",true,true,false,false,false
forward_poll_2026h2,MRK,2026-08,2026-08-04,2026-08-04,V5,0e8d9acbca9248e4,0e8d9acbca9248e4,false,none,0,true,true,false,false,false
forward_poll_2026h2,MRNA,2026-07,2026-07-31,2026-08-01,V5,11421dde381a5c4a,11421dde381a5c4a,false,none,0,false,false,false,false,false
forward_poll_2026h2,MRP,2026-08,2026-08-04,2026-08-04,V5,08a136521fd70305,08a136521fd70305,false,none,0,false,false,false,false,false
forward_poll_2026h2,MRPRF,2026-07,2026-07-28,2026-08-01,V3,ef31eefa248898fd,e03f85b45e0cb148,true,up,"[0.01,0.05)",false,true,true,true,false
forward_poll_2026h2,MRPZF,2026-06,2026-06-06,2026-06-07,V5,89faca5db5ed8ac0,36a7b9fe8552cc6d,true,up,"(0,0.01)",false,false,false,false,false
forward_poll_2026h2,MRSH,2026-07,2026-07-21,2026-07-28,V5,bfafc132fa7382ed,bfafc132fa7382ed,false,none,0,false,false,false,false,false
forward_poll_2026h2,MRSKF,2026-08,2026-08-04,2026-08-04,V3,8ae52df0856f74b9,8ae52df0856f74b9,false,none,0,false,false,false,false,false
forward_poll_2026h2,MRTN,2026-07,2026-07-23,2026-07-27,V3,cc452ffb15cde571,cc452ffb15cde571,false,none,0,false,false,false,false,false
forward_poll_2026h2,MS,2026-07,2026-07-15,2026-07-18,V5,88e46fa173679155,88e46fa173679155,false,none,0,true,true,false,false,false
forward_poll_2026h2,MS-PA,2026-07,2026-07-15,2026-07-21,V3,997e20749a5424b6,997e20749a5424b6,false,none,0,true,true,false,false,false
forward_poll_2026h2,MS-PE,2026-07,2026-07-15,2026-07-15,V3,963632c18f24834c,963632c18f24834c,false,none,0,true,true,false,false,false
forward_poll_2026h2,MS-PF,2026-07,2026-07-15,2026-07-15,V3,cc864224d21c7be1,cc864224d21c7be1,false,none,0,true,true,false,false,false
forward_poll_2026h2,MS-PI,2026-07,2026-07-15,2026-07-15,V3,16da63cdf8df01cc,16da63cdf8df01cc,false,none,0,true,true,false,false,false
forward_poll_2026h2,MS-PK,2026-07,2026-07-15,2026-07-15,V3,4346d49057f75fc3,4346d49057f75fc3,false,none,0,true,true,false,false,false
forward_poll_2026h2,MS-PL,2026-07,2026-07-15,2026-07-15,V3,3214580fe9172d61,3214580fe9172d61,false,none,0,true,true,false,false,false
forward_poll_2026h2,MS-PO,2026-07,2026-07-15,2026-07-15,V3,367cb905be27425c,367cb905be27425c,false,none,0,true,true,false,false,false
forward_poll_2026h2,MS-PP,2026-07,2026-07-15,2026-07-15,V3,b50700caf485bb63,b50700caf485bb63,false,none,0,true,true,false,false,false
forward_poll_2026h2,MS-PQ,2026-07,2026-07-15,2026-07-15,V3,0a905c1ce9846601,0a905c1ce9846601,false,none,0,true,true,false,false,false
forward_poll_2026h2,MSA,2026-07,2026-07-30,2026-07-30,V5,2454c9c564b9a2b3,2454c9c564b9a2b3,false,none,0,true,true,false,false,false
forward_poll_2026h2,MSB,2026-06,2026-06-13,2026-06-13,V5,8dc9f0a6f1549e15,8dc9f0a6f1549e15,false,none,0,,,false,,false
forward_poll_2026h2,MSBHF,2026-08,2026-08-03,2026-08-03,V3,7b9858993095564d,82e56b9b4793f110,true,up,"[0.01,0.05)",true,true,false,false,false
forward_poll_2026h2,MSBI,2026-07,2026-07-23,2026-07-23,V5,689e373f0ff17f89,689e373f0ff17f89,false,none,0,false,false,false,false,false
forward_poll_2026h2,MSBIP,2026-07,2026-07-23,2026-07-23,V3,a52c890c7cf1440f,a52c890c7cf1440f,false,none,0,true,true,false,false,false
forward_poll_2026h2,MSCI,2026-07,2026-07-21,2026-07-22,V5,8ec06414fe1ba064,8ec06414fe1ba064,false,none,0,false,false,false,false,false
forward_poll_2026h2,MSEX,2026-07,2026-07-30,2026-07-31,V3,2f040a796e7a1465,2f040a796e7a1465,false,none,0,true,true,false,false,false
forward_poll_2026h2,MSEXP,2026-07,2026-07-31,2026-07-31,V3,1b3780be25644032,1b3780be25644032,false,none,0,true,true,false,false,false
forward_poll_2026h2,MSFT,2026-07,2026-07-29,2026-08-01,V5,ca4f8c2b8054a282,ca4f8c2b8054a282,false,none,0,true,true,false,false,false
forward_poll_2026h2,MSM,2026-07,2026-07-04,2026-07-04,V5,ef178910283d798c,ef178910283d798c,false,none,0,true,true,false,false,true
forward_poll_2026h2,MSMGF,2026-06,2026-06-05,2026-06-05,V5,adcbeeb26c799180,adcbeeb26c799180,false,none,0,,,false,,true
forward_poll_2026h2,MSS,2026-07,2026-07-04,2026-07-04,V3,083c18c554a5fec7,083c18c554a5fec7,false,none,0,false,false,false,false,true
forward_poll_2026h2,MSTR,2026-07,2026-07-30,2026-07-30,V3,581738bd98984422,581738bd98984422,false,none,0,false,false,false,false,false
forward_poll_2026h2,MSUXF,2026-07,2026-07-31,2026-07-31,V3,9cea86da0794961d,002991363bd703b4,true,down,"(0,0.01)",,,false,,false
forward_poll_2026h2,MT,2026-07,2026-07-30,2026-07-30,V5,2ffd27eeac7c18b6,2ffd27eeac7c18b6,false,none,0,false,false,false,false,false
forward_poll_2026h2,MTAGF,2026-07,2026-08-01,2026-08-01,V3,30bce3534a3782e2,e8b1340bea917009,true,up,"(0,0.01)",false,false,false,false,true
forward_poll_2026h2,MTB,2026-07,2026-07-15,2026-07-16,V5,42ecff73a14c3fde,e1d49ca33df4ee1a,true,up,"[0.01,0.05)",true,true,false,false,false
forward_poll_2026h2,MTB-PH,2026-07,2026-07-15,2026-07-15,V3,0c23c0e991cb0619,0c23c0e991cb0619,false,none,0,true,true,false,false,false
forward_poll_2026h2,MTB-PJ,2026-07,2026-07-15,2026-07-15,V3,af584806945b7a46,af584806945b7a46,false,none,0,true,true,false,false,false
forward_poll_2026h2,MTCH,2026-08,2026-08-04,2026-08-04,V5,ff71c1e721d5ae99,e6a07b9c88c209f9,true,up,"[0.05,0.25)",false,true,true,false,false
forward_poll_2026h2,MTD,2026-07,2026-07-30,2026-08-03,V5,9797423a0fb14bb7,9797423a0fb14bb7,false,none,0,false,false,false,false,false
forward_poll_2026h2,MTG,2026-07,2026-07-29,2026-08-01,V3,c08cb42e853f1176,c08cb42e853f1176,false,none,0,true,true,false,false,false
forward_poll_2026h2,MTH,2026-07,2026-07-29,2026-07-29,V5,42b862aaa1e83b98,42b862aaa1e83b98,false,none,0,true,true,false,false,false
forward_poll_2026h2,MTLHF,2026-07,2026-07-31,2026-07-31,V3,56813b8274ace06a,bd0b4fefa169bcb6,true,down,"(0,0.01)",true,true,false,false,false
forward_poll_2026h2,MTLHY,2026-07,2026-07-31,2026-07-31,V5,42828fb9d234ac62,42828fb9d234ac62,false,none,0,,,false,,false
forward_poll_2026h2,MTN,2026-06,2026-06-09,2026-06-13,V5,b138280e4f68ff8c,b138280e4f68ff8c,false,none,0,false,false,false,false,false
forward_poll_2026h2,MTPOF,2026-07,2026-08-01,2026-08-04,V3,61e04979df5ea9f7,43d41e146c2a73c8,true,up,"(0,0.01)",false,false,false,false,false
forward_poll_2026h2,MTPTF,2026-06,2026-06-11,2026-06-11,V5,0b6e254db84f086f,0b6e254db84f086f,false,none,0,,,false,,false
forward_poll_2026h2,MTSUY,2026-08,2026-08-05,2026-08-05,V5,689846eaef087441,689846eaef087441,false,none,0,,,false,,true
forward_poll_2026h2,MTTRY,2026-07,2026-07-30,2026-07-30,V5,e569a2af86449435,e569a2af86449435,false,none,0,,,false,,false
forward_poll_2026h2,MTUAY,2026-07,2026-07-30,2026-07-30,V3,e1674a8d1fb27a43,e1674a8d1fb27a43,false,none,0,false,false,false,false,false
forward_poll_2026h2,MTUS,2026-08,2026-08-03,2026-08-04,V5,089bde3b83dd3914,089bde3b83dd3914,false,none,0,false,false,false,false,false
forward_poll_2026h2,MTWTF,2026-07,2026-07-29,2026-07-29,V3,530a0dd8c3e7e6b4,530a0dd8c3e7e6b4,false,none,0,true,true,false,false,false
forward_poll_2026h2,MTX,2026-07,2026-07-30,2026-07-31,V5,4d659a445c535d45,4d659a445c535d45,false,none,0,false,false,false,false,false
forward_poll_2026h2,MTYFF,2026-07,2026-07-10,2026-07-10,V3,c8c751e73c196850,384f5f91e266e59d,true,down,"[0.05,0.25)",true,false,true,true,false
forward_poll_2026h2,MTZ,2026-07,2026-07-30,2026-07-30,V3,e289759f76602496,e289759f76602496,false,none,0,false,false,false,false,false
forward_poll_2026h2,MU,2026-06,2026-06-25,2026-06-25,V5,8b8f91dd0268f049,8b8f91dd0268f049,false,none,0,true,true,false,false,false
forward_poll_2026h2,MUEL,2026-07,2026-08-01,2026-08-01,V5,1e5ac322ddfb1b78,1e5ac322ddfb1b78,false,none,0,,,false,,false
forward_poll_2026h2,MUFG,2026-08,2026-08-03,2026-08-04,V3,a835c01f5e3f2c00,9b0e9c4e7c1f0cbf,true,down,"(0,0.01)",true,true,false,false,false
forward_poll_2026h2,MUNMF,2026-05,2026-06-05,2026-06-05,V5,11d30145240eb578,11d30145240eb578,false,none,0,,,false,,true
forward_poll_2026h2,MVBF,2026-07,2026-07-28,2026-07-28,V5,6dff5a1338d583f0,4b1397202cb9723c,true,up,"[0.25,1.00)",false,true,true,true,false
forward_poll_2026h2,MVLY,2026-07,2026-08-01,2026-08-01,V5,90a13d73a69d2834,90a13d73a69d2834,false,none,0,,,false,,false
forward_poll_2026h2,MWCAF,2026-06,2026-06-05,2026-06-05,V5,5ac7e49333b05a65,5ac7e49333b05a65,false,none,0,,,false,,false
forward_poll_2026h2,MWCAF,2026-06,2026-06-07,2026-06-07,V5,5ac7e49333b05a65,5ac7e49333b05a65,false,none,0,,,false,,false
forward_poll_2026h2,MWCAF,2026-06,2026-06-09,2026-06-09,V5,5ac7e49333b05a65,5ac7e49333b05a65,false,none,0,,,false,,false
forward_poll_2026h2,MWCAF,2026-06,2026-06-10,2026-06-10,V5,5ac7e49333b05a65,5ac7e49333b05a65,false,none,0,,,false,,false
forward_poll_2026h2,MWCAF,2026-06,2026-06-11,2026-06-11,V5,5ac7e49333b05a65,5ac7e49333b05a65,false,none,0,,,false,,false
forward_poll_2026h2,MWCAF,2026-06,2026-06-14,2026-06-14,V5,5ac7e49333b05a65,5ac7e49333b05a65,false,none,0,,,false,,false
forward_poll_2026h2,MWCAF,2026-06,2026-06-16,2026-06-16,V5,5ac7e49333b05a65,5ac7e49333b05a65,false,none,0,,,false,,false
forward_poll_2026h2,MWCAF,2026-06,2026-06-17,2026-06-17,V5,5ac7e49333b05a65,5ac7e49333b05a65,false,none,0,,,false,,false
forward_poll_2026h2,MWCAF,2026-06,2026-06-18,2026-06-18,V5,5ac7e49333b05a65,5ac7e49333b05a65,false,none,0,,,false,,false
forward_poll_2026h2,MWCAF,2026-06,2026-06-22,2026-06-22,V5,5ac7e49333b05a65,5ac7e49333b05a65,false,none,0,,,false,,false
forward_poll_2026h2,MWCAF,2026-06,2026-06-23,2026-06-23,V5,5ac7e49333b05a65,5ac7e49333b05a65,false,none,0,,,false,,false
forward_poll_2026h2,MWCAF,2026-06,2026-06-24,2026-06-24,V5,5ac7e49333b05a65,5ac7e49333b05a65,false,none,0,,,false,,false
forward_poll_2026h2,MWCAF,2026-06,2026-06-25,2026-06-25,V5,5ac7e49333b05a65,5ac7e49333b05a65,false,none,0,,,false,,false
forward_poll_2026h2,MWCAF,2026-07,2026-07-05,2026-07-05,V5,5ac7e49333b05a65,5ac7e49333b05a65,false,none,0,,,false,,false
forward_poll_2026h2,MWCAF,2026-07,2026-07-07,2026-07-07,V5,5ac7e49333b05a65,5ac7e49333b05a65,false,none,0,,,false,,false
forward_poll_2026h2,MWCAF,2026-07,2026-07-08,2026-07-08,V5,5ac7e49333b05a65,5ac7e49333b05a65,false,none,0,,,false,,false
forward_poll_2026h2,MWCAF,2026-07,2026-07-10,2026-07-10,V5,5ac7e49333b05a65,5ac7e49333b05a65,false,none,0,,,false,,false
forward_poll_2026h2,MWCAF,2026-07,2026-07-12,2026-07-12,V5,5ac7e49333b05a65,5ac7e49333b05a65,false,none,0,,,false,,false
forward_poll_2026h2,MWCAF,2026-07,2026-07-14,2026-07-14,V5,5ac7e49333b05a65,5ac7e49333b05a65,false,none,0,,,false,,false
forward_poll_2026h2,MWCAF,2026-07,2026-07-15,2026-07-15,V5,5ac7e49333b05a65,5ac7e49333b05a65,false,none,0,,,false,,false
forward_poll_2026h2,MWCAF,2026-07,2026-07-16,2026-07-16,V5,5ac7e49333b05a65,5ac7e49333b05a65,false,none,0,,,false,,false
forward_poll_2026h2,MWCAF,2026-07,2026-07-19,2026-07-19,V5,5ac7e49333b05a65,5ac7e49333b05a65,false,none,0,,,false,,false
forward_poll_2026h2,MWCAF,2026-07,2026-07-21,2026-07-21,V5,5ac7e49333b05a65,5ac7e49333b05a65,false,none,0,,,false,,false
forward_poll_2026h2,MWCAF,2026-07,2026-07-22,2026-07-22,V5,5ac7e49333b05a65,5ac7e49333b05a65,false,none,0,,,false,,false
forward_poll_2026h2,MWCAF,2026-07,2026-07-23,2026-07-23,V5,5ac7e49333b05a65,5ac7e49333b05a65,false,none,0,,,false,,false
forward_poll_2026h2,MWCAF,2026-07,2026-07-26,2026-07-26,V5,5ac7e49333b05a65,5ac7e49333b05a65,false,none,0,,,false,,false
forward_poll_2026h2,MWCAF,2026-07,2026-07-28,2026-07-28,V5,5ac7e49333b05a65,5ac7e49333b05a65,false,none,0,,,false,,false
forward_poll_2026h2,MWCAF,2026-07,2026-07-29,2026-07-29,V5,5ac7e49333b05a65,5ac7e49333b05a65,false,none,0,,,false,,false
forward_poll_2026h2,MWCAF,2026-07,2026-07-30,2026-07-30,V5,5ac7e49333b05a65,5ac7e49333b05a65,false,none,0,,,false,,false
forward_poll_2026h2,MWCAF,2026-08,2026-08-03,2026-08-03,V5,5ac7e49333b05a65,5ac7e49333b05a65,false,none,0,,,false,,false
forward_poll_2026h2,MWYN,2026-07,2026-08-03,2026-08-03,V5,cabaacb4053a4bdb,c0d4012fbffbc549,true,up,"(0,0.01)",,,false,,true
forward_poll_2026h2,MX,2026-07,2026-07-29,2026-07-29,V3,06b7b35ad5bc6687,06b7b35ad5bc6687,false,none,0,true,true,false,false,false
forward_poll_2026h2,MXC,2026-06,2026-07-04,2026-07-04,V5,83a8e0e7b41b3530,83a8e0e7b41b3530,false,none,0,,,false,,true
forward_poll_2026h2,MXCHF,2026-07,2026-07-22,2026-07-27,V3,2d9cd3bb5836d3b4,a5dfe2e9212cbb46,true,down,"[0.05,0.25)",false,false,false,false,false
forward_poll_2026h2,MXL,2026-07,2026-07-23,2026-07-30,V5,81349d4f19251b86,81349d4f19251b86,false,none,0,false,false,false,false,false
forward_poll_2026h2,MXLGF,2026-06,2026-06-05,2026-06-05,V5,82f3623d68c1985d,82f3623d68c1985d,false,none,0,,,false,,true
forward_poll_2026h2,MXROF,2026-06,2026-06-05,2026-06-05,V5,3e61c6942ae4842c,3e61c6942ae4842c,false,none,0,,,false,,true
forward_poll_2026h2,MYE,2026-07,2026-07-30,2026-07-30,V3,44291b693c97154c,44291b693c97154c,false,none,0,true,true,false,false,false
forward_poll_2026h2,MYFW,2026-07,2026-07-23,2026-07-30,V5,bdb3aabc8a2cd803,bdb3aabc8a2cd803,false,none,0,false,false,false,false,false
forward_poll_2026h2,MYGN,2026-07,2026-07-30,2026-07-31,V5,875f44b9c2591b31,875f44b9c2591b31,false,none,0,false,false,false,false,false
forward_poll_2026h2,MYRG,2026-07,2026-07-29,2026-07-31,V5,3df6885afb71f321,3df6885afb71f321,false,none,0,true,true,false,false,false
forward_poll_2026h2,MZDAF,2026-08,2026-08-04,2026-08-04,V3,11c3f4591b58eb44,a28b0d8ecc3feec8,true,down,"(0,0.01)",true,true,false,false,false
forward_poll_2026h2,MZDAY,2026-08,2026-08-04,2026-08-04,V3,966137ac28a24213,966137ac28a24213,false,none,0,,,false,,false
forward_poll_2026h2,MZHOF,2026-07,2026-07-30,2026-07-30,V3,4247e1703b479071,4247e1703b479071,false,none,0,false,false,false,false,false
forward_poll_2026h2,NAGE,2026-08,2026-08-04,2026-08-04,V3,bc84c27ee3b960d1,bc84c27ee3b960d1,false,none,0,true,true,false,false,false
forward_poll_2026h2,NAMM,2026-07,2026-07-09,2026-07-09,V5,3eef3cbc86af4edf,3eef3cbc86af4edf,false,none,0,,,false,,true
forward_poll_2026h2,NAPRF,2026-06,2026-07-04,2026-07-04,V5,922cf84d5da9d510,922cf84d5da9d510,false,none,0,,,false,,true
forward_poll_2026h2,NATH,2026-06,2026-06-10,2026-06-10,V5,bf26bc9fdc71d72d,bf26bc9fdc71d72d,false,none,0,,,false,,false
forward_poll_2026h2,NATKY,2026-05,2026-06-05,2026-06-05,V3,e8a71b927af88175,e8a71b927af88175,false,none,0,false,false,false,false,true
forward_poll_2026h2,NATL,2026-08,2026-08-05,2026-08-05,V5,c8e7872a3f35c196,c8e7872a3f35c196,false,none,0,true,true,false,false,false
forward_poll_2026h2,NAUFF,2026-06,2026-06-05,2026-06-05,V5,9dd761b045db6bfb,9dd761b045db6bfb,false,none,0,,,false,,true
forward_poll_2026h2,NAUT,2026-07,2026-07-28,2026-07-28,V5,59bac11633542198,59bac11633542198,false,none,0,true,true,false,false,false
forward_poll_2026h2,NAVBQ,2026-06,2026-06-10,2026-06-10,V3,b62dcda560c32829,32d0503e437d0a01,true,up,"[0.05,0.25)",,,false,,false
forward_poll_2026h2,NAVN,2026-06,2026-06-11,2026-06-13,V5,fc34e36f2c864622,fc34e36f2c864622,false,none,0,true,true,false,false,false
forward_poll_2026h2,NBBK,2026-07,2026-07-22,2026-07-22,V3,cc5267119f3ccda9,cc5267119f3ccda9,false,none,0,true,true,false,false,false
forward_poll_2026h2,NBGIF,2026-07,2026-07-31,2026-08-05,V3,198cce9f9718935c,2104e69f618cf4b6,true,up,"(0,0.01)",false,false,false,false,false
forward_poll_2026h2,NBHC,2026-07,2026-07-21,2026-07-22,V5,5003b7a4086dc81b,9a3bb1fd051488b7,true,down,"[0.05,0.25)",false,false,false,false,false
forward_poll_2026h2,NBIX,2026-07,2026-07-30,2026-08-02,V5,27f8fc09ecd27943,59142716d07bbb26,true,down,>=1.00,true,false,true,true,false
forward_poll_2026h2,NBN,2026-07,2026-07-27,2026-07-28,V5,7ee2158382214c4e,7ee2158382214c4e,false,none,0,true,true,false,false,false
forward_poll_2026h2,NBNKF,2026-07,2026-07-16,2026-07-16,V3,5af341787d640a7c,d9ba26d67a5748a3,true,up,"(0,0.01)",true,true,false,false,false
forward_poll_2026h2,NBP,2026-06,2026-07-04,2026-07-04,V5,b8091d32f81a15d8,b8091d32f81a15d8,false,none,0,false,false,false,false,true
forward_poll_2026h2,NBP,2026-07,2026-07-29,2026-07-29,V5,7d9828b75f05ba3e,7d9828b75f05ba3e,false,none,0,false,false,false,false,false
forward_poll_2026h2,NBR,2026-07,2026-07-28,2026-07-28,V3,84bb0ce51ed9c274,84bb0ce51ed9c274,false,none,0,false,false,false,false,false
forward_poll_2026h2,NBTB,2026-07,2026-07-27,2026-07-27,V5,08460f9d0139eea8,08460f9d0139eea8,false,none,0,false,false,false,false,false
forward_poll_2026h2,NCFFF,2026-06,2026-06-05,2026-06-05,V5,03dd9a58d348d973,03dd9a58d348d973,false,none,0,,,false,,false
forward_poll_2026h2,NCFFF,2026-06,2026-06-07,2026-06-07,V5,03dd9a58d348d973,03dd9a58d348d973,false,none,0,,,false,,false
forward_poll_2026h2,NCFFF,2026-06,2026-06-09,2026-06-09,V5,03dd9a58d348d973,03dd9a58d348d973,false,none,0,,,false,,false
forward_poll_2026h2,NCFFF,2026-06,2026-06-10,2026-06-10,V5,03dd9a58d348d973,03dd9a58d348d973,false,none,0,,,false,,false
forward_poll_2026h2,NCFFF,2026-06,2026-06-11,2026-06-11,V5,03dd9a58d348d973,03dd9a58d348d973,false,none,0,,,false,,false
forward_poll_2026h2,NCFFF,2026-06,2026-06-14,2026-06-14,V5,03dd9a58d348d973,03dd9a58d348d973,false,none,0,,,false,,false
forward_poll_2026h2,NCFFF,2026-06,2026-06-16,2026-06-16,V5,03dd9a58d348d973,03dd9a58d348d973,false,none,0,,,false,,false
forward_poll_2026h2,NCFFF,2026-06,2026-06-17,2026-06-17,V5,03dd9a58d348d973,03dd9a58d348d973,false,none,0,,,false,,false
forward_poll_2026h2,NCFFF,2026-06,2026-06-18,2026-06-18,V5,03dd9a58d348d973,03dd9a58d348d973,false,none,0,,,false,,false
forward_poll_2026h2,NCFFF,2026-06,2026-06-21,2026-06-21,V5,03dd9a58d348d973,03dd9a58d348d973,false,none,0,,,false,,false
forward_poll_2026h2,NCFFF,2026-06,2026-06-23,2026-06-23,V5,03dd9a58d348d973,03dd9a58d348d973,false,none,0,,,false,,false
forward_poll_2026h2,NCFFF,2026-06,2026-06-24,2026-06-24,V5,03dd9a58d348d973,03dd9a58d348d973,false,none,0,,,false,,false
forward_poll_2026h2,NCFFF,2026-06,2026-06-25,2026-06-25,V5,03dd9a58d348d973,03dd9a58d348d973,false,none,0,,,false,,false
forward_poll_2026h2,NCFFF,2026-07,2026-07-05,2026-07-05,V5,03dd9a58d348d973,03dd9a58d348d973,false,none,0,,,false,,false
forward_poll_2026h2,NCFFF,2026-07,2026-07-07,2026-07-07,V5,03dd9a58d348d973,03dd9a58d348d973,false,none,0,,,false,,false
forward_poll_2026h2,NCFFF,2026-07,2026-07-08,2026-07-08,V5,03dd9a58d348d973,03dd9a58d348d973,false,none,0,,,false,,false
forward_poll_2026h2,NCFFF,2026-07,2026-07-12,2026-07-12,V5,03dd9a58d348d973,03dd9a58d348d973,false,none,0,,,false,,false
forward_poll_2026h2,NCFFF,2026-07,2026-07-14,2026-07-14,V5,03dd9a58d348d973,03dd9a58d348d973,false,none,0,,,false,,false
forward_poll_2026h2,NCFFF,2026-07,2026-07-15,2026-07-15,V5,03dd9a58d348d973,03dd9a58d348d973,false,none,0,,,false,,false
forward_poll_2026h2,NCFFF,2026-07,2026-07-16,2026-07-16,V5,03dd9a58d348d973,03dd9a58d348d973,false,none,0,,,false,,false
forward_poll_2026h2,NCFFF,2026-07,2026-07-20,2026-07-20,V5,03dd9a58d348d973,03dd9a58d348d973,false,none,0,,,false,,false
forward_poll_2026h2,NCFFF,2026-07,2026-07-21,2026-07-21,V5,03dd9a58d348d973,03dd9a58d348d973,false,none,0,,,false,,false
forward_poll_2026h2,NCFFF,2026-07,2026-07-22,2026-07-22,V5,03dd9a58d348d973,03dd9a58d348d973,false,none,0,,,false,,false
forward_poll_2026h2,NCFFF,2026-07,2026-07-23,2026-07-23,V5,03dd9a58d348d973,03dd9a58d348d973,false,none,0,,,false,,false
forward_poll_2026h2,NCFFF,2026-07,2026-07-26,2026-07-26,V5,03dd9a58d348d973,03dd9a58d348d973,false,none,0,,,false,,false
forward_poll_2026h2,NCFFF,2026-07,2026-07-28,2026-07-28,V5,03dd9a58d348d973,03dd9a58d348d973,false,none,0,,,false,,false
forward_poll_2026h2,NCFFF,2026-07,2026-07-29,2026-07-29,V5,03dd9a58d348d973,03dd9a58d348d973,false,none,0,,,false,,false
forward_poll_2026h2,NCFFF,2026-07,2026-07-30,2026-07-30,V5,03dd9a58d348d973,03dd9a58d348d973,false,none,0,,,false,,false
forward_poll_2026h2,NCFFF,2026-08,2026-08-03,2026-08-03,V5,03dd9a58d348d973,03dd9a58d348d973,false,none,0,,,false,,false
forward_poll_2026h2,NCLH,2026-07,2026-07-30,2026-08-02,V5,b4aa3a98ac0a1f9c,b4aa3a98ac0a1f9c,false,none,0,true,true,false,false,false
forward_poll_2026h2,NCPCF,2026-07,2026-07-31,2026-07-31,V5,3cec174f302dbcaa,3cec174f302dbcaa,false,none,0,,,false,,true
forward_poll_2026h2,NCSM,2026-07,2026-07-30,2026-07-30,V3,d4def2068ca776bf,d4def2068ca776bf,false,none,0,false,false,false,false,false
forward_poll_2026h2,NCTKF,2026-07,2026-07-31,2026-07-31,V3,4ec8246e53cbc2e2,4ec8246e53cbc2e2,false,none,0,true,true,false,false,false
forward_poll_2026h2,NDAQ,2026-07,2026-07-23,2026-07-30,V5,ffcd6f81f2498746,ffcd6f81f2498746,false,none,0,false,false,false,false,false
forward_poll_2026h2,NDBKF,2026-08,2026-08-05,2026-08-05,V5,37bdf31419eea363,37bdf31419eea363,false,none,0,false,false,false,false,false
forward_poll_2026h2,NDEKF,2026-07,2026-07-28,2026-07-28,V3,f0b6370a5c32564b,7c1ef9b72853444b,true,down,"(0,0.01)",false,false,false,false,false
forward_poll_2026h2,NDEKY,2026-07,2026-07-28,2026-07-28,V3,1fa4d50ea497176c,1fa4d50ea497176c,false,none,0,false,false,false,false,false
forward_poll_2026h2,NDLS,2026-07,2026-07-24,2026-07-24,V5,6cc2d69c7896296b,6cc2d69c7896296b,false,none,0,true,true,false,false,false
forward_poll_2026h2,NDMCF,2026-05,2026-06-05,2026-06-05,V5,3b04ae6f7860a2b3,3b04ae6f7860a2b3,false,none,0,,,false,,true
forward_poll_2026h2,NE,2026-07,2026-07-27,2026-07-27,V5,9515bb9c364581c9,9515bb9c364581c9,false,none,0,false,false,false,false,false
forward_poll_2026h2,NECB,2026-07,2026-07-24,2026-07-24,V3,e1865e2adca19cfe,e1865e2adca19cfe,false,none,0,false,false,false,false,false
forward_poll_2026h2,NEE,2026-07,2026-07-24,2026-07-26,V5,d327b56c9ff4d10b,d327b56c9ff4d10b,false,none,0,false,false,false,false,true
forward_poll_2026h2,NEE,2026-07,2026-07-25,2026-07-28,V5,e74b4606ebf95b35,d327b56c9ff4d10b,true,up,"[0.05,0.25)",false,false,false,false,false
forward_poll_2026h2,NEM,2026-07,2026-07-23,2026-07-26,V5,76d3e31c9a0347b2,76d3e31c9a0347b2,false,none,0,false,false,false,false,false
forward_poll_2026h2,NEMTF,2026-07,2026-07-31,2026-08-01,V3,acee3f90da2be856,b95cfb4f706d6c32,true,down,"(0,0.01)",true,true,false,false,false
forward_poll_2026h2,NENTF,2026-07,2026-07-18,2026-07-20,V3,e869a5be5a4d5b67,f2f1ce2a3ba8b215,true,down,"(0,0.01)",,,false,,false
forward_poll_2026h2,NEO,2026-07,2026-07-28,2026-08-02,V5,1895338ab15001b2,1895338ab15001b2,false,none,0,true,true,false,false,false
forward_poll_2026h2,NEOG,2026-07,2026-07-30,2026-08-02,V5,8f74a95e05cfa7ea,8f74a95e05cfa7ea,false,none,0,true,true,false,false,false
forward_poll_2026h2,NEOJF,2026-06,2026-06-11,2026-06-11,V5,a2be3145395c2691,74b235c38f60376a,true,down,"(0,0.01)",,,false,,false
forward_poll_2026h2,NEPH,2026-08,2026-08-05,2026-08-05,V5,2fee913c6f99713c,2fee913c6f99713c,false,none,0,false,false,false,false,false
forward_poll_2026h2,NEU,2026-07,2026-07-29,2026-07-29,V5,22a301806fd75be5,22a301806fd75be5,false,none,0,,,false,,false
forward_poll_2026h2,NEWH,2026-08,2026-08-04,2026-08-04,V5,9f0bda197971b524,9f0bda197971b524,false,none,0,,,false,,false
forward_poll_2026h2,NEXM,2026-06,2026-06-11,2026-06-11,V3,7c4a86a87cd1fa94,7c4a86a87cd1fa94,false,none,0,true,true,false,false,false
forward_poll_2026h2,NEXPF,2026-07,2026-07-31,2026-07-31,V3,7e850dc79865dcaf,7e850dc79865dcaf,false,none,0,false,false,false,false,true
forward_poll_2026h2,NEXT,2026-07,2026-07-30,2026-08-02,V3,9a049695a0e61dc3,460b96df5e53dd58,true,up,"[0.25,1.00)",false,true,true,true,false
forward_poll_2026h2,NFG,2026-07,2026-07-29,2026-07-31,V5,5042ffaddd4f32de,5042ffaddd4f32de,false,none,0,false,false,false,false,false
forward_poll_2026h2,NFLX,2026-07,2026-07-17,2026-07-22,V5,08171b71cc30d411,08171b71cc30d411,false,none,0,false,false,false,false,false
forward_poll_2026h2,NFPDF,2026-08,2026-08-04,2026-08-04,V3,0a515cf0485eff66,74caf505714f19c0,true,down,"(0,0.01)",true,true,false,false,false
forward_poll_2026h2,NG,2026-06,2026-06-24,2026-06-24,V3,aad43cd25da5c397,aad43cd25da5c397,false,none,0,false,false,false,false,false
forward_poll_2026h2,NGKIF,2026-07,2026-07-30,2026-07-30,V3,24fc63771aeda48e,24fc63771aeda48e,false,none,0,true,true,false,false,false
forward_poll_2026h2,NGL,2026-08,2026-08-04,2026-08-04,V3,aa124ac491516d00,aa124ac491516d00,false,none,0,true,true,false,false,false
forward_poll_2026h2,NGL-PB,2026-08,2026-08-05,2026-08-05,V3,f2f8218757b37439,f2f8218757b37439,false,none,0,true,true,false,false,false
forward_poll_2026h2,NGL-PC,2026-08,2026-08-05,2026-08-05,V3,eb9781eb4e3e2fa5,eb9781eb4e3e2fa5,false,none,0,true,true,false,false,false
forward_poll_2026h2,NGLOY,2026-07,2026-07-30,2026-08-01,V3,ba3f52ba633f3274,ba3f52ba633f3274,false,none,0,false,false,false,false,false
forward_poll_2026h2,NGMDF,2026-06,2026-06-05,2026-06-05,V5,6b32639b53e50c1c,6b32639b53e50c1c,false,none,0,,,false,,true
forward_poll_2026h2,NGPHF,2026-06,2026-06-07,2026-06-07,V5,24e7b6f6f258c93c,24e7b6f6f258c93c,false,none,0,,,false,,true
forward_poll_2026h2,NGVT,2026-07,2026-07-29,2026-08-01,V3,cef284ab34fae939,cef284ab34fae939,false,none,0,true,true,false,false,false
forward_poll_2026h2,NHFOF,2026-08,2026-08-03,2026-08-03,V3,060776ec3d548eb8,edc494a3b02d1169,true,up,"(0,0.01)",false,false,false,false,false
forward_poll_2026h2,NHHHF,2026-06,2026-06-05,2026-06-05,V5,6f6494bf1315a54e,6f6494bf1315a54e,false,none,0,,,false,,true
forward_poll_2026h2,NHMAF,2026-07,2026-07-30,2026-07-30,V3,9d47e76e265b5f1e,9d47e76e265b5f1e,false,none,0,,,false,,false
forward_poll_2026h2,NHOXF,2026-07,2026-07-17,2026-07-17,V3,e05fa5a4a275b9c6,4b790b2e4b1eb21d,true,down,"(0,0.01)",false,false,false,true,false
forward_poll_2026h2,NHTC,2026-07,2026-07-29,2026-08-03,V5,84ca386f77bcc96f,84ca386f77bcc96f,false,none,0,,,false,,false
forward_poll_2026h2,NHYDY,2026-07,2026-07-22,2026-07-22,V3,c737cd7c401361ee,ebfdb8ea698347a9,true,up,"(0,0.01)",true,true,false,false,false
forward_poll_2026h2,NHYKF,2026-07,2026-07-22,2026-07-22,V3,1428808a63cf3815,1428808a63cf3815,false,none,0,true,true,false,false,false
forward_poll_2026h2,NIC,2026-07,2026-07-21,2026-07-21,V5,6a0dc1ec65417a8a,6a0dc1ec65417a8a,false,none,0,false,false,false,false,false
forward_poll_2026h2,NICE,2026-08,2026-08-05,2026-08-05,V5,9b6ca82164d06baa,9b6ca82164d06baa,false,none,0,false,false,false,false,false
forward_poll_2026h2,NICFF,2026-08,2026-08-04,2026-08-04,V5,069e725813bab97b,069e725813bab97b,false,none,0,,,false,,false
forward_poll_2026h2,NICH,2026-07,2026-07-16,2026-07-16,V3,61aaaa1db1979234,61aaaa1db1979234,false,none,0,,,false,,true
forward_poll_2026h2,NIDB,2026-07,2026-07-28,2026-07-28,V5,ff48c0c2728cd54c,ff48c0c2728cd54c,false,none,0,,,false,,false
forward_poll_2026h2,NINTF,2026-06,2026-06-05,2026-06-05,V5,95a615ee6eafbbee,95a615ee6eafbbee,false,none,0,,,false,,true
forward_poll_2026h2,NIOCF,2026-06,2026-06-05,2026-06-05,V5,23c655952f8053f0,23c655952f8053f0,false,none,0,,,false,,true
forward_poll_2026h2,NIPNF,2026-07,2026-07-29,2026-08-03,V3,a8b327d2178409a2,a8b327d2178409a2,false,none,0,true,true,false,false,false
forward_poll_2026h2,NISTF,2026-08,2026-08-04,2026-08-04,V3,e0b8c370cb749482,5a3a2aafa9d97de9,true,down,"(0,0.01)",false,false,false,false,false
forward_poll_2026h2,NIUWF,2026-07,2026-07-16,2026-07-16,V5,6db194bd8e4d1136,5682822950bbfb62,true,up,"(0,0.01)",false,false,false,false,false
forward_poll_2026h2,NIVF,2026-06,2026-07-04,2026-07-06,V3,f0f2c5f9cc42beef,7678aa65a4ee1d39,true,down,>=1.00,false,false,false,false,true
forward_poll_2026h2,NIVF,2026-07,2026-07-29,2026-07-29,V3,7678aa65a4ee1d39,7678aa65a4ee1d39,false,none,0,false,false,false,false,false
forward_poll_2026h2,NJMVF,2026-07,2026-07-28,2026-07-30,V5,add4df299627ca5d,53fa085c9239cb45,true,down,"[0.05,0.25)",,,false,,false
forward_poll_2026h2,NJR,2026-08,2026-08-03,2026-08-03,V3,b15d87c5e42e8dc8,b15d87c5e42e8dc8,false,none,0,true,true,false,false,false
forward_poll_2026h2,NKE,2026-06,2026-07-04,2026-07-07,V5,8612819c6fc47892,1922372a61e97926,true,down,"[0.25,1.00)",true,true,false,false,true
forward_poll_2026h2,NKLR,2026-06,2026-06-05,2026-06-05,V3,cfa90f56473ece79,cfa90f56473ece79,false,none,0,false,false,false,false,true
forward_poll_2026h2,NKLR,2026-06,2026-06-16,2026-06-16,V3,015e55d6f46de1f3,015e55d6f46de1f3,false,none,0,true,true,false,false,false
forward_poll_2026h2,NKLR,2026-06,2026-06-21,2026-06-21,V3,015e55d6f46de1f3,015e55d6f46de1f3,false,none,0,true,true,false,false,false
forward_poll_2026h2,NKLR,2026-06,2026-06-23,2026-06-23,V3,015e55d6f46de1f3,015e55d6f46de1f3,false,none,0,true,true,false,false,false
forward_poll_2026h2,NKLR,2026-06,2026-06-24,2026-06-24,V3,015e55d6f46de1f3,015e55d6f46de1f3,false,none,0,true,true,false,false,false
forward_poll_2026h2,NKLR,2026-07,2026-07-04,2026-07-04,V3,bf1f2c4edeeebf35,bf1f2c4edeeebf35,false,none,0,false,false,false,false,true
forward_poll_2026h2,NKOSF,2026-06,2026-06-05,2026-06-05,V5,2dfc52504a6a2201,2dfc52504a6a2201,false,none,0,,,false,,true
forward_poll_2026h2,NKRKF,2026-07,2026-07-18,2026-07-18,V3,57f8f2d82f8e8ceb,57f8f2d82f8e8ceb,false,none,0,false,false,false,false,false
forward_poll_2026h2,NKSH,2026-07,2026-07-23,2026-07-23,V3,3eaadaf2bbb9d109,3eaadaf2bbb9d109,false,none,0,false,false,false,false,false
forward_poll_2026h2,NLGCF,2026-06,2026-06-05,2026-06-05,V5,c06a6f19513eee5b,c06a6f19513eee5b,false,none,0,,,false,,true
forward_poll_2026h2,NLLSF,2026-07,2026-07-16,2026-07-16,V3,9d06a8a9d46a50a9,444110f37e082417,true,down,"(0,0.01)",false,false,false,false,false
forward_poll_2026h2,NLST,2026-07,2026-07-30,2026-08-02,V3,feac9ada1703af58,feac9ada1703af58,false,none,0,true,false,true,true,false
forward_poll_2026h2,NLTBF,2026-07,2026-07-18,2026-07-22,V3,4b77e2d109fbba8e,3ec02c56ec120f1b,true,down,"(0,0.01)",false,false,false,false,false
forward_poll_2026h2,NLY,2026-07,2026-07-21,2026-07-28,V5,8becc65c71ebc04d,8becc65c71ebc04d,false,none,0,false,false,false,false,false
forward_poll_2026h2,NLY-PF,2026-07,2026-07-22,2026-07-22,V3,4b849cd46fcfe5b6,4b849cd46fcfe5b6,false,none,0,true,true,false,false,false
forward_poll_2026h2,NLY-PG,2026-07,2026-07-22,2026-07-22,V3,26ac5c37787fcedc,26ac5c37787fcedc,false,none,0,true,true,false,false,false
forward_poll_2026h2,NLY-PI,2026-07,2026-07-22,2026-07-22,V3,f98aea015f6af3a3,f98aea015f6af3a3,false,none,0,true,true,false,false,false
forward_poll_2026h2,NMAKF,2026-07,2026-07-22,2026-07-27,V3,409c46dd6d5760e9,af12eb0d2c18024d,true,up,"(0,0.01)",false,true,true,true,false
forward_poll_2026h2,NMEHF,2026-07,2026-07-30,2026-07-30,V3,285c2e837519dbec,285c2e837519dbec,false,none,0,false,false,false,false,false
forward_poll_2026h2,NMEX,2026-06,2026-06-16,2026-06-16,V5,48bde4e702aee44c,48bde4e702aee44c,false,none,0,,,false,,false
forward_poll_2026h2,NMFC,2026-08,2026-08-03,2026-08-04,V5,1d6323bf7bdef087,1d6323bf7bdef087,false,none,0,false,false,false,false,false
forward_poll_2026h2,NMFCZ,2026-08,2026-08-03,2026-08-03,V3,5924f2564e9ec66f,5924f2564e9ec66f,false,none,0,false,false,false,false,false
forward_poll_2026h2,NMIH,2026-07,2026-07-30,2026-08-01,V5,370008316b50a5f9,370008316b50a5f9,false,none,0,false,false,false,false,false
forward_poll_2026h2,NMR,2026-07,2026-07-29,2026-07-29,V3,8091e74f2d424d9e,8091e74f2d424d9e,false,none,0,true,true,false,false,false
forward_poll_2026h2,NMREF,2026-07,2026-07-25,2026-07-28,V5,addc99ae05d0988d,addc99ae05d0988d,false,none,0,,,false,,true
forward_poll_2026h2,NMRK,2026-07,2026-07-29,2026-07-30,V5,963ca360c363a1d5,963ca360c363a1d5,false,none,0,false,false,false,false,false
forward_poll_2026h2,NMYSF,2026-06,2026-07-04,2026-07-04,V5,48ba0adc40b2851c,48ba0adc40b2851c,false,none,0,,,false,,true
forward_poll_2026h2,NNRHF,2026-07,2026-07-29,2026-07-29,V3,7081f459b9d5ec66,7081f459b9d5ec66,false,none,0,false,false,false,false,true
forward_poll_2026h2,NNWWF,2026-06,2026-06-10,2026-06-10,V3,fd5668bf009286b6,9d2933d96dea065f,true,down,"(0,0.01)",false,false,false,false,false
forward_poll_2026h2,NOBH,2026-06,2026-06-15,2026-06-15,V5,e48d74c09889e0db,e48d74c09889e0db,false,none,0,,,false,,true
forward_poll_2026h2,NOC,2026-07,2026-07-21,2026-07-28,V5,a281f925661ed444,a281f925661ed444,false,none,0,true,true,false,false,false
forward_poll_2026h2,NODB,2026-07,2026-07-24,2026-07-24,V5,26a14caa3bb5f731,26a14caa3bb5f731,false,none,0,,,false,,false
forward_poll_2026h2,NOFCF,2026-08,2026-08-05,2026-08-05,V5,d564a3609485afe0,d564a3609485afe0,false,none,0,,,false,,false
forward_poll_2026h2,NOK,2026-07,2026-07-23,2026-07-29,V5,992991cf24c05c56,0ec899913f08a256,true,up,"(0,0.01)",true,true,false,false,false
forward_poll_2026h2,NOKBF,2026-07,2026-07-23,2026-07-23,V3,ec5b76d81a3b77c9,ab8f9467368cbde5,true,down,"(0,0.01)",true,true,false,false,false
forward_poll_2026h2,NOMNF,2026-05,2026-06-05,2026-06-05,V5,4ba9025a52b99301,4ba9025a52b99301,false,none,0,,,false,,true
forward_poll_2026h2,NONOF,2026-08,2026-08-05,2026-08-05,V3,8751750f37a6d0d0,8751750f37a6d0d0,false,none,0,true,true,false,false,false
forward_poll_2026h2,NORD,2026-07,2026-07-17,2026-07-17,V5,49b758671f1fb67d,49b758671f1fb67d,false,none,0,,,false,,true
forward_poll_2026h2,NOV,2026-07,2026-07-28,2026-08-04,V5,341def5ed2657d0a,341def5ed2657d0a,false,none,0,true,true,false,false,false
forward_poll_2026h2,NOW,2026-07,2026-07-22,2026-07-26,V5,fa3b516017deb033,fa3b516017deb033,false,none,0,false,false,false,false,false
forward_poll_2026h2,NP,2026-07,2026-07-21,2026-07-23,V5,18a94b5040776805,18a94b5040776805,false,none,0,false,false,false,false,false
forward_poll_2026h2,NPB,2026-07,2026-07-22,2026-07-22,V5,2b57beb61522d8cf,585e844091b5fb9d,true,up,"[0.25,1.00)",false,false,false,false,false
forward_poll_2026h2,NPEGF,2026-07,2026-07-31,2026-07-31,V5,4f1abe8c391f9030,d11974194bff941b,true,up,"(0,0.01)",,,false,,false
forward_poll_2026h2,NPKI,2026-07,2026-07-29,2026-07-29,V5,03d1d0f3bba5afb2,03d1d0f3bba5afb2,false,none,0,true,true,false,false,false
forward_poll_2026h2,NPKYF,2026-08,2026-08-03,2026-08-03,V5,f5f71895f247e716,3dd8a95b36bee1f1,true,up,"(0,0.01)",,,false,,false
forward_poll_2026h2,NPNYY,2026-08,2026-08-05,2026-08-05,V5,f744d0b366c00838,f744d0b366c00838,false,none,0,,,false,,false
forward_poll_2026h2,NPO,2026-08,2026-08-04,2026-08-04,V5,bf25f09a20bcdbec,bf25f09a20bcdbec,false,none,0,false,false,false,false,false
forward_poll_2026h2,NPONF,2026-07,2026-07-17,2026-07-17,V5,4209c79aa80d5d5b,4209c79aa80d5d5b,false,none,0,false,false,false,false,false
forward_poll_2026h2,NPPTF,2026-07,2026-08-01,2026-08-03,V3,1e8113c0bca4bde0,aa710ff3cb73ce8c,true,down,"(0,0.01)",,,false,,false
forward_poll_2026h2,NPSCY,2026-08,2026-08-04,2026-08-04,V3,f25180bf4e159d54,f25180bf4e159d54,false,none,0,false,false,false,false,false
forward_poll_2026h2,NPSKF,2026-07,2026-07-30,2026-07-30,V3,4bfecd9af7784eeb,4bfecd9af7784eeb,false,none,0,true,true,false,false,false
forward_poll_2026h2,NPSKY,2026-07,2026-07-30,2026-07-30,V3,69bcc413b05c94e2,69bcc413b05c94e2,false,none,0,true,true,false,false,false
forward_poll_2026h2,NPSNY,2026-06,2026-07-04,2026-07-04,V3,ff5bc78c716e6e68,ff5bc78c716e6e68,false,none,0,,,false,,true
forward_poll_2026h2,NPTVF,2026-07,2026-07-31,2026-07-31,V5,3bd2128cf7cf329f,d182e60cca90155c,true,down,"(0,0.01)",,,false,,false
forward_poll_2026h2,NRC,2026-07,2026-07-28,2026-08-02,V5,f5426bcc364e11ff,f5426bcc364e11ff,false,none,0,true,true,false,false,false
forward_poll_2026h2,NRDBY,2026-07,2026-07-16,2026-07-17,V3,a31d30ae6b74bdab,c9f47a19fb162214,true,up,"(0,0.01)",true,true,false,false,false
forward_poll_2026h2,NRDXF,2026-07,2026-07-30,2026-07-31,V3,b19e70f36883b0c4,b19e70f36883b0c4,false,none,0,false,true,true,true,false
forward_poll_2026h2,NRG,2026-08,2026-08-04,2026-08-04,V3,1e84723dd6e9ae85,1e84723dd6e9ae85,false,none,0,false,false,false,false,false
forward_poll_2026h2,NRILY,2026-07,2026-07-30,2026-08-02,V3,38a9913246a2e431,38a9913246a2e431,false,none,0,false,false,false,false,false
forward_poll_2026h2,NRIM,2026-07,2026-07-23,2026-07-23,V3,012a4b5911cde533,012a4b5911cde533,false,none,0,true,true,false,false,false
forward_poll_2026h2,NRIX,2026-07,2026-07-10,2026-07-10,V5,bbaf74b52f639530,bbaf74b52f639530,false,none,0,false,false,false,false,false
forward_poll_2026h2,NROM,2026-06,2026-07-04,2026-07-04,V5,da830da71f624927,da830da71f624927,false,none,0,,,false,,true
forward_poll_2026h2,NRSCF,2026-07,2026-07-29,2026-07-29,V3,23a2ca8bd5cb8eae,23a2ca8bd5cb8eae,false,none,0,true,true,false,false,false
forward_poll_2026h2,NRT,2026-06,2026-06-07,2026-06-07,V5,8fddfc216a1c308f,8fddfc216a1c308f,false,none,0,,,false,,true
forward_poll_2026h2,NRUNF,2026-06,2026-06-05,2026-06-05,V5,e4af3ef294efa345,e4af3ef294efa345,false,none,0,,,false,,true
forward_poll_2026h2,NRWRF,2026-06,2026-06-06,2026-06-06,V5,f9504b287a39f7ec,f9504b287a39f7ec,false,none,0,,,false,,true
forward_poll_2026h2,NRZ-PB,2026-08,2026-08-04,2026-08-04,V5,c12a9b72fc46259c,c12a9b72fc46259c,false,none,0,false,false,false,false,false
forward_poll_2026h2,NSANF,2026-08,2026-08-03,2026-08-03,V3,9cba8fb78f948456,f3a10d303e9b9d98,true,up,"(0,0.01)",true,true,false,false,false
forward_poll_2026h2,NSANY,2026-08,2026-08-03,2026-08-03,V3,55932f216f03eaf4,55932f216f03eaf4,false,none,0,true,true,false,false,false
forward_poll_2026h2,NSARO,2026-08,2026-08-04,2026-08-04,V5,62b5993a1874a609,62b5993a1874a609,false,none,0,,,false,,false
forward_poll_2026h2,NSARP,2026-08,2026-08-04,2026-08-04,V5,c8ece66d8594bfe8,c8ece66d8594bfe8,false,none,0,,,false,,false
forward_poll_2026h2,NSC,2026-07,2026-07-23,2026-07-26,V5,c2c6eb12c46cd618,c2c6eb12c46cd618,false,none,0,false,false,false,false,false
forward_poll_2026h2,NSFMF,2026-07,2026-07-30,2026-08-03,V3,42938b088e1c4e4e,9403f84663547c99,true,up,"(0,0.01)",true,true,false,false,false
forward_poll_2026h2,NSHRF,2026-06,2026-06-05,2026-06-05,V5,435a75df472915c0,435a75df472915c0,false,none,0,,,false,,false
forward_poll_2026h2,NSKFF,2026-07,2026-07-12,2026-07-14,V3,3570f5dcaaa8389d,110bfac5b5058133,true,up,"[0.01,0.05)",true,true,false,false,false
forward_poll_2026h2,NSLYF,2026-07,2026-07-29,2026-07-29,V3,3882d78ae4a3be00,1dd04773f735eb22,true,down,"(0,0.01)",false,false,false,false,false
forward_poll_2026h2,NSNHF,2026-08,2026-08-04,2026-08-04,V5,10be2ff8e5860ac3,10be2ff8e5860ac3,false,none,0,,,false,,false
forward_poll_2026h2,NSP,2026-07,2026-07-29,2026-08-04,V5,3b72f686e5c75b23,3b72f686e5c75b23,false,none,0,false,false,false,false,false
forward_poll_2026h2,NSRGF,2026-07,2026-07-23,2026-07-29,V3,bc437af4975883ea,2ae787c83820a604,true,down,>=1.00,true,false,true,true,false
forward_poll_2026h2,NSRGY,2026-07,2026-07-23,2026-07-29,V3,e458b084490be7ab,fd53d0e2c35511ae,true,down,"[0.01,0.05)",true,true,false,false,false
forward_poll_2026h2,NSSXF,2026-08,2026-08-04,2026-08-04,V3,2a875af4e3dfb9f1,2a875af4e3dfb9f1,false,none,0,false,false,false,false,false
forward_poll_2026h2,NTB,2026-07,2026-07-27,2026-07-27,V3,374fd28a2b7ebf1b,671d1dba20bc5fda,true,down,"[0.25,1.00)",true,false,true,true,false
forward_poll_2026h2,NTIC,2026-07,2026-07-10,2026-07-10,V3,e3e979f95ba20df7,e3e979f95ba20df7,false,none,0,false,false,false,false,false
forward_poll_2026h2,NTOIF,2026-07,2026-07-24,2026-07-24,V3,da099fc47b8d9ad8,da099fc47b8d9ad8,false,none,0,false,false,false,false,false
forward_poll_2026h2,NTOIY,2026-07,2026-07-24,2026-07-24,V3,0e1f0a796fbb6b42,0e1f0a796fbb6b42,false,none,0,true,true,false,false,false
forward_poll_2026h2,NTRB,2026-06,2026-06-12,2026-06-12,V3,2d987a1213b5f221,2d987a1213b5f221,false,none,0,,,false,,false
forward_poll_2026h2,NTRB,2026-06,2026-06-12,2026-06-12,V3,2d987a1213b5f221,2d987a1213b5f221,false,none,0,,,false,,false
forward_poll_2026h2,NTRBW,2026-06,2026-06-13,2026-06-13,V3,3f3bcbe024f69a9c,3f3bcbe024f69a9c,false,none,0,,,false,,true
forward_poll_2026h2,NTRP,2026-05,2026-06-05,2026-06-05,V3,40713814e45efb86,40713814e45efb86,false,none,0,false,false,false,false,true
forward_poll_2026h2,NTRP,2026-07,2026-07-16,2026-07-21,V3,e1e77aad0b20de0a,e1e77aad0b20de0a,false,none,0,false,false,false,false,false
forward_poll_2026h2,NTRS,2026-07,2026-07-22,2026-07-26,V5,53f916185abe583a,cd5bb75b4a1f0d3f,true,down,>=1.00,true,false,true,false,false
forward_poll_2026h2,NTRSO,2026-07,2026-07-22,2026-07-23,V3,3506232c9e6cb847,04f4edb36006efe9,true,down,>=1.00,true,true,false,false,false
forward_poll_2026h2,NTSK,2026-06,2026-06-05,2026-06-06,V5,74bac75bc5e9730f,74bac75bc5e9730f,false,none,0,true,true,false,false,true
forward_poll_2026h2,NTST,2026-07,2026-07-22,2026-07-23,V5,c8258341ba60ad4c,9eb002c05019d512,true,down,"[0.25,1.00)",true,false,true,true,false
forward_poll_2026h2,NUCL,2026-07,2026-07-21,2026-07-21,V5,0431083c75ee1fe6,0431083c75ee1fe6,false,none,0,,,false,,false
forward_poll_2026h2,NUE,2026-07,2026-07-27,2026-08-03,V5,374008733f2907a1,374008733f2907a1,false,none,0,false,false,false,false,false
forward_poll_2026h2,NURAF,2026-07,2026-07-30,2026-07-30,V3,ab537ab1a112d26f,ab537ab1a112d26f,false,none,0,false,false,false,false,false
forward_poll_2026h2,NVCR,2026-07,2026-07-23,2026-07-23,V5,4079bac4f76771ed,4079bac4f76771ed,false,none,0,true,true,false,false,false
forward_poll_2026h2,NVCT,2026-08,2026-08-04,2026-08-04,V5,36922524b179a3cd,36922524b179a3cd,false,none,0,false,false,false,false,false
forward_poll_2026h2,NVEC,2026-07,2026-07-22,2026-07-22,V5,8e51f2fd6fbfadd3,8e51f2fd6fbfadd3,false,none,0,,,false,,false
forward_poll_2026h2,NVGS,2026-08,2026-08-04,2026-08-04,V3,9124132a6d179fe7,9124132a6d179fe7,false,none,0,true,true,false,false,false
forward_poll_2026h2,NVNO,2026-07,2026-07-30,2026-07-30,V3,6a69737d80e2e1f0,6a69737d80e2e1f0,false,none,0,false,false,false,false,false
forward_poll_2026h2,NVO,2026-08,2026-08-04,2026-08-05,V5,556cebb4c1e82de3,556cebb4c1e82de3,false,none,0,true,true,false,false,false
forward_poll_2026h2,NVRVF,2026-06,2026-06-05,2026-06-05,V5,63a2f8d64d19bf24,63a2f8d64d19bf24,false,none,0,,,false,,true
forward_poll_2026h2,NVS,2026-07,2026-07-21,2026-07-22,V5,d6cce20f73a52077,d6cce20f73a52077,false,none,0,false,true,true,false,false
forward_poll_2026h2,NVSEF,2026-07,2026-07-21,2026-07-21,V3,6602d2bfdc596932,6602d2bfdc596932,false,none,0,true,true,false,false,false
forward_poll_2026h2,NVSGF,2026-06,2026-06-05,2026-06-05,V5,591498fb5cc7df11,591498fb5cc7df11,false,none,0,,,false,,true
forward_poll_2026h2,NVT,2026-07,2026-07-31,2026-08-02,V5,d4986825bd00801d,d4986825bd00801d,false,none,0,true,true,false,false,false
forward_poll_2026h2,NVTS,2026-07,2026-07-27,2026-07-28,V5,7d2587b96a16de57,7d2587b96a16de57,false,none,0,false,false,false,false,false
forward_poll_2026h2,NVVE,2026-07,2026-07-16,2026-07-16,V3,ceb7a2253831fd82,ceb7a2253831fd82,false,none,0,true,true,false,false,false
forward_poll_2026h2,NVVEW,2026-07,2026-07-16,2026-07-16,V3,a62d60b493b1fac4,a62d60b493b1fac4,false,none,0,,,false,,false
forward_poll_2026h2,NWARF,2026-07,2026-07-15,2026-07-15,V3,42bf5382e0d16ce1,12a2725094f6e7d4,true,up,"[0.05,0.25)",false,false,false,false,false
forward_poll_2026h2,NWBI,2026-07,2026-07-27,2026-07-27,V5,308a3dc76f5b44aa,308a3dc76f5b44aa,false,none,0,true,true,false,false,false
forward_poll_2026h2,NWE,2026-07,2026-07-29,2026-08-01,V5,0758241ef92480de,0758241ef92480de,false,none,0,true,true,false,false,false
forward_poll_2026h2,NWFL,2026-07,2026-07-22,2026-07-22,V5,ae314076a87de9be,ae314076a87de9be,false,none,0,false,false,false,false,false
forward_poll_2026h2,NWG,2026-07,2026-07-31,2026-07-31,V3,047360e804a23529,047360e804a23529,false,none,0,true,true,false,false,false
forward_poll_2026h2,NWINF,2026-07,2026-07-24,2026-07-24,V5,7a61e9499d3bca44,7a61e9499d3bca44,false,none,0,,,false,,false
forward_poll_2026h2,NWL,2026-07,2026-07-31,2026-08-02,V5,52f368a9321aea80,52f368a9321aea80,false,none,0,true,true,false,false,false
forward_poll_2026h2,NWPIF,2026-07,2026-08-01,2026-08-01,V5,b1e8312968b2e246,b1e8312968b2e246,false,none,0,,,false,,true
forward_poll_2026h2,NWPX,2026-07,2026-07-29,2026-07-29,V3,fe0aa92847df70a4,fe0aa92847df70a4,false,none,0,true,true,false,false,false
forward_poll_2026h2,NWXPF,2026-06,2026-06-24,2026-06-24,V5,92a7cf567e17f491,92a7cf567e17f491,false,none,0,,,false,,false
forward_poll_2026h2,NX,2026-06,2026-06-05,2026-06-05,V5,d0ca945ca105c1a5,1284369286af104d,true,up,"[0.05,0.25)",false,true,true,true,false
forward_poll_2026h2,NXDR,2026-08,2026-08-04,2026-08-04,V3,f943b182ba557476,f943b182ba557476,false,none,0,true,true,false,false,false
forward_poll_2026h2,NXE,2026-08,2026-08-05,2026-08-05,V3,855ba9cb6d7b838f,855ba9cb6d7b838f,false,none,0,true,true,false,false,false
forward_poll_2026h2,NXPI,2026-07,2026-07-28,2026-07-31,V5,64f3fb4249725577,64f3fb4249725577,false,none,0,false,false,false,false,false
forward_poll_2026h2,NXPRF,2026-07,2026-07-30,2026-07-30,V5,1488269876fe4e7f,1488269876fe4e7f,false,none,0,false,false,false,false,false
forward_poll_2026h2,NXRT,2026-08,2026-08-04,2026-08-04,V3,e1d5d0da6f35bbe5,7db55d858f39d846,true,down,>=1.00,true,true,false,false,false
forward_poll_2026h2,NXT,2026-07,2026-07-30,2026-08-01,V5,ec63ccac7ebb3f36,ec63ccac7ebb3f36,false,none,0,true,true,false,false,false
forward_poll_2026h2,NXTT,2026-07,2026-07-24,2026-07-24,V5,e0404e02bbac4552,e0404e02bbac4552,false,none,0,,,false,,false
forward_poll_2026h2,NYMTO,2026-07,2026-08-04,2026-08-04,V5,9e440abed8f6317d,9e440abed8f6317d,false,none,0,,,false,,true
forward_poll_2026h2,NYUKF,2026-08,2026-08-05,2026-08-05,V3,069af7d48837a362,069af7d48837a362,false,none,0,true,true,false,false,false
forward_poll_2026h2,NZAUF,2026-06,2026-06-05,2026-06-05,V5,20f03b9f833065fd,20f03b9f833065fd,false,none,0,,,false,,false
forward_poll_2026h2,NZAUF,2026-06,2026-06-07,2026-06-07,V5,20f03b9f833065fd,20f03b9f833065fd,false,none,0,,,false,,false
forward_poll_2026h2,NZAUF,2026-06,2026-06-09,2026-06-09,V5,20f03b9f833065fd,20f03b9f833065fd,false,none,0,,,false,,false
forward_poll_2026h2,NZAUF,2026-06,2026-06-10,2026-06-10,V5,20f03b9f833065fd,20f03b9f833065fd,false,none,0,,,false,,false
forward_poll_2026h2,NZAUF,2026-06,2026-06-11,2026-06-11,V5,20f03b9f833065fd,20f03b9f833065fd,false,none,0,,,false,,false
forward_poll_2026h2,NZAUF,2026-06,2026-06-14,2026-06-14,V5,20f03b9f833065fd,20f03b9f833065fd,false,none,0,,,false,,false
forward_poll_2026h2,NZAUF,2026-06,2026-06-16,2026-06-16,V5,20f03b9f833065fd,20f03b9f833065fd,false,none,0,,,false,,false
forward_poll_2026h2,NZAUF,2026-06,2026-06-17,2026-06-17,V5,20f03b9f833065fd,20f03b9f833065fd,false,none,0,,,false,,false
forward_poll_2026h2,NZAUF,2026-06,2026-06-18,2026-06-18,V5,20f03b9f833065fd,20f03b9f833065fd,false,none,0,,,false,,false
forward_poll_2026h2,NZAUF,2026-06,2026-06-21,2026-06-21,V5,20f03b9f833065fd,20f03b9f833065fd,false,none,0,,,false,,false
forward_poll_2026h2,NZAUF,2026-06,2026-06-23,2026-06-23,V5,20f03b9f833065fd,20f03b9f833065fd,false,none,0,,,false,,false
forward_poll_2026h2,NZAUF,2026-06,2026-06-24,2026-06-24,V5,20f03b9f833065fd,20f03b9f833065fd,false,none,0,,,false,,false
forward_poll_2026h2,NZAUF,2026-06,2026-06-25,2026-06-25,V5,20f03b9f833065fd,20f03b9f833065fd,false,none,0,,,false,,false
forward_poll_2026h2,NZAUF,2026-07,2026-07-05,2026-07-05,V5,20f03b9f833065fd,20f03b9f833065fd,false,none,0,,,false,,false
forward_poll_2026h2,NZAUF,2026-07,2026-07-07,2026-07-07,V5,20f03b9f833065fd,20f03b9f833065fd,false,none,0,,,false,,false
forward_poll_2026h2,NZAUF,2026-07,2026-07-08,2026-07-08,V5,20f03b9f833065fd,20f03b9f833065fd,false,none,0,,,false,,false
forward_poll_2026h2,NZAUF,2026-07,2026-07-12,2026-07-12,V5,20f03b9f833065fd,20f03b9f833065fd,false,none,0,,,false,,false
forward_poll_2026h2,NZAUF,2026-07,2026-07-14,2026-07-14,V5,20f03b9f833065fd,20f03b9f833065fd,false,none,0,,,false,,false
forward_poll_2026h2,NZAUF,2026-07,2026-07-15,2026-07-15,V5,20f03b9f833065fd,20f03b9f833065fd,false,none,0,,,false,,false
forward_poll_2026h2,NZAUF,2026-07,2026-07-16,2026-07-16,V5,20f03b9f833065fd,20f03b9f833065fd,false,none,0,,,false,,false
forward_poll_2026h2,NZAUF,2026-07,2026-07-20,2026-07-20,V5,20f03b9f833065fd,20f03b9f833065fd,false,none,0,,,false,,false
forward_poll_2026h2,NZAUF,2026-07,2026-07-21,2026-07-21,V5,20f03b9f833065fd,20f03b9f833065fd,false,none,0,,,false,,false
forward_poll_2026h2,NZAUF,2026-07,2026-07-22,2026-07-22,V5,20f03b9f833065fd,20f03b9f833065fd,false,none,0,,,false,,false
forward_poll_2026h2,NZAUF,2026-07,2026-07-23,2026-07-23,V5,20f03b9f833065fd,20f03b9f833065fd,false,none,0,,,false,,false
forward_poll_2026h2,NZAUF,2026-07,2026-07-26,2026-07-26,V5,20f03b9f833065fd,20f03b9f833065fd,false,none,0,,,false,,false
forward_poll_2026h2,NZAUF,2026-07,2026-07-28,2026-07-28,V5,20f03b9f833065fd,20f03b9f833065fd,false,none,0,,,false,,false
forward_poll_2026h2,NZAUF,2026-07,2026-07-29,2026-07-29,V5,20f03b9f833065fd,20f03b9f833065fd,false,none,0,,,false,,false
forward_poll_2026h2,NZAUF,2026-07,2026-07-30,2026-07-30,V5,20f03b9f833065fd,20f03b9f833065fd,false,none,0,,,false,,false
forward_poll_2026h2,NZAUF,2026-08,2026-08-03,2026-08-03,V5,20f03b9f833065fd,20f03b9f833065fd,false,none,0,,,false,,false
forward_poll_2026h2,OBE,2026-07,2026-07-30,2026-08-01,V3,9955881be1bd63b1,9955881be1bd63b1,false,none,0,true,true,false,false,false
forward_poll_2026h2,OBICY,2026-07,2026-07-22,2026-07-22,V5,0f3d5212af1278f9,0f3d5212af1278f9,false,none,0,false,false,false,false,false
forward_poll_2026h2,OBIIF,2026-07,2026-07-22,2026-07-22,V3,508d186502a4a0c6,46d7171b49ead1ae,true,up,"(0,0.01)",true,true,false,false,false
forward_poll_2026h2,OBK,2026-07,2026-07-22,2026-07-22,V5,d140b1ab572855a7,d140b1ab572855a7,false,none,0,false,false,false,false,false
forward_poll_2026h2,OBT,2026-07,2026-07-28,2026-07-28,V5,acc4939a9fedd5c3,acc4939a9fedd5c3,false,none,0,true,true,false,false,false
forward_poll_2026h2,OBT,2026-07,2026-07-29,2026-07-31,V5,acc4939a9fedd5c3,acc4939a9fedd5c3,false,none,0,true,true,false,false,false
forward_poll_2026h2,OCC,2026-06,2026-06-08,2026-06-08,V5,40731d5d58dfb08d,40731d5d58dfb08d,false,none,0,,,false,,false
forward_poll_2026h2,OCCI,2026-06,2026-06-22,2026-06-22,V3,ae78ad2695976055,ae78ad2695976055,false,none,0,false,false,false,false,true
forward_poll_2026h2,OCCIN,2026-06,2026-06-22,2026-06-22,V3,381a2f76c7e771fb,381a2f76c7e771fb,false,none,0,false,false,false,false,true
forward_poll_2026h2,OCDGF,2026-07,2026-07-16,2026-07-16,V3,5d6d79ccf7473323,1cdb83048038fbf3,true,up,"(0,0.01)",false,false,false,false,false
forward_poll_2026h2,OCFC,2026-07,2026-07-30,2026-07-31,V5,c45fd0f9856b6c94,c45fd0f9856b6c94,false,none,0,false,false,false,false,false
forward_poll_2026h2,OCGSF,2026-07,2026-07-15,2026-07-15,V3,85e3f134a0162737,85e3f134a0162737,false,none,0,false,false,false,false,false
forward_poll_2026h2,OCLCF,2026-06,2026-06-25,2026-06-25,V3,ee62436f5ac9695b,ee62436f5ac9695b,false,none,0,false,false,false,false,false
forward_poll_2026h2,OCLN,2026-05,2026-06-05,2026-06-05,V5,065523d25454792d,065523d25454792d,false,none,0,,,false,,true
forward_poll_2026h2,OCTV,2026-06,2026-06-09,2026-06-09,V5,bc2e856535d5d2ff,bc2e856535d5d2ff,false,none,0,true,true,false,false,true
forward_poll_2026h2,OCUL,2026-08,2026-08-03,2026-08-04,V5,261a45cac87372e1,261a45cac87372e1,false,none,0,true,true,false,false,false
forward_poll_2026h2,ODC,2026-06,2026-06-09,2026-06-09,V5,fa7a92c4d7d00553,95c3fe6c7ea0a705,true,up,"[0.05,0.25)",,,false,,false
forward_poll_2026h2,ODD,2026-06,2026-06-05,2026-06-05,V5,bd307f031529c7df,bd307f031529c7df,false,none,0,false,false,false,false,true
forward_poll_2026h2,ODFL,2026-07,2026-07-29,2026-08-02,V5,3691fa34b636d30f,3691fa34b636d30f,false,none,0,false,false,false,false,false
forward_poll_2026h2,ODTX,2026-06,2026-06-18,2026-06-24,V5,a0f2ba3ac6467ade,a0f2ba3ac6467ade,false,none,0,false,false,false,false,false
forward_poll_2026h2,OESX,2026-06,2026-06-05,2026-06-11,V3,527126d1a19420bf,883d2a163cf94241,true,up,"[0.25,1.00)",false,false,false,false,false
forward_poll_2026h2,OEZVF,2026-07,2026-08-01,2026-08-02,V3,fdab00238d1d2b38,4bf5ee9fb25995f0,true,up,"[0.05,0.25)",false,false,false,false,true
forward_poll_2026h2,OEZVY,2026-07,2026-08-02,2026-08-04,V3,2fe5f98a9cdddd95,5e617b7dfac4323b,true,down,"[0.01,0.05)",false,false,false,false,true
forward_poll_2026h2,OFG,2026-07,2026-07-21,2026-07-22,V5,dea285715637cac7,dea285715637cac7,false,none,0,true,true,false,false,false
forward_poll_2026h2,OFS,2026-07,2026-07-30,2026-07-30,V3,f444e35d832714ab,f444e35d832714ab,false,none,0,false,false,false,false,false
forward_poll_2026h2,OFSSH,2026-07,2026-07-30,2026-07-30,V3,5cd544b6de2ea978,5cd544b6de2ea978,false,none,0,false,false,false,false,false
forward_poll_2026h2,OFSSZ,2026-07,2026-08-01,2026-08-01,V5,c0393665db7c1ba5,c0393665db7c1ba5,false,none,0,,,false,,true
forward_poll_2026h2,OGC,2026-08,2026-08-04,2026-08-04,V5,22f9e4829f88cd8f,22f9e4829f88cd8f,false,none,0,false,false,false,false,false
forward_poll_2026h2,OGCP,2026-07,2026-07-30,2026-07-30,V5,807121249723d965,807121249723d965,false,none,0,,,false,,false
forward_poll_2026h2,OGE,2026-07,2026-07-29,2026-07-30,V3,ab1ea27801535f97,ab1ea27801535f97,false,none,0,false,false,false,false,false
forward_poll_2026h2,OGN,2026-07,2026-07-31,2026-08-05,V5,a7d725f2611e3b96,e8b96c2ad950e79d,true,down,"[0.25,1.00)",false,false,false,false,false
forward_poll_2026h2,OGS,2026-08,2026-08-04,2026-08-04,V5,c5f2d4271a701a94,c5f2d4271a701a94,false,none,0,true,true,false,false,false
forward_poll_2026h2,OHI,2026-07,2026-07-29,2026-08-01,V5,7dbe863a0c902f4a,d82f6f92efe9e51a,true,up,"[0.25,1.00)",true,true,false,false,false
forward_poll_2026h2,OI,2026-07,2026-07-28,2026-08-04,V5,f55bbca591029d2f,f55bbca591029d2f,false,none,0,false,false,false,false,false
forward_poll_2026h2,OII,2026-07,2026-07-22,2026-07-29,V3,938b7bf77b03b905,938b7bf77b03b905,false,none,0,true,true,false,false,false
forward_poll_2026h2,OILFF,2026-06,2026-06-05,2026-06-05,V5,5ddb6c4acf9102d1,5ddb6c4acf9102d1,false,none,0,,,false,,true
forward_poll_2026h2,OILFF,2026-06,2026-06-05,2026-06-05,V5,968432106ddb1924,968432106ddb1924,false,none,0,,,false,,true
forward_poll_2026h2,OILSF,2026-07,2026-07-30,2026-07-31,V3,77513f2ded056c8f,7096cf2292a3dbd4,true,down,"[0.05,0.25)",false,false,false,false,false
forward_poll_2026h2,OIS,2026-07,2026-07-30,2026-08-01,V5,094bc8f2a3ee327c,094bc8f2a3ee327c,false,none,0,true,true,false,false,false
forward_poll_2026h2,OJIPF,2026-08,2026-08-05,2026-08-05,V5,b38d6e19e8286ffc,b38d6e19e8286ffc,false,none,0,,,false,,false
forward_poll_2026h2,OJIPY,2026-08,2026-08-05,2026-08-05,V5,9ccb1d0c996d37ee,9ccb1d0c996d37ee,false,none,0,,,false,,false
forward_poll_2026h2,OKCTF,2026-07,2026-07-30,2026-07-30,V5,7716b8c21c7f5e42,7716b8c21c7f5e42,false,none,0,,,false,,false
forward_poll_2026h2,OKE,2026-08,2026-08-03,2026-08-04,V5,7b5081226eb50cb7,7b5081226eb50cb7,false,none,0,false,false,false,false,false
forward_poll_2026h2,OKEPF,2026-07,2026-07-31,2026-07-31,V3,21a0f036887f77e2,3d9aa0fe5e7927f2,true,up,"(0,0.01)",false,false,false,false,false
forward_poll_2026h2,OKIEF,2026-07,2026-07-30,2026-07-30,V5,e4e7261e68d7b77c,e4e7261e68d7b77c,false,none,0,,,false,,false
forward_poll_2026h2,OKUR,2026-08,2026-08-04,2026-08-05,V5,18c453ced85d2772,18c453ced85d2772,false,none,0,true,true,false,false,false
forward_poll_2026h2,OKYO,2026-06,2026-06-05,2026-06-05,V3,136fb7ac10d20100,136fb7ac10d20100,false,none,0,true,true,false,false,true
forward_poll_2026h2,OKYO,2026-07,2026-07-21,2026-07-21,V3,e4aab37452c0a0cc,e4aab37452c0a0cc,false,none,0,false,false,false,false,false
forward_poll_2026h2,OLCLF,2026-07,2026-07-30,2026-07-30,V3,73035a79080e13d4,73035a79080e13d4,false,none,0,true,true,false,false,false
forward_poll_2026h2,OLCLY,2026-07,2026-07-30,2026-07-30,V5,65606dc3b76b64b9,65606dc3b76b64b9,false,none,0,,,false,,false
forward_poll_2026h2,OLED,2026-07,2026-07-30,2026-08-02,V5,9ffaf32adfcac722,9ffaf32adfcac722,false,none,0,false,false,false,false,false
forward_poll_2026h2,OLLI,2026-06,2026-06-05,2026-06-06,V5,d54b8f3234d78566,d54b8f3234d78566,false,none,0,false,false,false,false,true
forward_poll_2026h2,OLN,2026-07,2026-07-30,2026-08-03,V5,6f5e95dfa177a0eb,6f5e95dfa177a0eb,false,none,0,false,false,false,false,false
forward_poll_2026h2,OLOX,2026-07,2026-08-01,2026-08-01,V3,b76d2ae4b3a2050d,b76d2ae4b3a2050d,false,none,0,false,false,false,false,false
forward_poll_2026h2,OLVRF,2026-06,2026-06-20,2026-06-20,V5,a7861efb70ac3f29,a7861efb70ac3f29,false,none,0,,,false,,true
forward_poll_2026h2,OMAB,2026-07,2026-07-28,2026-07-30,V3,59076219b189bcfd,59076219b189bcfd,false,none,0,true,false,true,true,false
forward_poll_2026h2,OMC,2026-07,2026-07-28,2026-07-28,V3,399ac9a1c7c6d51d,399ac9a1c7c6d51d,false,none,0,false,false,false,false,false
forward_poll_2026h2,OMCL,2026-07,2026-07-30,2026-07-31,V5,8e51fada19e73206,8e51fada19e73206,false,none,0,true,true,false,false,false
forward_poll_2026h2,OMF,2026-07,2026-07-29,2026-07-31,V5,7857745ff4341843,7857745ff4341843,false,none,0,false,false,false,false,false
forward_poll_2026h2,OMGGF,2026-06,2026-06-05,2026-06-05,V3,13babab5733de080,13babab5733de080,false,none,0,false,false,false,false,true
forward_poll_2026h2,OMRNY,2026-08,2026-08-05,2026-08-05,V3,cd998e01602ed769,cd998e01602ed769,false,none,0,true,true,false,false,false
forward_poll_2026h2,OMVJF,2026-07,2026-07-31,2026-07-31,V3,a30bd5caf037e5f5,a30bd5caf037e5f5,false,none,0,true,true,false,false,false
forward_poll_2026h2,OMVKY,2026-07,2026-07-31,2026-08-02,V3,9c2fa45d6a6bd3d2,3d82b977ebdd5355,true,down,>=1.00,true,true,false,false,false
forward_poll_2026h2,ON,2026-08,2026-08-03,2026-08-05,V5,782982da36866d0c,782982da36866d0c,false,none,0,false,false,false,false,false
forward_poll_2026h2,ONAR,2026-07,2026-07-14,2026-07-17,V5,479df584c1adabbb,0cea946f81845201,true,up,"(0,0.01)",,,false,,true
forward_poll_2026h2,ONB,2026-07,2026-07-22,2026-07-22,V5,010f6379276a5608,010f6379276a5608,false,none,0,false,false,false,false,false
forward_poll_2026h2,ONBPO,2026-07,2026-07-22,2026-07-22,V3,89871ec5881f11e2,89871ec5881f11e2,false,none,0,true,true,false,false,false
forward_poll_2026h2,ONBPP,2026-07,2026-07-22,2026-07-22,V3,92594c58d66df962,92594c58d66df962,false,none,0,true,true,false,false,false
forward_poll_2026h2,ONEW,2026-07,2026-07-30,2026-08-02,V3,9d380882b315d08f,9d380882b315d08f,false,none,0,false,false,false,false,false
forward_poll_2026h2,ONXXF,2026-07,2026-08-01,2026-08-01,V5,20b888f5ea9dba80,20b888f5ea9dba80,false,none,0,,,false,,true
forward_poll_2026h2,OONEF,2026-06,2026-06-12,2026-06-12,V5,c13d965f02ba211b,c13d965f02ba211b,false,none,0,,,false,,false
forward_poll_2026h2,OPAD,2026-08,2026-08-03,2026-08-04,V5,01b1a3eb4c07e6d5,01b1a3eb4c07e6d5,false,none,0,false,false,false,true,false
forward_poll_2026h2,OPBK,2026-07,2026-07-23,2026-07-24,V5,8c77f96c18a86405,8c77f96c18a86405,false,none,0,true,true,false,false,false
forward_poll_2026h2,OPCH,2026-07,2026-07-29,2026-08-01,V5,04d7c14da3e4fbff,04d7c14da3e4fbff,false,none,0,false,false,false,false,false
forward_poll_2026h2,OPEN,2026-08,2026-08-04,2026-08-05,V3,022128bac902a6a7,1567f034aa04a87a,true,down,"[0.05,0.25)",true,false,true,true,false
forward_poll_2026h2,OPHC,2026-07,2026-07-24,2026-07-24,V5,0518e4c48e2efcfb,0518e4c48e2efcfb,false,none,0,true,true,false,false,false
forward_poll_2026h2,OPHLF,2026-07,2026-07-31,2026-08-01,V3,08fe93cd92038d0b,f71f5dd7407c9827,true,down,"[0.05,0.25)",true,true,false,false,false
forward_poll_2026h2,OPHLY,2026-07,2026-08-01,2026-08-01,V3,d960387dff10219d,d960387dff10219d,false,none,0,true,true,false,false,false
forward_poll_2026h2,OPK,2026-07,2026-07-27,2026-07-27,V5,8d36841f15664a28,8d36841f15664a28,false,none,0,true,true,false,false,false
forward_poll_2026h2,OPLN,2026-08,2026-08-04,2026-08-04,V5,f20164c6e12fcbb6,f20164c6e12fcbb6,false,none,0,true,true,false,false,false
forward_poll_2026h2,OPTBF,2026-06,2026-06-24,2026-06-24,V5,bb9956afdeb1f798,bb9956afdeb1f798,false,none,0,,,false,,false
forward_poll_2026h2,OPTH,2026-06,2026-06-05,2026-06-05,V3,9f1f70410139735e,9f1f70410139735e,false,none,0,false,false,false,false,true
forward_poll_2026h2,OPTT,2026-07,2026-07-23,2026-07-30,V5,a13fc2d98cca24a7,a13fc2d98cca24a7,false,none,0,false,false,false,false,false
forward_poll_2026h2,OPY,2026-07,2026-07-31,2026-07-31,V5,a745438090d8ed37,a745438090d8ed37,false,none,0,,,false,,false
forward_poll_2026h2,ORANY,2026-07,2026-07-28,2026-07-29,V5,69fc8c2a9efb20f7,7971d140a62c42bf,true,up,"(0,0.01)",false,false,false,false,false
forward_poll_2026h2,ORC,2026-07,2026-07-23,2026-07-23,V5,bab0977c174e64d0,bab0977c174e64d0,false,none,0,false,false,false,false,false
forward_poll_2026h2,ORCL,2026-06,2026-06-10,2026-06-13,V5,b64cdb11bdcd9d23,b64cdb11bdcd9d23,false,none,0,false,false,false,false,false
forward_poll_2026h2,ORGJF,2026-08,2026-08-03,2026-08-03,V3,e642f270713d2b2c,76c268c7df42f532,true,up,"(0,0.01)",false,false,false,false,false
forward_poll_2026h2,ORI,2026-07,2026-07-23,2026-07-26,V5,e1f7ec7310cd393b,e1f7ec7310cd393b,false,none,0,false,false,false,false,false
forward_poll_2026h2,ORIC,2026-08,2026-08-03,2026-08-04,V5,311448b04dce5f4b,311448b04dce5f4b,false,none,0,false,false,false,false,false
forward_poll_2026h2,ORINF,2026-07,2026-07-17,2026-07-17,V3,61b8fcb8a74ae20d,61b8fcb8a74ae20d,false,none,0,true,true,false,false,false
forward_poll_2026h2,ORINY,2026-07,2026-07-18,2026-07-18,V5,24473f55241d3fee,24473f55241d3fee,false,none,0,,,false,,false
forward_poll_2026h2,ORLY,2026-07,2026-07-29,2026-08-03,V5,7606550b45e032d5,7606550b45e032d5,false,none,0,false,false,false,false,false
forward_poll_2026h2,ORN,2026-07,2026-07-28,2026-07-30,V5,c6c6257e9b4c02f3,c6c6257e9b4c02f3,false,none,0,false,false,false,false,false
forward_poll_2026h2,ORRF,2026-07,2026-07-21,2026-07-21,V5,2ea6b77f98bfa58c,2ea6b77f98bfa58c,false,none,0,false,false,false,false,false
forward_poll_2026h2,ORWHF,2026-06,2026-06-18,2026-06-18,V5,a8bfc8c86b486f76,a8bfc8c86b486f76,false,none,0,,,false,,false
forward_poll_2026h2,ORXGF,2026-05,2026-06-05,2026-06-05,V5,4fb0a22db2039368,4fb0a22db2039368,false,none,0,,,false,,true
forward_poll_2026h2,ORXOF,2026-07,2026-07-17,2026-07-17,V3,58054e82d2896472,6e718cd9e21bba1b,true,up,"(0,0.01)",false,false,false,false,false
forward_poll_2026h2,ORXOY,2026-07,2026-07-17,2026-07-17,V3,b411301f4d15f811,b411301f4d15f811,false,none,0,false,false,false,false,false
forward_poll_2026h2,ORXOY,2026-07,2026-07-17,2026-07-17,V3,5ae39ff750dfb312,5ae39ff750dfb312,false,none,0,false,false,false,false,false
forward_poll_2026h2,ORYZF,2026-07,2026-07-29,2026-07-30,V3,57de9f4a243d938f,57de9f4a243d938f,false,none,0,true,true,false,false,true
forward_poll_2026h2,OSAGF,2026-08,2026-08-04,2026-08-04,V3,74c7a70161467dad,74c7a70161467dad,false,none,0,false,false,false,false,false
forward_poll_2026h2,OSBC,2026-07,2026-07-22,2026-07-22,V5,ccc5c1c25632870e,ccc5c1c25632870e,false,none,0,false,false,false,false,false
forward_poll_2026h2,OSCUF,2026-07,2026-07-28,2026-07-30,V3,a8b5964fa3645e73,a8b5964fa3645e73,false,none,0,true,true,false,false,false
forward_poll_2026h2,OSGCF,2026-07,2026-07-10,2026-07-10,V5,a00dd5c84309037b,a00dd5c84309037b,false,none,0,,,false,,false
forward_poll_2026h2,OSGSF,2026-07,2026-08-01,2026-08-01,V3,1411b1f0a2982f58,1411b1f0a2982f58,false,none,0,true,true,false,false,true
forward_poll_2026h2,OSK,2026-07,2026-07-28,2026-08-04,V5,8a991ec1cc8741f4,8a991ec1cc8741f4,false,none,0,false,false,false,false,false
forward_poll_2026h2,OSKXF,2026-07,2026-08-01,2026-08-05,V5,349251396ceab048,43edd3747c34461b,true,down,"(0,0.01)",,,false,,true
forward_poll_2026h2,OSPN,2026-08,2026-08-04,2026-08-04,V5,59693563692cf498,59693563692cf498,false,none,0,true,true,false,false,false
forward_poll_2026h2,OSSFF,2026-07,2026-07-22,2026-07-22,V3,195c6907a00a6b6a,195c6907a00a6b6a,false,none,0,true,true,false,false,false
forward_poll_2026h2,OSTK,2026-08,2026-08-05,2026-08-05,V5,b5b9da29129394d2,b5b9da29129394d2,false,none,0,,,false,,false
forward_poll_2026h2,OSUKF,2026-08,2026-08-03,2026-08-03,V3,e966ed5c701caeef,654e1dee077130e8,true,up,"(0,0.01)",true,true,false,false,false
forward_poll_2026h2,OSW,2026-07,2026-07-29,2026-08-01,V5,aca954fa8b7c34fd,aca954fa8b7c34fd,false,none,0,false,false,false,false,false
forward_poll_2026h2,OTCFF,2026-06,2026-06-05,2026-06-05,V5,c56e82a9aea42c6b,c56e82a9aea42c6b,false,none,0,,,false,,true
forward_poll_2026h2,OTIS,2026-07,2026-07-22,2026-07-22,V5,7f6ca5e1bc31dd0b,7f6ca5e1bc31dd0b,false,none,0,false,false,false,false,false
forward_poll_2026h2,OTLY,2026-07,2026-07-22,2026-07-22,V5,e69bbe018756271f,e69bbe018756271f,false,none,0,false,false,false,false,false
forward_poll_2026h2,OTSKF,2026-07,2026-07-31,2026-07-31,V3,409d321aa7db9a9a,409d321aa7db9a9a,false,none,0,true,true,false,false,false
forward_poll_2026h2,OTSKY,2026-07,2026-07-31,2026-07-31,V3,27f4b4cfb7adae3e,27f4b4cfb7adae3e,false,none,0,true,true,false,false,false
forward_poll_2026h2,OTSKY,2026-07,2026-07-31,2026-07-31,V3,b1256ba2a1d0ad11,b1256ba2a1d0ad11,false,none,0,true,true,false,false,false
forward_poll_2026h2,OTTR,2026-08,2026-08-03,2026-08-04,V3,da81bf265a29a837,da81bf265a29a837,false,none,0,true,true,false,false,false
forward_poll_2026h2,OTTW,2026-07,2026-07-30,2026-07-30,V5,ea744a655c15f091,ea744a655c15f091,false,none,0,,,false,,false
forward_poll_2026h2,OUKPF,2026-07,2026-07-24,2026-07-26,V5,ffaaf5d9790f0776,ffaaf5d9790f0776,false,none,0,false,false,false,false,false
forward_poll_2026h2,OUKPY,2026-07,2026-07-25,2026-07-28,V5,b95b876b02346916,f9b29d18d472a6a1,true,up,"[0.05,0.25)",,,false,,false
forward_poll_2026h2,OUTFF,2026-07,2026-08-01,2026-08-02,V3,2d3a5ff47ef8dcfd,6ef0b2e8f0671c23,true,up,"(0,0.01)",false,false,false,false,true
forward_poll_2026h2,OUTKY,2026-07,2026-07-30,2026-07-30,V3,0abda72ded8c6781,0abda72ded8c6781,false,none,0,false,false,false,false,false
forward_poll_2026h2,OVBC,2026-07,2026-07-27,2026-07-27,V5,2714b93fce823c1f,2714b93fce823c1f,false,none,0,,,false,,false
forward_poll_2026h2,OVLY,2026-07,2026-07-23,2026-07-23,V5,2c1031c990a1c956,2c1031c990a1c956,false,none,0,,,false,,false
forward_poll_2026h2,OVV,2026-07,2026-07-23,2026-07-26,V5,3266890b25fe92c3,3266890b25fe92c3,false,none,0,false,false,false,false,false
forward_poll_2026h2,OWL,2026-07,2026-07-30,2026-08-02,V5,2d7dc0bfc29026f1,2d7dc0bfc29026f1,false,none,0,false,false,false,false,false
forward_poll_2026h2,OXBC,2026-08,2026-08-03,2026-08-03,V5,82ec5b0b61918287,82ec5b0b61918287,false,none,0,,,false,,false
forward_poll_2026h2,OXBOF,2026-06,2026-07-04,2026-07-04,V5,e571de135fdea086,e571de135fdea086,false,none,0,,,false,,true
forward_poll_2026h2,OXINF,2026-06,2026-06-10,2026-06-10,V3,33d0554e6cd9563f,33d0554e6cd9563f,false,none,0,true,true,false,false,false
forward_poll_2026h2,OXLC,2026-07,2026-07-28,2026-07-28,V3,81c683d119196364,81c683d119196364,false,none,0,false,false,false,false,false
forward_poll_2026h2,OXM,2026-06,2026-06-10,2026-06-13,V5,a7107ca5af75ffdf,a7107ca5af75ffdf,false,none,0,false,false,false,false,false
forward_poll_2026h2,OXSQ,2026-07,2026-07-31,2026-07-31,V3,6f21117c5d8db68c,6f21117c5d8db68c,false,none,0,true,true,false,false,false
forward_poll_2026h2,OXSQG,2026-07,2026-07-31,2026-07-31,V3,f510562e395d72ad,f510562e395d72ad,false,none,0,true,true,false,false,false
forward_poll_2026h2,OZBKF,2026-06,2026-06-05,2026-06-05,V5,0d04fbefeaf9c41c,0d04fbefeaf9c41c,false,none,0,,,false,,false
forward_poll_2026h2,OZBKF,2026-06,2026-06-07,2026-06-07,V5,0d04fbefeaf9c41c,0d04fbefeaf9c41c,false,none,0,,,false,,false
forward_poll_2026h2,OZBKF,2026-06,2026-06-09,2026-06-09,V5,0d04fbefeaf9c41c,0d04fbefeaf9c41c,false,none,0,,,false,,false
forward_poll_2026h2,OZBKF,2026-06,2026-06-10,2026-06-10,V5,0d04fbefeaf9c41c,0d04fbefeaf9c41c,false,none,0,,,false,,false
forward_poll_2026h2,OZBKF,2026-06,2026-06-11,2026-06-11,V5,0d04fbefeaf9c41c,0d04fbefeaf9c41c,false,none,0,,,false,,false
forward_poll_2026h2,OZBKF,2026-06,2026-06-14,2026-06-14,V5,0d04fbefeaf9c41c,0d04fbefeaf9c41c,false,none,0,,,false,,false
forward_poll_2026h2,OZBKF,2026-06,2026-06-16,2026-06-16,V5,0d04fbefeaf9c41c,0d04fbefeaf9c41c,false,none,0,,,false,,false
forward_poll_2026h2,OZBKF,2026-06,2026-06-17,2026-06-17,V5,0d04fbefeaf9c41c,0d04fbefeaf9c41c,false,none,0,,,false,,false
forward_poll_2026h2,OZBKF,2026-06,2026-06-18,2026-06-18,V5,0d04fbefeaf9c41c,0d04fbefeaf9c41c,false,none,0,,,false,,false
forward_poll_2026h2,OZBKF,2026-06,2026-06-21,2026-06-21,V5,0d04fbefeaf9c41c,0d04fbefeaf9c41c,false,none,0,,,false,,false
forward_poll_2026h2,OZBKF,2026-06,2026-06-23,2026-06-23,V5,0d04fbefeaf9c41c,0d04fbefeaf9c41c,false,none,0,,,false,,false
forward_poll_2026h2,OZBKF,2026-06,2026-06-24,2026-06-24,V5,0d04fbefeaf9c41c,0d04fbefeaf9c41c,false,none,0,,,false,,false
forward_poll_2026h2,OZBKF,2026-06,2026-06-25,2026-06-25,V5,0d04fbefeaf9c41c,0d04fbefeaf9c41c,false,none,0,,,false,,false
forward_poll_2026h2,OZBKF,2026-07,2026-07-05,2026-07-05,V5,0d04fbefeaf9c41c,0d04fbefeaf9c41c,false,none,0,,,false,,false
forward_poll_2026h2,OZBKF,2026-07,2026-07-07,2026-07-07,V5,0d04fbefeaf9c41c,0d04fbefeaf9c41c,false,none,0,,,false,,false
forward_poll_2026h2,OZBKF,2026-07,2026-07-08,2026-07-08,V5,0d04fbefeaf9c41c,0d04fbefeaf9c41c,false,none,0,,,false,,false
forward_poll_2026h2,OZBKF,2026-07,2026-07-12,2026-07-12,V5,0d04fbefeaf9c41c,0d04fbefeaf9c41c,false,none,0,,,false,,false
forward_poll_2026h2,OZBKF,2026-07,2026-07-14,2026-07-14,V5,0d04fbefeaf9c41c,0d04fbefeaf9c41c,false,none,0,,,false,,false
forward_poll_2026h2,OZBKF,2026-07,2026-07-15,2026-07-15,V5,0d04fbefeaf9c41c,0d04fbefeaf9c41c,false,none,0,,,false,,false
forward_poll_2026h2,OZBKF,2026-07,2026-07-16,2026-07-16,V5,0d04fbefeaf9c41c,0d04fbefeaf9c41c,false,none,0,,,false,,false
forward_poll_2026h2,OZBKF,2026-07,2026-07-19,2026-07-19,V5,0d04fbefeaf9c41c,0d04fbefeaf9c41c,false,none,0,,,false,,false
forward_poll_2026h2,OZBKF,2026-07,2026-07-21,2026-07-21,V5,0d04fbefeaf9c41c,0d04fbefeaf9c41c,false,none,0,,,false,,false
forward_poll_2026h2,OZBKF,2026-07,2026-07-22,2026-07-22,V5,0d04fbefeaf9c41c,0d04fbefeaf9c41c,false,none,0,,,false,,false
forward_poll_2026h2,OZBKF,2026-07,2026-07-23,2026-07-23,V5,0d04fbefeaf9c41c,0d04fbefeaf9c41c,false,none,0,,,false,,false
forward_poll_2026h2,OZBKF,2026-07,2026-07-26,2026-07-26,V5,0d04fbefeaf9c41c,0d04fbefeaf9c41c,false,none,0,,,false,,false
forward_poll_2026h2,OZBKF,2026-07,2026-07-28,2026-07-28,V5,0d04fbefeaf9c41c,0d04fbefeaf9c41c,false,none,0,,,false,,false
forward_poll_2026h2,OZBKF,2026-07,2026-07-29,2026-07-29,V5,0d04fbefeaf9c41c,0d04fbefeaf9c41c,false,none,0,,,false,,false
forward_poll_2026h2,OZBKF,2026-07,2026-07-30,2026-07-30,V5,0d04fbefeaf9c41c,0d04fbefeaf9c41c,false,none,0,,,false,,false
forward_poll_2026h2,OZBKF,2026-08,2026-08-03,2026-08-03,V5,0d04fbefeaf9c41c,0d04fbefeaf9c41c,false,none,0,,,false,,false
forward_poll_2026h2,OZK,2026-07,2026-07-21,2026-07-23,V5,2337801263ba6b4f,2337801263ba6b4f,false,none,0,false,false,false,false,false
forward_poll_2026h2,OZKAP,2026-07,2026-07-22,2026-07-22,V3,e1124a8bb8403b74,e1124a8bb8403b74,false,none,0,false,false,false,false,false
forward_poll_2026h2,PAC,2026-07,2026-07-15,2026-07-15,V3,a1f05289055f63f4,0943ba9fd771e21e,true,up,"[0.01,0.05)",false,false,false,false,false
forward_poll_2026h2,PACK,2026-07,2026-07-30,2026-07-30,V3,b89952fc1ed774e3,b89952fc1ed774e3,false,none,0,false,false,false,false,false
forward_poll_2026h2,PACS,2026-08,2026-08-04,2026-08-04,V3,c813ac0a28ba53e1,c813ac0a28ba53e1,false,none,0,true,true,false,false,false
forward_poll_2026h2,PAG,2026-07,2026-07-29,2026-08-01,V5,6444847ce482490e,6444847ce482490e,false,none,0,false,false,false,false,false
forward_poll_2026h2,PALAF,2026-07,2026-07-20,2026-07-20,V3,8c7aa1e2aa863c87,8c7aa1e2aa863c87,false,none,0,true,true,false,false,false
forward_poll_2026h2,PAM,2026-08,2026-08-04,2026-08-05,V5,a50d104e2beaf8f7,8aa17c77e91425a3,true,up,"[0.01,0.05)",true,true,false,false,false
forward_poll_2026h2,PAMT,2026-08,2026-08-04,2026-08-05,V3,138e03ef2f565a86,ad49033b4a2601b8,true,down,"[0.05,0.25)",false,false,false,false,false
forward_poll_2026h2,PANW,2026-06,2026-06-05,2026-06-05,V5,9812dd7673227d0d,9812dd7673227d0d,false,none,0,false,false,false,false,true
forward_poll_2026h2,PAPL,2026-07,2026-07-21,2026-07-21,V3,3485fe7c2b0d7c51,3485fe7c2b0d7c51,false,none,0,true,true,false,false,false
forward_poll_2026h2,PARR,2026-08,2026-08-04,2026-08-04,V5,3b28844834dd67c6,3b28844834dd67c6,false,none,0,true,true,false,false,false
forward_poll_2026h2,PARXF,2026-07,2026-07-31,2026-07-31,V3,ccaa544a2944a4e1,ccaa544a2944a4e1,false,none,0,true,true,false,false,false
forward_poll_2026h2,PASMF,2026-06,2026-06-05,2026-06-05,V5,ac5a9fabc969e719,a0010de6b476f34b,true,up,"[0.01,0.05)",,,false,,false
forward_poll_2026h2,PASTF,2026-07,2026-07-23,2026-07-23,V5,f9fca2f4dc53d9cf,f9fca2f4dc53d9cf,false,none,0,,,false,,false
forward_poll_2026h2,PATK,2026-07,2026-07-30,2026-07-30,V5,aec4d6040c23d67d,aec4d6040c23d67d,false,none,0,false,false,false,false,false
forward_poll_2026h2,PAVS,2026-06,2026-06-05,2026-06-05,V5,d6ecba505d9731b0,d6ecba505d9731b0,false,none,0,,,false,,true
forward_poll_2026h2,PAX,2026-07,2026-07-31,2026-07-31,V5,2b03818fca87cd73,2b03818fca87cd73,false,none,0,true,true,false,false,false
forward_poll_2026h2,PAY,2026-08,2026-08-03,2026-08-04,V5,501c04528e7f15f9,501c04528e7f15f9,false,none,0,true,true,false,false,false
forward_poll_2026h2,PAYP,2026-06,2026-06-05,2026-06-08,V5,92fd65c1938cb3f4,6997b40dd74b366a,true,down,"(0,0.01)",false,false,false,false,true
forward_poll_2026h2,PAYP,2026-07,2026-07-31,2026-08-02,V5,734d45ff69b7703e,734d45ff69b7703e,false,none,0,true,true,false,false,false
forward_poll_2026h2,PAYX,2026-06,2026-06-24,2026-06-25,V5,4a8c1b91799452b5,4a8c1b91799452b5,false,none,0,false,false,false,false,false
forward_poll_2026h2,PB,2026-07,2026-07-29,2026-08-01,V5,39e0572b3b994e0f,39e0572b3b994e0f,false,none,0,false,false,false,false,false
forward_poll_2026h2,PBA,2026-07,2026-07-30,2026-08-02,V3,d53431520e2d0a28,d53431520e2d0a28,false,none,0,false,false,false,false,false
forward_poll_2026h2,PBAM,2026-07,2026-07-16,2026-07-17,V5,53a0f80bf58516eb,53a0f80bf58516eb,false,none,0,true,true,false,false,false
forward_poll_2026h2,PBAM,2026-07,2026-07-21,2026-07-21,V5,53a0f80bf58516eb,53a0f80bf58516eb,false,none,0,true,true,false,false,false
forward_poll_2026h2,PBCO,2026-07,2026-07-23,2026-07-23,V5,4dddea4106e96436,4dddea4106e96436,false,none,0,,,false,,false
forward_poll_2026h2,PBCRF,2026-07,2026-07-29,2026-07-29,V3,c0b0310a4762a364,a8ebf8f229714ac3,true,down,"(0,0.01)",false,false,false,false,false
forward_poll_2026h2,PBF,2026-07,2026-07-30,2026-08-02,V3,bb0de1f5340f9d6b,bb0de1f5340f9d6b,false,none,0,true,true,false,false,false
forward_poll_2026h2,PBFS,2026-07,2026-07-28,2026-07-28,V5,27bcdf610da3fbff,27bcdf610da3fbff,false,none,0,,,false,,false
forward_poll_2026h2,PBFS,2026-07,2026-07-30,2026-07-30,V5,27bcdf610da3fbff,27bcdf610da3fbff,false,none,0,,,false,,false
forward_poll_2026h2,PBHC,2026-07,2026-07-30,2026-07-30,V5,f0ae34aad761aadf,f0ae34aad761aadf,false,none,0,,,false,,false
forward_poll_2026h2,PBI,2026-07,2026-07-29,2026-07-29,V3,959404f5cb8cfb8d,959404f5cb8cfb8d,false,none,0,true,true,false,false,false
forward_poll_2026h2,PBI-PB,2026-07,2026-07-30,2026-07-30,V3,73e250b3fb5a359a,73e250b3fb5a359a,false,none,0,true,true,false,false,false
forward_poll_2026h2,PBMLF,2026-05,2026-06-05,2026-06-05,V5,f3c1fca33fa15497,f3c1fca33fa15497,false,none,0,,,false,,true
forward_poll_2026h2,PBMLF,2026-06,2026-06-25,2026-06-25,V5,f3c1fca33fa15497,f3c1fca33fa15497,false,none,0,,,false,,true
forward_poll_2026h2,PBNAF,2026-07,2026-07-31,2026-07-31,V3,6966dee06bb04a13,c46c330be9078d70,true,up,"(0,0.01)",false,false,false,false,false
forward_poll_2026h2,PBNK,2026-07,2026-07-30,2026-07-30,V5,d06c0112b0687b88,d06c0112b0687b88,false,none,0,,,false,,false
forward_poll_2026h2,PBSV,2026-06,2026-06-16,2026-06-16,V3,27fa1976418082c4,27fa1976418082c4,false,none,0,false,false,false,false,false
forward_poll_2026h2,PCAR,2026-07,2026-07-28,2026-07-28,V5,7e701fb1e7496f17,7e701fb1e7496f17,false,none,0,false,false,false,false,false
forward_poll_2026h2,PCB,2026-07,2026-07-23,2026-07-23,V5,4bf66f3848d19db9,4bf66f3848d19db9,false,none,0,false,false,false,false,false
forward_poll_2026h2,PCCWY,2026-07,2026-07-30,2026-08-04,V5,b54f4831a5007bee,e8fdcdc759fb820f,true,down,"(0,0.01)",,,false,,false
forward_poll_2026h2,PCELF,2026-07,2026-07-17,2026-07-17,V3,9e9e76abccca8ad2,6420452193cfa7c5,true,up,"(0,0.01)",false,false,false,false,false
forward_poll_2026h2,PCG,2026-07,2026-07-23,2026-07-24,V5,426e571fd61c3117,426e571fd61c3117,false,none,0,true,true,false,false,false
forward_poll_2026h2,PCG-PA,2026-07,2026-07-23,2026-07-23,V5,5704528683b216ee,5704528683b216ee,false,none,0,,,false,,false
forward_poll_2026h2,PCG-PB,2026-07,2026-07-23,2026-07-23,V5,408599d7a9f6ae06,408599d7a9f6ae06,false,none,0,,,false,,false
forward_poll_2026h2,PCG-PC,2026-07,2026-07-28,2026-07-28,V5,e6c28baceea3ca8d,e6c28baceea3ca8d,false,none,0,,,false,,true
forward_poll_2026h2,PCG-PD,2026-07,2026-07-23,2026-07-23,V5,9d1d3de5f5556345,9d1d3de5f5556345,false,none,0,,,false,,false
forward_poll_2026h2,PCG-PE,2026-07,2026-07-23,2026-07-23,V5,b71083ef1ea0a312,b71083ef1ea0a312,false,none,0,,,false,,false
forward_poll_2026h2,PCG-PG,2026-07,2026-07-23,2026-07-23,V5,b75b8a1a6f25de4c,b75b8a1a6f25de4c,false,none,0,,,false,,false
forward_poll_2026h2,PCG-PH,2026-07,2026-07-23,2026-07-23,V5,c1e0d04aa2d1ccec,c1e0d04aa2d1ccec,false,none,0,,,false,,false
forward_poll_2026h2,PCG-PI,2026-07,2026-07-28,2026-07-28,V5,e6a47d393e4c0dfc,e6a47d393e4c0dfc,false,none,0,,,false,,true
forward_poll_2026h2,PCIMF,2026-06,2026-06-05,2026-06-05,V5,fee33650dc63e30b,fee33650dc63e30b,false,none,0,,,false,,true
forward_poll_2026h2,PCLB,2026-07,2026-07-23,2026-07-23,V5,b8075f4793ace8e5,b8075f4793ace8e5,false,none,0,,,false,,false
forward_poll_2026h2,PCLOF,2026-07,2026-08-01,2026-08-01,V3,e36c13accf9be4c2,e36c13accf9be4c2,false,none,0,true,true,false,false,true
forward_poll_2026h2,PCOFF,2026-06,2026-06-25,2026-06-25,V5,aa2e5eaaa3316052,aa2e5eaaa3316052,false,none,0,,,false,,false
forward_poll_2026h2,PCOR,2026-07,2026-07-29,2026-08-01,V5,b4a9ce23b5fe90bd,b4a9ce23b5fe90bd,false,none,0,true,true,false,false,false
forward_poll_2026h2,PCQRF,2026-06,2026-06-05,2026-06-05,V5,5482822734ffcac7,5482822734ffcac7,false,none,0,,,false,,true
forward_poll_2026h2,PCRBF,2026-07,2026-07-17,2026-07-17,V3,0b07e9a2683685be,7398b5347bac9c1a,true,down,"(0,0.01)",false,true,true,false,false
forward_poll_2026h2,PCRFF,2026-07,2026-07-30,2026-07-30,V3,b2f31efe21801379,b2f31efe21801379,false,none,0,true,true,false,false,false
forward_poll_2026h2,PCRHY,2026-07,2026-07-30,2026-07-30,V5,d72b1ed6c184a040,d72b1ed6c184a040,false,none,0,,,false,,false
forward_poll_2026h2,PCRX,2026-08,2026-08-04,2026-08-04,V5,4ffe280684d09b57,4ffe280684d09b57,false,none,0,true,true,false,false,false
forward_poll_2026h2,PCSC,2026-07,2026-07-15,2026-07-15,V5,ac6d561a8362c40f,ac6d561a8362c40f,false,none,0,,,false,,false
forward_poll_2026h2,PCTY,2026-08,2026-08-04,2026-08-04,V5,9d0fd0b7a72afbf5,9d0fd0b7a72afbf5,false,none,0,true,true,false,false,false
forward_poll_2026h2,PCWLF,2026-07,2026-07-30,2026-07-30,V5,81863a4edadf8d1a,81863a4edadf8d1a,false,none,0,,,false,,false
forward_poll_2026h2,PCYO,2026-07,2026-07-10,2026-07-10,V5,a10338f5564de579,a10338f5564de579,false,none,0,,,false,,true
forward_poll_2026h2,PDLB,2026-07,2026-07-27,2026-07-27,V3,603c7e7bbdde6af7,603c7e7bbdde6af7,false,none,0,false,false,false,false,false
forward_poll_2026h2,PDM,2026-07,2026-07-28,2026-07-29,V3,2e3706bb5e94d781,42cf37e43e5de48e,true,down,"[0.25,1.00)",true,false,true,true,false
forward_poll_2026h2,PDS,2026-07,2026-07-29,2026-07-30,V3,f2c9540b4832157e,f2c9540b4832157e,false,none,0,false,false,false,false,false
forward_poll_2026h2,PEB,2026-07,2026-07-29,2026-07-31,V5,7e5d01f81af22c95,54e009d9275ea666,true,down,"[0.25,1.00)",true,true,false,false,false
forward_poll_2026h2,PEB-PE,2026-07,2026-07-30,2026-07-30,V3,2d5c7752d2f80466,2d5c7752d2f80466,false,none,0,true,true,false,false,false
forward_poll_2026h2,PEB-PF,2026-07,2026-07-30,2026-07-30,V3,c3e2b46d15b8c85a,c3e2b46d15b8c85a,false,none,0,true,true,false,false,false
forward_poll_2026h2,PEB-PG,2026-07,2026-07-29,2026-07-29,V3,48e6a67ab59faf2b,48e6a67ab59faf2b,false,none,0,true,true,false,false,false
forward_poll_2026h2,PEB-PH,2026-07,2026-07-30,2026-07-30,V3,86ebb4a752a581f1,86ebb4a752a581f1,false,none,0,true,true,false,false,false
forward_poll_2026h2,PEBK,2026-07,2026-07-21,2026-07-21,V5,d4d907f40c4447f2,33bbca473a81b688,true,up,>=1.00,,,false,,false
forward_poll_2026h2,PEBO,2026-07,2026-07-21,2026-07-22,V5,70748da1eced1e49,2273c7e0425690c7,true,up,"[0.01,0.05)",true,true,false,false,false
forward_poll_2026h2,PECO,2026-07,2026-07-23,2026-07-23,V3,0ddee632cb2aa8f8,7b866835aac7346a,true,down,"[0.25,1.00)",true,true,false,false,false
forward_poll_2026h2,PEG,2026-08,2026-08-04,2026-08-04,V5,364c32b523cce119,364c32b523cce119,false,none,0,false,false,false,false,false
forward_poll_2026h2,PEGA,2026-07,2026-07-22,2026-07-26,V5,9c20706889f470d0,9c20706889f470d0,false,none,0,false,false,false,false,false
forward_poll_2026h2,PEGRF,2026-06,2026-06-11,2026-06-11,V5,c9698a9228b1645e,c9698a9228b1645e,false,none,0,false,false,false,false,false
forward_poll_2026h2,PEGRY,2026-06,2026-06-11,2026-06-11,V5,6f4cb7839c0342df,6f4cb7839c0342df,false,none,0,false,false,false,false,false
forward_poll_2026h2,PEN,2026-07,2026-07-30,2026-08-02,V5,87aa29b62fae188f,87aa29b62fae188f,false,none,0,false,false,false,false,false
forward_poll_2026h2,PENG,2026-07,2026-07-07,2026-07-14,V3,8dbcd487155f1f87,8dbcd487155f1f87,false,none,0,true,true,false,false,false
forward_poll_2026h2,PEP,2026-07,2026-07-10,2026-07-16,V5,882a97d7eb558b4e,882a97d7eb558b4e,false,none,0,false,false,false,false,false
forward_poll_2026h2,PERF,2026-07,2026-07-27,2026-08-03,V5,25ec9bf251dd4546,25ec9bf251dd4546,false,none,0,false,false,false,false,false
forward_poll_2026h2,PETS,2026-06,2026-06-05,2026-06-05,V3,b0993843564891ab,b0993843564891ab,false,none,0,false,false,false,false,true
forward_poll_2026h2,PETV,2026-06,2026-07-04,2026-07-04,V3,3a7c3c89f63493f6,3a7c3c89f63493f6,false,none,0,,,false,,true
forward_poll_2026h2,PEW,2026-06,2026-06-11,2026-06-11,V3,408420b63bd17483,408420b63bd17483,false,none,0,true,true,false,false,false
forward_poll_2026h2,PEXNY,2026-07,2026-08-03,2026-08-03,V3,0ac5f926daf8243d,0ac5f926daf8243d,false,none,0,true,true,false,false,true
forward_poll_2026h2,PEXNY,2026-07,2026-08-02,2026-08-02,V3,d984c1c9e6fea105,d984c1c9e6fea105,false,none,0,true,true,false,false,true
forward_poll_2026h2,PFBC,2026-07,2026-07-22,2026-07-22,V5,5e54fbd6c5404b9c,5e54fbd6c5404b9c,false,none,0,false,false,false,false,false
forward_poll_2026h2,PFBX,2026-07,2026-07-22,2026-07-22,V5,a346cce073c9756c,a346cce073c9756c,false,none,0,,,false,,false
forward_poll_2026h2,PFE,2026-08,2026-08-04,2026-08-04,V5,668c2c3b41ede585,668c2c3b41ede585,false,none,0,true,true,false,false,false
forward_poll_2026h2,PFFEF,2026-06,2026-06-05,2026-06-05,V5,11edd3c490eda332,11edd3c490eda332,false,none,0,,,false,,true
forward_poll_2026h2,PFG,2026-07,2026-07-27,2026-08-03,V5,e97ad7ef85aac320,f82e59b679ad70db,true,up,"[0.05,0.25)",false,false,false,false,false
forward_poll_2026h2,PFH,2026-08,2026-08-05,2026-08-05,V3,957f5c7710755a10,957f5c7710755a10,false,none,0,true,true,false,false,false
forward_poll_2026h2,PFHO,2026-08,2026-08-05,2026-08-05,V5,b399ec91b247371e,b399ec91b247371e,false,none,0,,,false,,false
forward_poll_2026h2,PFIS,2026-07,2026-07-30,2026-07-30,V5,58b2cf0a9259dc0e,58b2cf0a9259dc0e,false,none,0,false,false,false,false,false
forward_poll_2026h2,PFS,2026-07,2026-07-29,2026-07-30,V5,1fc68f0036aae681,1fc68f0036aae681,false,none,0,false,false,false,false,false
forward_poll_2026h2,PFSI,2026-07,2026-07-29,2026-08-01,V3,54c9046b038dedc3,54c9046b038dedc3,false,none,0,false,false,false,false,false
forward_poll_2026h2,PG,2026-07,2026-07-29,2026-08-02,V5,93b7dc48e1793136,93b7dc48e1793136,false,none,0,false,false,false,false,false
forward_poll_2026h2,PGC,2026-07,2026-07-27,2026-07-27,V5,eff56ca344f38e04,eff56ca344f38e04,false,none,0,false,false,false,false,false
forward_poll_2026h2,PGEN,2026-08,2026-08-04,2026-08-04,V5,9264235c91c07c80,9264235c91c07c80,false,none,0,true,true,false,false,false
forward_poll_2026h2,PGPEF,2026-07,2026-07-16,2026-07-17,V5,251a978a60030ac4,202918a2debff73d,true,down,"[0.25,1.00)",false,false,false,false,false
forward_poll_2026h2,PGR,2026-07,2026-07-15,2026-07-19,V5,61c67afa09217b96,61c67afa09217b96,false,none,0,false,false,false,false,false
forward_poll_2026h2,PGUUF,2026-07,2026-08-02,2026-08-02,V3,82b5b5642a8920b7,82b5b5642a8920b7,false,none,0,false,false,false,false,true
forward_poll_2026h2,PGXPF,2026-05,2026-06-05,2026-06-05,V5,08c0b2ca22ae93b7,08c0b2ca22ae93b7,false,none,0,,,false,,true
forward_poll_2026h2,PGY,2026-07,2026-07-30,2026-08-02,V3,35f1fb16d96a35f5,98dab83499d11519,true,down,"[0.25,1.00)",true,true,false,false,false
forward_poll_2026h2,PGYWW,2026-07,2026-07-31,2026-07-31,V3,d046a4df124564eb,d046a4df124564eb,false,none,0,true,true,false,false,false
forward_poll_2026h2,PHAR,2026-07,2026-07-30,2026-07-31,V5,3b4150fa6d4aaa26,3b4150fa6d4aaa26,false,none,0,false,false,false,false,false
forward_poll_2026h2,PHAT,2026-07,2026-07-30,2026-07-31,V3,5ae71adaa3a7a79d,5ae71adaa3a7a79d,false,none,0,false,false,false,false,false
forward_poll_2026h2,PHCUF,2026-07,2026-07-30,2026-07-30,V3,34569fb2762f74e1,34569fb2762f74e1,false,none,0,false,false,false,false,false
forward_poll_2026h2,PHG,2026-07,2026-07-28,2026-07-30,V3,76862e1f65dbd84f,06ae0b81ae788523,true,up,"[0.01,0.05)",true,true,false,false,false
forward_poll_2026h2,PHG,2026-07,2026-07-27,2026-07-27,V3,76862e1f65dbd84f,76862e1f65dbd84f,false,none,0,true,true,false,false,false
forward_poll_2026h2,PHGUF,2026-07,2026-07-30,2026-07-30,V3,d530a6bdd2799163,d530a6bdd2799163,false,none,0,false,false,false,false,false
forward_poll_2026h2,PHIN,2026-07,2026-07-30,2026-07-31,V3,29e795ecf570a83a,29e795ecf570a83a,false,none,0,false,false,false,false,false
forward_poll_2026h2,PHM,2026-07,2026-07-22,2026-07-23,V5,8a1ad3304cc8c08a,8a1ad3304cc8c08a,false,none,0,false,false,false,false,false
forward_poll_2026h2,PHMMF,2026-07,2026-07-30,2026-07-30,V3,1242d19bb67092ce,a400adfe10d7012b,true,down,"[0.05,0.25)",false,false,false,false,false
forward_poll_2026h2,PHNMF,2026-07,2026-08-01,2026-08-01,V5,99c688cec370b11c,99c688cec370b11c,false,none,0,,,false,,true
forward_poll_2026h2,PHPRF,2026-07,2026-07-30,2026-07-31,V5,8699661faf11b5e1,8699661faf11b5e1,false,none,0,,false,false,,false
forward_poll_2026h2,PHXHF,2026-08,2026-08-05,2026-08-05,V3,ffc0c287538c7915,ffc0c287538c7915,false,none,0,true,true,false,false,false
forward_poll_2026h2,PI,2026-07,2026-07-29,2026-07-29,V3,7fe11e9509cc0d0c,7fe11e9509cc0d0c,false,none,0,true,true,false,false,false
forward_poll_2026h2,PIAGF,2026-07,2026-07-29,2026-07-30,V3,78a0e984f0a57996,ca4255e565403aa5,true,down,"[0.01,0.05)",false,false,false,false,false
forward_poll_2026h2,PICS,2026-06,2026-06-05,2026-06-05,V5,3ae10e3fead5f69b,3ae10e3fead5f69b,false,none,0,false,false,false,false,true
forward_poll_2026h2,PIFMF,2026-07,2026-08-02,2026-08-02,V3,6503ecb4ae27f9ad,6503ecb4ae27f9ad,false,none,0,false,false,false,false,true
forward_poll_2026h2,PII,2026-07,2026-07-28,2026-07-28,V5,08808c1940e09afd,08808c1940e09afd,false,none,0,true,true,false,false,false
forward_poll_2026h2,PII,2026-07,2026-07-28,2026-07-29,V5,08808c1940e09afd,08808c1940e09afd,false,none,0,true,true,false,false,false
forward_poll_2026h2,PIKQF,2026-07,2026-08-02,2026-08-02,V3,174b4bb179a20a96,174b4bb179a20a96,false,none,0,,,false,,true
forward_poll_2026h2,PINE,2026-07,2026-07-23,2026-07-24,V3,d12cb8d09c4d3d35,2e7de65e0c993013,true,down,"[0.25,1.00)",true,true,false,false,false
forward_poll_2026h2,PINS,2026-08,2026-08-04,2026-08-04,V5,80b95c72d7a0f6c1,80b95c72d7a0f6c1,false,none,0,true,true,false,false,false
forward_poll_2026h2,PIPR,2026-07,2026-07-30,2026-07-31,V5,6b52a8d524cd14e2,6b52a8d524cd14e2,false,none,0,true,true,false,false,false
forward_poll_2026h2,PIRBF,2026-07,2026-07-28,2026-07-30,V3,0e3b6f8f899aaed8,1a122736ca224684,true,up,"[0.05,0.25)",false,true,true,false,false
forward_poll_2026h2,PITAF,2026-07,2026-07-24,2026-07-29,V3,3e9ed454b5c8668a,2e76aea7c135aabe,true,down,"(0,0.01)",false,false,false,false,false
forward_poll_2026h2,PITPF,2026-07,2026-08-02,2026-08-04,V3,0f40db7e024138f3,cdc167bc8a687326,true,down,"(0,0.01)",false,false,false,false,true
forward_poll_2026h2,PJT,2026-07,2026-07-28,2026-07-29,V3,b71e24be67ccf333,b71e24be67ccf333,false,none,0,true,true,false,false,false
forward_poll_2026h2,PKBK,2026-07,2026-07-22,2026-07-22,V5,eb2169ebe52f27af,eb2169ebe52f27af,false,none,0,,,false,,false
forward_poll_2026h2,PKCOF,2026-06,2026-06-15,2026-06-15,V3,3ccc6ae13547f9e9,3ccc6ae13547f9e9,false,none,0,true,true,false,false,false
forward_poll_2026h2,PKE,2026-07,2026-07-21,2026-07-21,V3,88e8f29e01d4c1bc,88e8f29e01d4c1bc,false,none,0,true,true,false,false,false
forward_poll_2026h2,PKG,2026-07,2026-07-22,2026-07-26,V5,5e44269660dc51f3,5e44269660dc51f3,false,none,0,false,false,false,false,false
forward_poll_2026h2,PKX,2026-07,2026-08-04,2026-08-04,V3,51626f070329ccd8,51626f070329ccd8,false,none,0,true,true,false,false,true
forward_poll_2026h2,PKX,2026-07,2026-07-30,2026-07-30,V3,c9d2d5c1e010a885,c9d2d5c1e010a885,false,none,0,true,true,false,false,false
forward_poll_2026h2,PKX,2026-07,2026-07-31,2026-07-31,V3,c9d2d5c1e010a885,c9d2d5c1e010a885,false,none,0,true,true,false,false,false
forward_poll_2026h2,PL,2026-06,2026-06-05,2026-06-07,V5,fe5a83a13c1ef6a0,3e81f4973fd7f472,true,up,"[0.25,1.00)",false,true,true,true,false
forward_poll_2026h2,PL-WT,2026-06,2026-06-05,2026-06-05,V3,9b573a7c1b8705e5,9b573a7c1b8705e5,false,none,0,false,false,false,false,false
forward_poll_2026h2,PLAY,2026-06,2026-06-15,2026-06-22,V5,c1620b17fbd76d9b,2ef7fa99b6d7a723,true,up,"[0.05,0.25)",false,false,false,false,false
forward_poll_2026h2,PLBC,2026-07,2026-07-15,2026-07-15,V5,a10c7be0ff0e1e5f,a10c7be0ff0e1e5f,false,none,0,false,false,false,false,false
forward_poll_2026h2,PLCE,2026-06,2026-06-13,2026-06-17,V3,c71d303afff5c4ae,841de7b93986d967,true,up,"(0,0.01)",false,false,false,false,false
forward_poll_2026h2,PLD,2026-07,2026-07-16,2026-07-23,V3,a8508debf9ff9bd8,a8508debf9ff9bd8,false,none,0,true,true,false,false,false
forward_poll_2026h2,PLDGP,2026-07,2026-07-29,2026-07-30,V5,7fede9f6a6fa1f97,8d400cc47851a558,true,up,"[0.01,0.05)",,,false,,false
forward_poll_2026h2,PLFRF,2026-07,2026-07-27,2026-07-30,V3,e04f9eaf1cdb7ede,5978f1c20602eb1b,true,down,"[0.05,0.25)",false,false,false,false,false
forward_poll_2026h2,PLG,2026-07,2026-07-16,2026-07-16,V3,91d659d15854f3f9,91d659d15854f3f9,false,none,0,false,false,false,false,false
forward_poll_2026h2,PLJJF,2026-07,2026-07-11,2026-07-11,V5,ee7b5804f2abda18,ee7b5804f2abda18,false,none,0,false,false,false,false,true
forward_poll_2026h2,PLLIF,2026-07,2026-07-30,2026-07-30,V3,6fa6faa171f95263,00f86ded25c0e4a2,true,up,"[0.01,0.05)",false,false,false,true,false
forward_poll_2026h2,PLLMF,2026-06,2026-06-05,2026-06-05,V5,b292a23190c37e90,b292a23190c37e90,false,none,0,,,false,,false
forward_poll_2026h2,PLLMF,2026-06,2026-06-07,2026-06-07,V5,b292a23190c37e90,b292a23190c37e90,false,none,0,,,false,,false
forward_poll_2026h2,PLLMF,2026-06,2026-06-09,2026-06-09,V5,b292a23190c37e90,b292a23190c37e90,false,none,0,,,false,,false
forward_poll_2026h2,PLLMF,2026-06,2026-06-10,2026-06-10,V5,b292a23190c37e90,b292a23190c37e90,false,none,0,,,false,,false
forward_poll_2026h2,PLLMF,2026-06,2026-06-11,2026-06-11,V5,b292a23190c37e90,b292a23190c37e90,false,none,0,,,false,,false
forward_poll_2026h2,PLLMF,2026-06,2026-06-14,2026-06-14,V5,b292a23190c37e90,b292a23190c37e90,false,none,0,,,false,,false
forward_poll_2026h2,PLLMF,2026-06,2026-06-16,2026-06-16,V5,b292a23190c37e90,b292a23190c37e90,false,none,0,,,false,,false
forward_poll_2026h2,PLLMF,2026-06,2026-06-17,2026-06-17,V5,b292a23190c37e90,b292a23190c37e90,false,none,0,,,false,,false
forward_poll_2026h2,PLLMF,2026-06,2026-06-18,2026-06-18,V5,b292a23190c37e90,b292a23190c37e90,false,none,0,,,false,,false
forward_poll_2026h2,PLLMF,2026-06,2026-06-21,2026-06-21,V5,b292a23190c37e90,b292a23190c37e90,false,none,0,,,false,,false
forward_poll_2026h2,PLLMF,2026-06,2026-06-23,2026-06-23,V5,b292a23190c37e90,b292a23190c37e90,false,none,0,,,false,,false
forward_poll_2026h2,PLLMF,2026-06,2026-06-24,2026-06-24,V5,b292a23190c37e90,b292a23190c37e90,false,none,0,,,false,,false
forward_poll_2026h2,PLLMF,2026-06,2026-06-25,2026-06-25,V5,b292a23190c37e90,b292a23190c37e90,false,none,0,,,false,,false
forward_poll_2026h2,PLLMF,2026-07,2026-07-05,2026-07-05,V5,b292a23190c37e90,b292a23190c37e90,false,none,0,,,false,,false
forward_poll_2026h2,PLLMF,2026-07,2026-07-07,2026-07-07,V5,b292a23190c37e90,b292a23190c37e90,false,none,0,,,false,,false
forward_poll_2026h2,PLLMF,2026-07,2026-07-08,2026-07-08,V5,b292a23190c37e90,b292a23190c37e90,false,none,0,,,false,,false
forward_poll_2026h2,PLLMF,2026-07,2026-07-10,2026-07-10,V5,b292a23190c37e90,b292a23190c37e90,false,none,0,,,false,,false
forward_poll_2026h2,PLLMF,2026-07,2026-07-12,2026-07-12,V5,b292a23190c37e90,b292a23190c37e90,false,none,0,,,false,,false
forward_poll_2026h2,PLLMF,2026-07,2026-07-14,2026-07-14,V5,b292a23190c37e90,b292a23190c37e90,false,none,0,,,false,,false
forward_poll_2026h2,PLLMF,2026-07,2026-07-15,2026-07-15,V5,b292a23190c37e90,b292a23190c37e90,false,none,0,,,false,,false
forward_poll_2026h2,PLLMF,2026-07,2026-07-16,2026-07-16,V5,b292a23190c37e90,b292a23190c37e90,false,none,0,,,false,,false
forward_poll_2026h2,PLLMF,2026-07,2026-07-19,2026-07-19,V5,b292a23190c37e90,b292a23190c37e90,false,none,0,,,false,,false
forward_poll_2026h2,PLLMF,2026-07,2026-07-21,2026-07-21,V5,b292a23190c37e90,b292a23190c37e90,false,none,0,,,false,,false
forward_poll_2026h2,PLLMF,2026-07,2026-07-22,2026-07-22,V5,b292a23190c37e90,b292a23190c37e90,false,none,0,,,false,,false
forward_poll_2026h2,PLLMF,2026-07,2026-07-23,2026-07-23,V5,b292a23190c37e90,b292a23190c37e90,false,none,0,,,false,,false
forward_poll_2026h2,PLLMF,2026-07,2026-07-26,2026-07-26,V5,b292a23190c37e90,b292a23190c37e90,false,none,0,,,false,,false
forward_poll_2026h2,PLLMF,2026-07,2026-07-28,2026-07-28,V5,b292a23190c37e90,b292a23190c37e90,false,none,0,,,false,,false
forward_poll_2026h2,PLLMF,2026-07,2026-07-29,2026-07-29,V5,b292a23190c37e90,b292a23190c37e90,false,none,0,,,false,,false
forward_poll_2026h2,PLLMF,2026-07,2026-07-30,2026-07-30,V5,b292a23190c37e90,b292a23190c37e90,false,none,0,,,false,,false
forward_poll_2026h2,PLLMF,2026-08,2026-08-03,2026-08-03,V5,b292a23190c37e90,b292a23190c37e90,false,none,0,,,false,,false
forward_poll_2026h2,PLMR,2026-08,2026-08-04,2026-08-04,V5,3af4cc24a8b4b3a1,3af4cc24a8b4b3a1,false,none,0,false,false,false,false,false
forward_poll_2026h2,PLOW,2026-08,2026-08-03,2026-08-03,V5,667f145dac73cc25,667f145dac73cc25,false,none,0,true,true,false,false,false
forward_poll_2026h2,PLPC,2026-07,2026-07-29,2026-07-29,V5,09fd2c60afe3e8b7,09fd2c60afe3e8b7,false,none,0,true,true,false,false,false
forward_poll_2026h2,PLSDF,2026-07,2026-07-30,2026-07-30,V5,d02f4e15fde5930a,d02f4e15fde5930a,false,none,0,,,false,,true
forward_poll_2026h2,PLTR,2026-08,2026-08-03,2026-08-04,V5,2bd321074b1bc2d4,2bd321074b1bc2d4,false,none,0,true,true,false,false,false
forward_poll_2026h2,PLUS,2026-08,2026-08-04,2026-08-04,V5,7bafee0d3e4a0c45,7bafee0d3e4a0c45,false,none,0,false,false,false,false,false
forward_poll_2026h2,PLXS,2026-07,2026-07-29,2026-08-02,V5,133f750a49862c55,133f750a49862c55,false,none,0,false,false,false,false,false
forward_poll_2026h2,PM,2026-07,2026-07-22,2026-07-26,V5,a13b8647f9fd5369,958056017a9b66ca,true,up,"[0.01,0.05)",false,false,false,false,false
forward_poll_2026h2,PMBPF,2026-07,2026-07-31,2026-08-04,V3,6e18fbc4bbf56402,c92dc9e2e7b79b75,true,up,"(0,0.01)",false,false,false,false,false
forward_poll_2026h2,PMCB,2026-07,2026-07-31,2026-07-31,V3,4372a81c19c7998a,4372a81c19c7998a,false,none,0,true,true,false,false,true
forward_poll_2026h2,PMCCF,2026-06,2026-06-05,2026-06-05,V5,2b522b2c91cecf92,2b522b2c91cecf92,false,none,0,,,false,,true
forward_poll_2026h2,PMDKF,2026-07,2026-07-30,2026-07-30,V3,b31db23873270f22,b31db23873270f22,false,none,0,false,false,false,false,false
forward_poll_2026h2,PMETF,2026-06,2026-06-20,2026-06-22,V3,fdde0f7b34a4786d,0bee524dbb3549a7,true,down,"(0,0.01)",false,false,false,false,false
forward_poll_2026h2,PMMAF,2026-07,2026-07-31,2026-07-31,V3,1633f6e8ff30afbb,935097a75bcc8e1b,true,down,"(0,0.01)",true,true,false,false,false
forward_poll_2026h2,PMMBF,2026-07,2026-07-31,2026-07-31,V3,3ca25e11bd26390e,a1b54a03fe3810e8,true,up,"(0,0.01)",false,false,false,false,false
forward_poll_2026h2,PMREF,2026-07,2026-07-30,2026-07-30,V5,a4361387beab07a0,a4361387beab07a0,false,none,0,,,false,,false
forward_poll_2026h2,PMT,2026-07,2026-07-29,2026-07-31,V5,6d8dedbb5e3fbe83,6d8dedbb5e3fbe83,false,none,0,false,false,false,false,false
forward_poll_2026h2,PMT-PA,2026-07,2026-07-29,2026-07-29,V3,e99bf1eb09bebbd7,e99bf1eb09bebbd7,false,none,0,false,false,false,false,false
forward_poll_2026h2,PMT-PB,2026-07,2026-07-30,2026-07-30,V3,ae16caa6982f9fa8,ae16caa6982f9fa8,false,none,0,false,false,false,false,false
forward_poll_2026h2,PMT-PC,2026-07,2026-07-30,2026-07-30,V3,a24b7f8ee34a1032,a24b7f8ee34a1032,false,none,0,false,false,false,false,false
forward_poll_2026h2,PMTU,2026-07,2026-07-30,2026-07-30,V3,79942ee361b88b71,79942ee361b88b71,false,none,0,false,false,false,false,false
forward_poll_2026h2,PNC,2026-07,2026-07-15,2026-07-18,V5,cfb0083c7a16fda3,a05b9de14dff2700,true,up,"[0.01,0.05)",false,false,false,false,false
forward_poll_2026h2,PNC-PP,2026-07,2026-07-16,2026-07-18,V5,69f3f7383114cf14,1d4828920b9c384f,true,up,>=1.00,,false,false,,false
forward_poll_2026h2,PNDDF,2026-06,2026-06-05,2026-06-05,V5,d64a549613e4a8fa,d64a549613e4a8fa,false,none,0,,,false,,false
forward_poll_2026h2,PNDDF,2026-06,2026-06-07,2026-06-07,V5,d64a549613e4a8fa,d64a549613e4a8fa,false,none,0,,,false,,false
forward_poll_2026h2,PNDDF,2026-06,2026-06-09,2026-06-09,V5,d64a549613e4a8fa,d64a549613e4a8fa,false,none,0,,,false,,false
forward_poll_2026h2,PNDDF,2026-06,2026-06-10,2026-06-10,V5,d64a549613e4a8fa,d64a549613e4a8fa,false,none,0,,,false,,false
forward_poll_2026h2,PNDDF,2026-06,2026-06-11,2026-06-11,V5,d64a549613e4a8fa,d64a549613e4a8fa,false,none,0,,,false,,false
forward_poll_2026h2,PNDDF,2026-06,2026-06-14,2026-06-16,V5,d64a549613e4a8fa,bee78ae6f4ab32dc,true,up,"(0,0.01)",,,false,,false
forward_poll_2026h2,PNDDF,2026-06,2026-06-16,2026-06-16,V5,bee78ae6f4ab32dc,bee78ae6f4ab32dc,false,none,0,,,false,,false
forward_poll_2026h2,PNDDF,2026-06,2026-06-17,2026-06-17,V5,bee78ae6f4ab32dc,bee78ae6f4ab32dc,false,none,0,,,false,,false
forward_poll_2026h2,PNDDF,2026-06,2026-06-18,2026-06-18,V5,bee78ae6f4ab32dc,bee78ae6f4ab32dc,false,none,0,,,false,,false
forward_poll_2026h2,PNDDF,2026-06,2026-06-21,2026-06-21,V5,bee78ae6f4ab32dc,bee78ae6f4ab32dc,false,none,0,,,false,,false
forward_poll_2026h2,PNDDF,2026-06,2026-06-23,2026-06-23,V5,bee78ae6f4ab32dc,bee78ae6f4ab32dc,false,none,0,,,false,,false
forward_poll_2026h2,PNDDF,2026-06,2026-06-24,2026-06-24,V5,bee78ae6f4ab32dc,bee78ae6f4ab32dc,false,none,0,,,false,,false
forward_poll_2026h2,PNDDF,2026-06,2026-06-25,2026-06-25,V5,bee78ae6f4ab32dc,bee78ae6f4ab32dc,false,none,0,,,false,,false
forward_poll_2026h2,PNDDF,2026-07,2026-07-05,2026-07-05,V5,bee78ae6f4ab32dc,bee78ae6f4ab32dc,false,none,0,,,false,,false
forward_poll_2026h2,PNDDF,2026-07,2026-07-07,2026-07-07,V5,bee78ae6f4ab32dc,bee78ae6f4ab32dc,false,none,0,,,false,,false
forward_poll_2026h2,PNDDF,2026-07,2026-07-08,2026-07-08,V5,bee78ae6f4ab32dc,bee78ae6f4ab32dc,false,none,0,,,false,,false
forward_poll_2026h2,PNDDF,2026-07,2026-07-10,2026-07-10,V5,bee78ae6f4ab32dc,bee78ae6f4ab32dc,false,none,0,,,false,,false
forward_poll_2026h2,PNDDF,2026-07,2026-07-12,2026-07-12,V5,bee78ae6f4ab32dc,bee78ae6f4ab32dc,false,none,0,,,false,,false
forward_poll_2026h2,PNDDF,2026-07,2026-07-14,2026-07-14,V5,bee78ae6f4ab32dc,bee78ae6f4ab32dc,false,none,0,,,false,,false
forward_poll_2026h2,PNDDF,2026-07,2026-07-15,2026-07-15,V5,bee78ae6f4ab32dc,bee78ae6f4ab32dc,false,none,0,,,false,,false
forward_poll_2026h2,PNDDF,2026-07,2026-07-16,2026-07-16,V5,bee78ae6f4ab32dc,bee78ae6f4ab32dc,false,none,0,,,false,,false
forward_poll_2026h2,PNDDF,2026-07,2026-07-20,2026-07-20,V5,bee78ae6f4ab32dc,bee78ae6f4ab32dc,false,none,0,,,false,,false
forward_poll_2026h2,PNDDF,2026-07,2026-07-21,2026-07-21,V5,bee78ae6f4ab32dc,bee78ae6f4ab32dc,false,none,0,,,false,,false
forward_poll_2026h2,PNDDF,2026-07,2026-07-22,2026-07-22,V5,bee78ae6f4ab32dc,bee78ae6f4ab32dc,false,none,0,,,false,,false
forward_poll_2026h2,PNDDF,2026-07,2026-07-23,2026-07-23,V5,bee78ae6f4ab32dc,bee78ae6f4ab32dc,false,none,0,,,false,,false
forward_poll_2026h2,PNDDF,2026-07,2026-07-26,2026-07-26,V5,bee78ae6f4ab32dc,bee78ae6f4ab32dc,false,none,0,,,false,,false
forward_poll_2026h2,PNDDF,2026-07,2026-07-28,2026-07-28,V5,bee78ae6f4ab32dc,bee78ae6f4ab32dc,false,none,0,,,false,,false
forward_poll_2026h2,PNDDF,2026-07,2026-07-29,2026-07-29,V5,bee78ae6f4ab32dc,bee78ae6f4ab32dc,false,none,0,,,false,,false
forward_poll_2026h2,PNDDF,2026-07,2026-07-30,2026-07-30,V5,bee78ae6f4ab32dc,bee78ae6f4ab32dc,false,none,0,,,false,,false
forward_poll_2026h2,PNDDF,2026-08,2026-08-03,2026-08-03,V5,bee78ae6f4ab32dc,bee78ae6f4ab32dc,false,none,0,,,false,,false
forward_poll_2026h2,PNDHF,2026-06,2026-06-07,2026-06-07,V3,89eece080db2f11f,89eece080db2f11f,false,none,0,true,true,false,false,true
forward_poll_2026h2,PNDXF,2026-07,2026-07-16,2026-07-17,V3,a330ac9ea72bc930,e8e8d4bfa97da794,true,up,"[0.05,0.25)",false,false,false,true,false
forward_poll_2026h2,PNFP,2026-07,2026-07-22,2026-07-26,V5,96010b57e3a3d6bf,96010b57e3a3d6bf,false,none,0,false,false,false,false,false
forward_poll_2026h2,PNPFF,2026-07,2026-08-01,2026-08-01,V5,736c5c23e6112a6f,736c5c23e6112a6f,false,none,0,,,false,,true
forward_poll_2026h2,PNPNF,2026-06,2026-06-05,2026-06-05,V5,8340188145f8ee3b,8340188145f8ee3b,false,none,0,true,true,false,false,true
forward_poll_2026h2,PNR,2026-07,2026-07-28,2026-08-04,V5,5e3b59f57334c155,5e3b59f57334c155,false,none,0,false,false,false,false,false
forward_poll_2026h2,PNTZF,2026-07,2026-07-30,2026-07-30,V5,359758d1076e1115,359758d1076e1115,false,none,0,,,false,,false
forward_poll_2026h2,PNTZF,2026-07,2026-07-30,2026-07-31,V5,fbe1954fb82435bf,9ee4f8f9a53c12be,true,up,"(0,0.01)",,,false,,false
forward_poll_2026h2,PNW,2026-08,2026-08-04,2026-08-04,V5,5d897892ca728a24,5d897892ca728a24,false,none,0,false,false,false,false,false
forward_poll_2026h2,PODC,2026-06,2026-06-24,2026-06-24,V5,98480c8fd077c865,98480c8fd077c865,false,none,0,true,true,false,false,false
forward_poll_2026h2,POELF,2026-07,2026-07-26,2026-07-26,V5,d72883d5377ccae3,d72883d5377ccae3,false,none,0,false,false,false,false,false
forward_poll_2026h2,POOL,2026-07,2026-07-23,2026-07-26,V5,7768f18f094e4a53,7768f18f094e4a53,false,none,0,false,false,false,false,false
forward_poll_2026h2,POR,2026-07,2026-07-31,2026-07-31,V3,e8c1fc08bf98a71b,e8c1fc08bf98a71b,false,none,0,false,false,false,false,false
forward_poll_2026h2,PORT,2026-08,2026-08-05,2026-08-05,V3,8b37129f35709071,8b37129f35709071,false,none,0,,,false,,false
forward_poll_2026h2,POWL,2026-08,2026-08-03,2026-08-04,V5,1ebe5541616cd5ad,1ebe5541616cd5ad,false,none,0,false,false,false,false,false
forward_poll_2026h2,POWW,2026-06,2026-06-22,2026-06-23,V5,27fcee574e0e0648,c66aaf715bffbc17,true,down,"[0.01,0.05)",true,false,true,true,false
forward_poll_2026h2,POWWP,2026-06,2026-06-22,2026-06-22,V3,c0366c6be20996f2,c0366c6be20996f2,false,none,0,false,false,false,false,false
forward_poll_2026h2,PPBN,2026-07,2026-07-28,2026-08-03,V5,b34cc825c0f11e92,b34cc825c0f11e92,false,none,0,,,false,,false
forward_poll_2026h2,PPC,2026-07,2026-07-29,2026-08-03,V5,cb693eff52a916bc,cb693eff52a916bc,false,none,0,false,false,false,false,false
forward_poll_2026h2,PPERF,2026-07,2026-07-27,2026-07-27,V3,2f8f765ae9d79755,2f8f765ae9d79755,false,none,0,true,true,false,false,true
forward_poll_2026h2,PPERY,2026-07,2026-07-31,2026-07-31,V3,823bca2b38fdf9a3,823bca2b38fdf9a3,false,none,0,true,true,false,false,true
forward_poll_2026h2,PPG,2026-07,2026-07-28,2026-08-04,V5,679e605d9e4943a2,679e605d9e4943a2,false,none,0,false,false,false,false,false
forward_poll_2026h2,PPIH,2026-06,2026-06-09,2026-06-09,V3,f3afc3c43a6b32d4,f3afc3c43a6b32d4,false,none,0,false,false,false,false,false
forward_poll_2026h2,PPLAF,2026-07,2026-07-31,2026-08-04,V3,1780882091e5a702,1780882091e5a702,false,none,0,false,false,false,false,false
forward_poll_2026h2,PPLI,2026-08,2026-08-03,2026-08-04,V3,999db4aac0c7bcf5,69144cd5eea619f2,true,down,"[0.05,0.25)",true,true,false,false,false
forward_poll_2026h2,PPLN,2026-07,2026-07-14,2026-07-15,V5,4a6a757a8c26f140,4a93b59716fb47b7,true,down,>=1.00,,,false,,false
forward_poll_2026h2,PPOKF,2026-07,2026-08-02,2026-08-03,V3,df06f28514a27d1d,df06f28514a27d1d,false,none,0,,,false,,true
forward_poll_2026h2,PPRQF,2026-07,2026-07-23,2026-07-23,V5,760a16aaa46c2a44,8e6168ee90857a5c,true,up,"(0,0.01)",,,false,,false
forward_poll_2026h2,PPRUF,2026-07,2026-07-28,2026-07-28,V5,b0132badc9f67a42,b0132badc9f67a42,false,none,0,false,false,false,false,false
forward_poll_2026h2,PPRUY,2026-07,2026-07-28,2026-07-30,V3,fb4609a41c324ea6,49a56cb9ed7116b0,true,down,"(0,0.01)",false,false,false,false,false
forward_poll_2026h2,PPYA,2026-07,2026-07-19,2026-07-19,V5,a41d121af095631d,a41d121af095631d,false,none,0,,,false,,true
forward_poll_2026h2,PRCH,2026-07,2026-07-29,2026-08-01,V5,31e4e7879a422d42,31e4e7879a422d42,false,none,0,true,true,false,false,false
forward_poll_2026h2,PRCT,2026-08,2026-08-04,2026-08-04,V5,5087fd12c186c7ec,5087fd12c186c7ec,false,none,0,false,false,false,false,false
forward_poll_2026h2,PRDSF,2026-07,2026-07-30,2026-07-30,V3,c1315a6af5bdca70,c1315a6af5bdca70,false,none,0,true,true,false,false,false
forward_poll_2026h2,PRDSY,2026-07,2026-07-30,2026-07-31,V3,b8193ca31010cc42,4b1610af3c94b64c,true,up,"(0,0.01)",true,true,false,false,false
forward_poll_2026h2,PRE,2026-06,2026-06-12,2026-06-17,V3,7e16d01d1bbb86a5,11a106567c50d57f,true,up,>=1.00,false,false,false,false,true
forward_poll_2026h2,PREIF,2026-07,2026-07-24,2026-07-24,V5,fac6a475e32f100c,fac6a475e32f100c,false,none,0,,,false,,false
forward_poll_2026h2,PREKF,2026-07,2026-07-14,2026-07-14,V3,a58e10c87da94977,613025515cd0085f,true,down,"(0,0.01)",false,true,true,true,false
forward_poll_2026h2,PRENW,2026-06,2026-06-12,2026-06-12,V3,cb5b163325e73f34,cb5b163325e73f34,false,none,0,false,false,false,false,true
forward_poll_2026h2,PRG,2026-07,2026-07-29,2026-08-01,V5,e74b2a08f1ec31ba,e74b2a08f1ec31ba,false,none,0,true,true,false,false,false
forward_poll_2026h2,PRGS,2026-06,2026-07-04,2026-07-07,V3,94d571c2145f9fe4,94d571c2145f9fe4,false,none,0,true,true,false,false,true
forward_poll_2026h2,PRH,2026-08,2026-08-05,2026-08-05,V3,7e573f114c7269d5,7e573f114c7269d5,false,none,0,true,true,false,false,false
forward_poll_2026h2,PRIM,2026-08,2026-08-04,2026-08-04,V5,7a0159b11f883b15,7a0159b11f883b15,false,none,0,true,true,false,false,false
forward_poll_2026h2,PRK,2026-07,2026-07-27,2026-07-27,V5,bc715f6b760d2acf,bc715f6b760d2acf,false,none,0,true,true,false,false,false
forward_poll_2026h2,PRKS,2026-08,2026-08-04,2026-08-04,V3,a089456c9abe8ec2,a089456c9abe8ec2,false,none,0,false,false,false,false,false
forward_poll_2026h2,PRKWF,2026-08,2026-08-04,2026-08-04,V5,c6a557d5aeb6dab1,c6a557d5aeb6dab1,false,none,0,,,false,,false
forward_poll_2026h2,PRLB,2026-07,2026-07-31,2026-07-31,V5,b82ecd908bc0e0d8,b82ecd908bc0e0d8,false,none,0,true,true,false,false,false
forward_poll_2026h2,PRM,2026-07,2026-07-31,2026-07-31,V3,78816e224bd1c384,78816e224bd1c384,false,none,0,false,false,false,false,false
forward_poll_2026h2,PRMB,2026-08,2026-08-05,2026-08-05,V5,3e7bbdf66d8260ab,3e7bbdf66d8260ab,false,none,0,true,true,false,false,false
forward_poll_2026h2,PROSF,2026-06,2026-07-04,2026-07-04,V3,53a5bff04b93b13f,53a5bff04b93b13f,false,none,0,,,false,,true
forward_poll_2026h2,PROV,2026-07,2026-07-28,2026-07-31,V5,f6944482140473f5,f6944482140473f5,false,none,0,true,true,false,false,false
forward_poll_2026h2,PRPH,2026-06,2026-06-07,2026-06-07,V5,536d115b1c63a84d,536d115b1c63a84d,false,none,0,true,true,false,false,true
forward_poll_2026h2,PRPH,2026-06,2026-06-09,2026-06-09,V5,536d115b1c63a84d,536d115b1c63a84d,false,none,0,true,true,false,false,false
forward_poll_2026h2,PRPH,2026-06,2026-06-11,2026-06-11,V5,536d115b1c63a84d,536d115b1c63a84d,false,none,0,true,true,false,false,false
forward_poll_2026h2,PRPH,2026-06,2026-06-16,2026-06-16,V5,536d115b1c63a84d,536d115b1c63a84d,false,none,0,true,true,false,false,false
forward_poll_2026h2,PRPH,2026-06,2026-06-21,2026-06-21,V5,536d115b1c63a84d,536d115b1c63a84d,false,none,0,true,true,false,false,false
forward_poll_2026h2,PRPH,2026-06,2026-06-24,2026-06-24,V5,536d115b1c63a84d,536d115b1c63a84d,false,none,0,true,true,false,false,false
forward_poll_2026h2,PRPH,2026-06,2026-07-04,2026-07-07,V5,ddd7e23c935d1ccb,ddd7e23c935d1ccb,false,none,0,,,false,,true
forward_poll_2026h2,PRS,2026-08,2026-08-05,2026-08-05,V3,5309f1fb2f0857c2,5309f1fb2f0857c2,false,none,0,true,true,false,false,false
forward_poll_2026h2,PRSEF,2026-05,2026-06-05,2026-06-05,V3,f02a192fd2506c40,f02a192fd2506c40,false,none,0,false,false,false,false,true
forward_poll_2026h2,PRSNF,2026-06,2026-06-05,2026-06-05,V5,431ec22a49066290,431ec22a49066290,false,none,0,,,false,,true
forward_poll_2026h2,PRU,2026-08,2026-08-04,2026-08-04,V5,eeeba65d353b60dc,eeeba65d353b60dc,false,none,0,true,true,false,false,false
forward_poll_2026h2,PRYMF,2026-07,2026-07-31,2026-08-01,V3,ba4ef195c429258a,86233639d5b1004b,true,down,"[0.05,0.25)",true,false,true,true,false
forward_poll_2026h2,PRYNF,2026-06,2026-06-05,2026-06-05,V5,90f98a8278918cb7,90f98a8278918cb7,false,none,0,,,false,,true
forward_poll_2026h2,PRZFF,2026-07,2026-07-25,2026-07-25,V5,fa70c63a4ec10bbb,fa70c63a4ec10bbb,false,none,0,,,false,,true
forward_poll_2026h2,PS,2026-06,2026-06-05,2026-06-05,V5,404485c8627d52d8,404485c8627d52d8,false,none,0,true,true,false,false,true
forward_poll_2026h2,PS,2026-06,2026-06-08,2026-06-08,V5,404485c8627d52d8,404485c8627d52d8,false,none,0,true,true,false,false,true
forward_poll_2026h2,PSA,2026-07,2026-07-29,2026-08-01,V3,71a1029aa5a5d3a2,59a2ed6c690015b2,true,down,>=1.00,true,false,true,false,false
forward_poll_2026h2,PSA-PF,2026-07,2026-07-29,2026-07-29,V3,e9dec55da33fbd3c,e9dec55da33fbd3c,false,none,0,false,false,false,false,false
forward_poll_2026h2,PSA-PG,2026-07,2026-07-30,2026-07-30,V3,da81bd3bf120f9f4,da81bd3bf120f9f4,false,none,0,false,false,false,false,false
forward_poll_2026h2,PSA-PH,2026-07,2026-07-30,2026-07-30,V3,c3d8da01e4b44bba,c3d8da01e4b44bba,false,none,0,false,false,false,false,false
forward_poll_2026h2,PSA-PI,2026-07,2026-07-30,2026-07-30,V3,13889911e27f9089,13889911e27f9089,false,none,0,false,false,false,false,false
forward_poll_2026h2,PSA-PJ,2026-07,2026-07-30,2026-07-30,V3,87a2f2a9b7879e8a,87a2f2a9b7879e8a,false,none,0,false,false,false,false,false
forward_poll_2026h2,PSA-PK,2026-07,2026-07-30,2026-07-30,V3,00ef569b71e8cc90,00ef569b71e8cc90,false,none,0,false,false,false,false,false
forward_poll_2026h2,PSA-PL,2026-07,2026-07-30,2026-07-30,V3,b49138f26811874b,b49138f26811874b,false,none,0,false,false,false,false,false
forward_poll_2026h2,PSA-PM,2026-07,2026-07-29,2026-07-29,V3,925ec0962ceba0e2,925ec0962ceba0e2,false,none,0,false,false,false,false,false
forward_poll_2026h2,PSA-PN,2026-07,2026-07-30,2026-07-30,V3,d66e997da3197193,d66e997da3197193,false,none,0,false,false,false,false,false
forward_poll_2026h2,PSA-PO,2026-07,2026-07-30,2026-07-30,V3,db32aff798239a66,db32aff798239a66,false,none,0,false,false,false,false,false
forward_poll_2026h2,PSA-PP,2026-07,2026-07-30,2026-07-30,V3,88cdf728cb95fef3,88cdf728cb95fef3,false,none,0,false,false,false,false,false
forward_poll_2026h2,PSA-PQ,2026-07,2026-07-30,2026-07-30,V3,72a4dddaf1533cf8,72a4dddaf1533cf8,false,none,0,false,false,false,false,false
forward_poll_2026h2,PSA-PR,2026-07,2026-07-30,2026-07-30,V3,b6ad961e50bdb3df,b6ad961e50bdb3df,false,none,0,false,false,false,false,false
forward_poll_2026h2,PSA-PS,2026-07,2026-07-30,2026-07-30,V3,135e8e89bbc0cabd,135e8e89bbc0cabd,false,none,0,false,false,false,false,false
forward_poll_2026h2,PSBQ,2026-07,2026-07-27,2026-07-27,V5,56758333fdc18a05,56758333fdc18a05,false,none,0,,,false,,false
forward_poll_2026h2,PSHG,2026-07,2026-07-29,2026-07-29,V5,86c6ffebd517723b,86c6ffebd517723b,false,none,0,false,false,false,false,false
forward_poll_2026h2,PSKRF,2026-07,2026-07-11,2026-07-12,V3,dd2f4142b2e03116,92ffd79484e3b43f,true,down,"(0,0.01)",true,true,false,false,true
forward_poll_2026h2,PSKY,2026-08,2026-08-04,2026-08-05,V5,fdcd8cffcffe5711,fdcd8cffcffe5711,false,none,0,true,true,false,false,false
forward_poll_2026h2,PSMT,2026-07,2026-07-08,2026-07-08,V3,30a46795768e6956,30a46795768e6956,false,none,0,false,false,false,false,false
forward_poll_2026h2,PSN,2026-07,2026-07-29,2026-07-29,V5,020e3be5d887c72d,020e3be5d887c72d,false,none,0,false,false,false,false,false
forward_poll_2026h2,PSNL,2026-08,2026-08-04,2026-08-05,V3,260d403f9a89b844,260d403f9a89b844,false,none,0,false,false,false,false,false
forward_poll_2026h2,PSO,2026-07,2026-07-31,2026-08-01,V3,859347811e826cb3,8b9807243af330b6,true,up,"(0,0.01)",true,true,false,false,false
forward_poll_2026h2,PSORF,2026-07,2026-07-31,2026-07-31,V5,3d7df864e524fbd6,051e2debfe3b1265,true,up,"(0,0.01)",false,false,false,false,false
forward_poll_2026h2,PSQH,2026-07,2026-07-29,2026-07-29,V5,8fb1cd4aec598b32,851631a862288356,true,down,"[0.05,0.25)",false,false,false,false,false
forward_poll_2026h2,PSRHF,2026-06,2026-06-05,2026-06-05,V5,dfe6af612876c370,dfe6af612876c370,false,none,0,,,false,,true
forward_poll_2026h2,PSSWF,2026-07,2026-07-15,2026-07-18,V3,9c089868ff7e7a52,9c089868ff7e7a52,false,none,0,false,false,false,false,true
forward_poll_2026h2,PSTL,2026-08,2026-08-04,2026-08-05,V3,467d7de98ef6759c,41d25f90a7075a9f,true,down,"[0.05,0.25)",true,true,false,false,false
forward_poll_2026h2,PTAIF,2026-07,2026-08-01,2026-08-01,V3,af56ed81aee1d57d,af56ed81aee1d57d,false,none,0,false,false,false,false,true
forward_poll_2026h2,PTAIY,2026-07,2026-08-02,2026-08-02,V3,0ac75b6b059280c0,0ac75b6b059280c0,false,none,0,false,false,false,false,true
forward_poll_2026h2,PTBS,2026-07,2026-07-29,2026-07-29,V5,dc1e4137654330f2,dc1e4137654330f2,false,none,0,,,false,,false
forward_poll_2026h2,PTC,2026-07,2026-07-29,2026-07-31,V5,c2b5efe2f3e53e7b,c2b5efe2f3e53e7b,false,none,0,false,false,false,false,false
forward_poll_2026h2,PTCT,2026-07,2026-07-30,2026-07-30,V5,5bda492542dad8c0,5bda492542dad8c0,false,none,0,true,true,false,false,false
forward_poll_2026h2,PTEEF,2026-07,2026-07-29,2026-07-29,V5,4189a81c04d3157c,4189a81c04d3157c,false,none,0,,,false,,false
forward_poll_2026h2,PTEFF,2026-06,2026-06-05,2026-06-05,V5,c8a5560db8174b49,c8a5560db8174b49,false,none,0,,,false,,true
forward_poll_2026h2,PTEN,2026-07,2026-07-30,2026-08-01,V5,2152abc534563974,2152abc534563974,false,none,0,false,false,false,false,false
forward_poll_2026h2,PTITF,2026-07,2026-07-29,2026-07-29,V3,419d12d4ad1e5d8e,419d12d4ad1e5d8e,false,none,0,false,false,false,false,false
forward_poll_2026h2,PTNDF,2026-07,2026-07-30,2026-07-30,V3,d51611e062550659,d51611e062550659,false,none,0,false,false,false,false,false
forward_poll_2026h2,PTPKF,2026-08,2026-08-04,2026-08-04,V3,a309d9fbedd206f5,a309d9fbedd206f5,false,none,0,true,true,false,false,false
forward_poll_2026h2,PTPKF,2026-08,2026-08-05,2026-08-05,V3,a309d9fbedd206f5,a309d9fbedd206f5,false,none,0,true,true,false,false,false
forward_poll_2026h2,PTTMF,2026-07,2026-07-30,2026-08-02,V5,bc5596a9f612cc55,1c06c4bc7ae503ce,true,down,"(0,0.01)",,,false,,true
forward_poll_2026h2,PTTWF,2026-07,2026-07-29,2026-07-29,V5,d27e853494a66f10,d27e853494a66f10,false,none,0,,,false,,true
forward_poll_2026h2,PTXLF,2026-07,2026-08-03,2026-08-03,V3,91547727696e6a24,91547727696e6a24,false,none,0,true,true,false,false,true
forward_poll_2026h2,PTXLF,2026-07,2026-08-02,2026-08-02,V3,2a2e0d52548c4ec8,2a2e0d52548c4ec8,false,none,0,true,true,false,false,true
forward_poll_2026h2,PUBGY,2026-07,2026-07-16,2026-07-18,V3,74a1f8c555f62d64,5305d6e58c6acee6,true,down,"[0.05,0.25)",false,false,false,false,false
forward_poll_2026h2,PUMP,2026-07,2026-07-29,2026-07-29,V5,4373ddc61a1ddea1,4373ddc61a1ddea1,false,none,0,false,false,false,false,false
forward_poll_2026h2,PUMSY,2026-07,2026-07-31,2026-08-01,V3,599d2598d5268dd8,c79a43ab0b9545c6,true,down,"(0,0.01)",false,false,false,false,false
forward_poll_2026h2,PUMXF,2026-06,2026-06-20,2026-06-20,V5,56d4f2465ddfedf3,56d4f2465ddfedf3,false,none,0,,,false,,true
forward_poll_2026h2,PUODY,2026-07,2026-07-24,2026-07-24,V3,4e5ce0846d8e09fe,4e5ce0846d8e09fe,false,none,0,false,false,false,false,false
forward_poll_2026h2,PURE,2026-06,2026-06-16,2026-06-16,V5,16678475d7b5e519,16678475d7b5e519,false,none,0,,,false,,false
forward_poll_2026h2,PUTKF,2026-07,2026-07-30,2026-07-30,V3,f0e4f975eb027339,f0e4f975eb027339,false,none,0,false,false,false,false,true
forward_poll_2026h2,PUTKF,2026-07,2026-07-30,2026-07-30,V3,f0e4f975eb027339,f0e4f975eb027339,false,none,0,false,false,false,false,false
forward_poll_2026h2,PVARF,2026-06,2026-07-04,2026-07-04,V5,e85a1ff80e351240,e85a1ff80e351240,false,none,0,true,true,false,false,true
forward_poll_2026h2,PVBK,2026-07,2026-07-27,2026-07-27,V5,4e01a36f125f6a2c,4e01a36f125f6a2c,false,none,0,,,false,,false
forward_poll_2026h2,PVH,2026-06,2026-06-05,2026-06-06,V5,d2f6afcd17363e75,d2f6afcd17363e75,false,none,0,true,true,false,false,true
forward_poll_2026h2,PVLA,2026-08,2026-08-04,2026-08-04,V5,b744cbbc078965b3,b744cbbc078965b3,false,none,0,false,false,false,false,false
forward_poll_2026h2,PWBK,2026-07,2026-07-28,2026-07-28,V5,cd994b1b7838ff40,cd994b1b7838ff40,false,none,0,,,false,,false
forward_poll_2026h2,PWCDF,2026-07,2026-07-31,2026-07-31,V3,2686ef6e7f30c987,2686ef6e7f30c987,false,none,0,false,false,false,false,false
forward_poll_2026h2,PWFL,2026-06,2026-06-15,2026-06-15,V5,27966e6ee0fab261,27966e6ee0fab261,false,none,0,,,false,,false
forward_poll_2026h2,PWP,2026-07,2026-07-31,2026-07-31,V5,4587764c022ec0d7,4587764c022ec0d7,false,none,0,true,true,false,false,false
forward_poll_2026h2,PWR,2026-07,2026-07-30,2026-08-02,V5,4586aacc81fc889d,4586aacc81fc889d,false,none,0,true,true,false,false,false
forward_poll_2026h2,PWRMF,2026-07,2026-08-01,2026-08-01,V5,998fae310a243a6b,998fae310a243a6b,false,none,0,,,false,,true
forward_poll_2026h2,PXED,2026-07,2026-07-15,2026-07-15,V5,14165d41c2903f04,14165d41c2903f04,false,none,0,true,true,false,false,false
forward_poll_2026h2,PYOIF,2026-07,2026-07-26,2026-08-03,V3,0c5bea6ada7ce0a0,49927010e846ba69,true,down,"[0.05,0.25)",false,false,false,false,false
forward_poll_2026h2,PYPL,2026-07,2026-07-28,2026-08-04,V5,56ab23837b9f1a0c,56ab23837b9f1a0c,false,none,0,false,false,false,false,false
forward_poll_2026h2,PYPTF,2026-06,2026-06-11,2026-06-13,V3,f7dd0289dc9eb2dc,f89fdc2f029ec5ba,true,up,"[0.25,1.00)",false,false,false,false,false
forward_poll_2026h2,PYYIF,2026-07,2026-07-24,2026-07-24,V3,25131966eee5feb9,25131966eee5feb9,false,none,0,false,false,false,false,false
forward_poll_2026h2,PYYIF,2026-07,2026-07-24,2026-07-24,V3,c84e66ffe97ff89b,c84e66ffe97ff89b,false,none,0,false,false,false,false,false
forward_poll_2026h2,PYYX,2026-06,2026-06-05,2026-06-06,V5,49fe99a37f32cd0c,ec70e69f1e539d0a,true,up,"[0.01,0.05)",,,false,,false
forward_poll_2026h2,Q,2026-08,2026-08-04,2026-08-04,V5,f75aeb5af46b5524,f75aeb5af46b5524,false,none,0,true,true,false,false,false
forward_poll_2026h2,QCCUF,2026-06,2026-06-24,2026-06-24,V5,29940ffa4245b176,29940ffa4245b176,false,none,0,,,false,,false
forward_poll_2026h2,QCOM,2026-07,2026-07-29,2026-08-01,V5,e912b096d7a89a77,e912b096d7a89a77,false,none,0,false,false,false,false,false
forward_poll_2026h2,QCRH,2026-07,2026-07-22,2026-07-24,V5,e4b68f2a8b1cf98c,e4b68f2a8b1cf98c,false,none,0,true,true,false,false,false
forward_poll_2026h2,QDMI,2026-06,2026-07-04,2026-07-04,V5,c0091ec233ed3039,c0091ec233ed3039,false,none,0,,,false,,true
forward_poll_2026h2,QEPC,2026-07,2026-07-16,2026-07-16,V5,99bf26e7d5b89783,99bf26e7d5b89783,false,none,0,,,false,,false
forward_poll_2026h2,QLYS,2026-08,2026-08-04,2026-08-04,V5,45150fcb71558116,45150fcb71558116,false,none,0,true,true,false,false,false
forward_poll_2026h2,QNBC,2026-07,2026-07-28,2026-07-28,V5,79b69539a5cb223e,79b69539a5cb223e,false,none,0,,,false,,false
forward_poll_2026h2,QNTO,2026-07,2026-07-30,2026-07-30,V5,0fd49b7ed0c535f9,0fd49b7ed0c535f9,false,none,0,,,false,,false
forward_poll_2026h2,QRVO,2026-07,2026-07-28,2026-07-30,V5,0f28b352e717f7fc,0f28b352e717f7fc,false,none,0,true,true,false,false,false
forward_poll_2026h2,QS,2026-07,2026-07-22,2026-07-24,V5,48bcc2d52daa3ab4,48bcc2d52daa3ab4,false,none,0,false,false,false,false,false
forward_poll_2026h2,QTWO,2026-07,2026-07-29,2026-07-31,V5,51f69dd3cd085bed,51f69dd3cd085bed,false,none,0,false,false,false,false,false
forward_poll_2026h2,QUAD,2026-07,2026-07-28,2026-07-28,V5,cc807b5a696699b7,cc807b5a696699b7,false,none,0,true,true,false,false,false
forward_poll_2026h2,QUCOF,2026-07,2026-07-22,2026-07-23,V3,751e63458ae890d1,b3354cc3cd0c66d1,true,down,"[0.01,0.05)",false,false,false,false,false
forward_poll_2026h2,QUEXF,2026-07,2026-07-27,2026-07-27,V5,2ddf80f34968208f,2ddf80f34968208f,false,none,0,,,false,,false
forward_poll_2026h2,QURE,2026-07,2026-07-29,2026-08-01,V5,46c3ccf67d59cb32,46c3ccf67d59cb32,false,none,0,false,false,false,false,false
forward_poll_2026h2,QYOUF,2026-06,2026-06-17,2026-06-17,V5,967af9d033671689,967af9d033671689,false,none,0,,,false,,false
forward_poll_2026h2,R,2026-07,2026-07-23,2026-07-28,V5,2b17f06159fc53b8,2b17f06159fc53b8,false,none,0,false,false,false,false,false
forward_poll_2026h2,RACE,2026-07,2026-07-30,2026-07-31,V3,55583ed29caec58a,c48211d04cd0a35a,true,down,"[0.05,0.25)",true,true,false,false,false
forward_poll_2026h2,RADLY,2026-08,2026-08-05,2026-08-05,V3,f689ec328ec260a3,f689ec328ec260a3,false,none,0,false,false,false,false,false
forward_poll_2026h2,RAIFF,2026-07,2026-07-31,2026-07-31,V3,6507452240d270fa,6507452240d270fa,false,none,0,false,false,false,false,false
forward_poll_2026h2,RAIFY,2026-07,2026-07-31,2026-07-31,V5,05e5aaee831ffa8c,05e5aaee831ffa8c,false,none,0,,,false,,false
forward_poll_2026h2,RAIL,2026-08,2026-08-03,2026-08-03,V5,b58859d3bb0a926c,b58859d3bb0a926c,false,none,0,false,false,false,false,false
forward_poll_2026h2,RAL,2026-07,2026-07-30,2026-08-02,V5,7c29f044832028d2,7c29f044832028d2,false,none,0,false,false,false,false,false
forward_poll_2026h2,RAMPF,2026-07,2026-07-30,2026-07-30,V3,7593ddb0a020d4ac,7593ddb0a020d4ac,false,none,0,false,false,false,false,false
forward_poll_2026h2,RANJF,2026-07,2026-07-22,2026-07-22,V3,bd1a988d1c28660b,bd1a988d1c28660b,false,none,0,false,false,false,false,false
forward_poll_2026h2,RANJY,2026-07,2026-07-22,2026-07-23,V3,2e3e530796a204da,fb8dc1fc01ce1407,true,up,"(0,0.01)",false,false,false,false,false
forward_poll_2026h2,RARE,2026-08,2026-08-04,2026-08-04,V5,52b3d97cf3936b9d,52b3d97cf3936b9d,false,none,0,true,true,false,false,false
forward_poll_2026h2,RBA,2026-08,2026-08-04,2026-08-04,V5,df3393b17673f436,df3393b17673f436,false,none,0,false,false,false,true,false
forward_poll_2026h2,RBB,2026-07,2026-07-21,2026-07-21,V5,4b30e1290d9b6765,70e57c081f4786f7,true,down,"[0.01,0.05)",true,true,false,false,false
forward_poll_2026h2,RBBN,2026-07,2026-07-28,2026-07-28,V5,5e40046b9b30a6de,5e40046b9b30a6de,false,none,0,false,false,false,false,false
forward_poll_2026h2,RBC,2026-07,2026-07-31,2026-08-02,V5,a630e5bbc4099f38,a630e5bbc4099f38,false,none,0,true,true,false,false,false
forward_poll_2026h2,RBCAA,2026-07,2026-07-24,2026-07-24,V3,93669cd5037af3c8,93669cd5037af3c8,false,none,0,true,true,false,false,false
forward_poll_2026h2,RBGLY,2026-07,2026-07-29,2026-08-05,V3,6dc24d91ac9b5f9e,87497b0e817555be,true,down,"(0,0.01)",false,false,false,false,false
forward_poll_2026h2,RBGPF,2026-07,2026-07-29,2026-07-29,V5,b888cdbf2cf589ba,e7fd4964719380a1,true,down,"[0.25,1.00)",false,false,false,false,false
forward_poll_2026h2,RBKB,2026-07,2026-07-23,2026-07-23,V5,42f9c0b22848de9a,42f9c0b22848de9a,false,none,0,,,false,,false
forward_poll_2026h2,RBLX,2026-07,2026-07-30,2026-08-02,V5,a62df2414a95ebfb,a62df2414a95ebfb,false,none,0,true,true,false,false,false
forward_poll_2026h2,RBRK,2026-06,2026-06-05,2026-06-06,V5,3d973a92ac88513f,b6eb007d94dd02dd,true,up,"[0.25,1.00)",false,true,true,true,false
forward_poll_2026h2,RBSPF,2026-07,2026-07-31,2026-07-31,V3,ea87e6dd934d9780,ea87e6dd934d9780,false,none,0,true,true,false,false,false
forward_poll_2026h2,RCDTF,2026-07,2026-07-29,2026-07-29,V3,8fac86469a1b5563,8fac86469a1b5563,false,none,0,,,false,,false
forward_poll_2026h2,RCI,2026-07,2026-07-22,2026-07-23,V5,61d4fed11babbf29,9397b110736a7cde,true,up,"[0.01,0.05)",false,false,false,false,false
forward_poll_2026h2,RCIAF,2026-07,2026-07-22,2026-07-22,V3,16b71b70ad9c2c9f,2b6b0a3e18fa62cf,true,down,"(0,0.01)",true,true,false,false,false
forward_poll_2026h2,RCKTF,2026-06,2026-06-05,2026-06-05,V3,196997b2aa721c26,196997b2aa721c26,false,none,0,true,true,false,false,true
forward_poll_2026h2,RCKY,2026-07,2026-07-28,2026-07-28,V5,b757e96fe8208c60,b757e96fe8208c60,false,none,0,true,true,false,false,false
forward_poll_2026h2,RCL,2026-07,2026-07-28,2026-08-04,V5,652488ae31df16cb,652488ae31df16cb,false,none,0,false,false,false,false,false
forward_poll_2026h2,RDDT,2026-07,2026-07-30,2026-08-02,V5,b2d37407d038159e,b2d37407d038159e,false,none,0,true,true,false,false,false
forward_poll_2026h2,RDEXF,2026-06,2026-06-18,2026-06-18,V5,516d0d0b1432a39b,9195f7848af38297,true,up,"(0,0.01)",,,false,,false
forward_poll_2026h2,RDGMF,2026-06,2026-06-05,2026-06-05,V5,f38967e0569f5802,f38967e0569f5802,false,none,0,,,false,,true
forward_poll_2026h2,RDGT,2026-07,2026-08-02,2026-08-02,V5,b3b829b9b5d7bac8,b3b829b9b5d7bac8,false,none,0,,,false,,true
forward_poll_2026h2,RDWR,2026-07,2026-07-29,2026-07-29,V5,ab6a9c325a851548,ab6a9c325a851548,false,none,0,false,false,false,false,false
forward_poll_2026h2,RDY,2026-07,2026-07-23,2026-07-23,V3,c2b14b6caafa04e7,c2b14b6caafa04e7,false,none,0,false,false,false,false,true
forward_poll_2026h2,RDY,2026-07,2026-07-22,2026-07-22,V3,c2b14b6caafa04e7,c2b14b6caafa04e7,false,none,0,false,false,false,false,false
forward_poll_2026h2,RDZN,2026-06,2026-07-04,2026-07-04,V3,0c51eefab294c506,0c51eefab294c506,false,none,0,false,false,false,false,true
forward_poll_2026h2,REA,2026-06,2026-06-05,2026-06-05,V5,5f2ca675a4aedc51,5f2ca675a4aedc51,false,none,0,false,false,false,false,true
forward_poll_2026h2,RECT,2026-07,2026-08-01,2026-08-01,V5,46d67157d97d66cb,46d67157d97d66cb,false,none,0,,,false,,true
forward_poll_2026h2,REEMF,2026-08,2026-08-05,2026-08-05,V5,66828f2bcec005fc,66828f2bcec005fc,false,none,0,,,false,,false
forward_poll_2026h2,REG,2026-07,2026-07-29,2026-08-01,V5,3835c2907d617da8,fa049affac6af4bb,true,down,"[0.25,1.00)",true,false,true,false,false
forward_poll_2026h2,REGCO,2026-07,2026-07-30,2026-07-30,V3,c482de8397a834c2,c482de8397a834c2,false,none,0,true,true,false,false,false
forward_poll_2026h2,REGCP,2026-07,2026-07-29,2026-07-29,V3,8635fb0e8c91cae4,8635fb0e8c91cae4,false,none,0,true,true,false,false,false
forward_poll_2026h2,REGN,2026-07,2026-07-30,2026-08-01,V5,c9f1949ab1e876c6,c9f1949ab1e876c6,false,none,0,true,true,false,false,false
forward_poll_2026h2,RELL,2026-07,2026-07-22,2026-07-29,V5,b437aadc431a5c74,b437aadc431a5c74,false,none,0,true,true,false,false,false
forward_poll_2026h2,RELX,2026-07,2026-07-25,2026-07-29,V3,ee0824a39f9035b0,4cf9beaf9f79ea93,true,up,"[0.01,0.05)",false,true,true,true,true
forward_poll_2026h2,REMYF,2026-06,2026-06-05,2026-06-09,V5,48892322bfa61830,37518b39017096f5,true,up,"[0.01,0.05)",true,true,false,false,false
forward_poll_2026h2,RENT,2026-06,2026-06-05,2026-06-05,V3,ba53d7bfbc6ea9ae,ba53d7bfbc6ea9ae,false,none,0,,,false,,true
forward_poll_2026h2,REPL,2026-06,2026-07-04,2026-07-04,V3,19e64ed4052066d3,19e64ed4052066d3,false,none,0,false,false,false,false,true
forward_poll_2026h2,REPYF,2026-07,2026-07-24,2026-07-24,V3,ba8c4241cfc9ecf6,ba8c4241cfc9ecf6,false,none,0,true,true,false,false,false
forward_poll_2026h2,REPYY,2026-07,2026-07-23,2026-07-28,V3,59689f0f215c96bc,0af1883f21e805fa,true,up,>=1.00,false,true,true,true,false
forward_poll_2026h2,RES,2026-07,2026-07-30,2026-07-31,V5,4e4f4486cb666959,4e4f4486cb666959,false,none,0,true,true,false,false,false
forward_poll_2026h2,REXR,2026-07,2026-07-23,2026-07-24,V3,178440a2f8d4440d,b70acd16250ec6ad,true,down,>=1.00,true,false,true,true,false
forward_poll_2026h2,REXR-PB,2026-07,2026-07-24,2026-07-24,V5,7ac56e21d74020a0,7ac56e21d74020a0,false,none,0,false,false,false,false,false
forward_poll_2026h2,REXR-PC,2026-07,2026-07-23,2026-07-23,V5,d37894a9d8b033ad,d37894a9d8b033ad,false,none,0,false,false,false,false,false
forward_poll_2026h2,REYN,2026-07,2026-07-29,2026-07-31,V5,1ced9c1f57f786e6,1ced9c1f57f786e6,false,none,0,false,false,false,false,false
forward_poll_2026h2,RF,2026-07,2026-07-16,2026-07-18,V5,2ec90e14a8fc4b0c,465b29b0c5ccc44c,true,up,"[0.01,0.05)",false,false,false,false,false
forward_poll_2026h2,RF-PC,2026-07,2026-07-17,2026-07-17,V3,f7ed0c2811534996,f7ed0c2811534996,false,none,0,true,true,false,false,false
forward_poll_2026h2,RF-PE,2026-07,2026-07-17,2026-07-17,V3,67e6f9819d4ada25,67e6f9819d4ada25,false,none,0,true,true,false,false,false
forward_poll_2026h2,RF-PF,2026-07,2026-07-17,2026-07-17,V3,a1c50087c008b328,a1c50087c008b328,false,none,0,true,true,false,false,false
forward_poll_2026h2,RFIL,2026-06,2026-06-15,2026-06-15,V3,1e9064f3f82d088f,1e9064f3f82d088f,false,none,0,true,true,false,false,false
forward_poll_2026h2,RFL,2026-06,2026-06-11,2026-06-12,V5,0d047a5ebc00ce51,21fd11a94363045f,true,down,"[0.05,0.25)",,,false,,false
forward_poll_2026h2,RGC,2026-06,2026-06-05,2026-06-05,V5,3768f337a364ea7b,3768f337a364ea7b,false,none,0,,,false,,false
forward_poll_2026h2,RGC,2026-06,2026-06-07,2026-06-07,V5,3768f337a364ea7b,3768f337a364ea7b,false,none,0,,,false,,false
forward_poll_2026h2,RGC,2026-06,2026-06-09,2026-06-09,V5,3768f337a364ea7b,3768f337a364ea7b,false,none,0,,,false,,false
forward_poll_2026h2,RGC,2026-06,2026-06-10,2026-06-10,V5,3768f337a364ea7b,3768f337a364ea7b,false,none,0,,,false,,false
forward_poll_2026h2,RGC,2026-06,2026-06-11,2026-06-11,V5,3768f337a364ea7b,3768f337a364ea7b,false,none,0,,,false,,false
forward_poll_2026h2,RGC,2026-06,2026-06-14,2026-06-14,V5,3768f337a364ea7b,3768f337a364ea7b,false,none,0,,,false,,false
forward_poll_2026h2,RGEN,2026-07,2026-07-28,2026-08-04,V5,88508d3febee1ca3,88508d3febee1ca3,false,none,0,true,true,false,false,false
forward_poll_2026h2,RGP,2026-07,2026-07-22,2026-07-29,V5,4f646c643809a058,4f646c643809a058,false,none,0,false,true,true,false,false
forward_poll_2026h2,RGR,2026-07,2026-07-29,2026-07-29,V5,6b90262925b9e068,6b90262925b9e068,false,none,0,true,true,false,false,false
forward_poll_2026h2,RH,2026-06,2026-06-11,2026-06-14,V5,c3540d9e6380fef7,c3540d9e6380fef7,false,none,0,false,false,false,false,false
forward_poll_2026h2,RHBAF,2026-05,2026-06-05,2026-06-05,V3,44b0a9cdabb081bd,44b0a9cdabb081bd,false,none,0,false,false,false,false,true
forward_poll_2026h2,RHHBY,2026-07,2026-07-23,2026-07-23,V3,dffbddc2586d8b01,7bde4d317f2a4bf7,true,down,"[0.01,0.05)",true,true,false,false,false
forward_poll_2026h2,RHHVF,2026-07,2026-07-23,2026-07-23,V3,8e5f5b83a03aec6b,8ae5c2aa0fd7c07a,true,down,"[0.01,0.05)",true,true,false,false,false
forward_poll_2026h2,RHI,2026-07,2026-07-23,2026-07-30,V5,197a9f8449b8d4aa,197a9f8449b8d4aa,false,none,0,false,false,false,false,false
forward_poll_2026h2,RHUHF,2026-07,2026-07-10,2026-07-10,V3,3f5b24d6a655e190,3f5b24d6a655e190,false,none,0,false,false,false,false,false
forward_poll_2026h2,RICOF,2026-08,2026-08-03,2026-08-03,V3,87160454b1bcc81d,51a58b2afd1ac031,true,up,"(0,0.01)",true,true,false,false,false
forward_poll_2026h2,RICOY,2026-08,2026-08-05,2026-08-05,V3,4c9e55420448fb4c,0eef69bf1c5b2d94,true,down,"(0,0.01)",true,true,false,false,false
forward_poll_2026h2,RIGL,2026-08,2026-08-04,2026-08-04,V5,92f958369e71ba70,92f958369e71ba70,false,none,0,true,true,false,false,false
forward_poll_2026h2,RIO,2026-07,2026-07-29,2026-08-04,V3,ad31af591cb31f48,4e98689642193aa3,true,down,"[0.05,0.25)",true,false,true,false,false
forward_poll_2026h2,RIOCF,2026-08,2026-08-05,2026-08-05,V5,c9099c3a621a08b3,755d65f2a610eaa8,true,down,"(0,0.01)",,,false,,false
forward_poll_2026h2,RITM,2026-07,2026-07-28,2026-07-31,V5,8ba29aa8a18594f8,8ba29aa8a18594f8,false,none,0,true,true,false,false,false
forward_poll_2026h2,RITM-PA,2026-07,2026-07-28,2026-07-30,V3,9f3ce2a58082fbe4,9f3ce2a58082fbe4,false,none,0,true,true,false,false,false
forward_poll_2026h2,RITM-PB,2026-07,2026-07-28,2026-07-30,V3,c6bdcd46940b6958,c6bdcd46940b6958,false,none,0,true,true,false,false,false
forward_poll_2026h2,RITM-PC,2026-07,2026-07-28,2026-07-28,V3,125b4cfac0910357,125b4cfac0910357,false,none,0,true,true,false,false,false
forward_poll_2026h2,RITM-PD,2026-07,2026-07-28,2026-07-28,V3,c1e84e23693bf69b,c1e84e23693bf69b,false,none,0,true,true,false,false,false
forward_poll_2026h2,RIVN,2026-07,2026-07-30,2026-08-04,V5,01a91b92df24a09c,01a91b92df24a09c,false,none,0,true,true,false,false,false
forward_poll_2026h2,RJET,2026-07,2026-07-30,2026-08-04,V3,a2877c806a736c1e,a2877c806a736c1e,false,none,0,false,false,false,false,false
forward_poll_2026h2,RJF,2026-07,2026-07-22,2026-07-24,V5,a7b806492468b831,a7b806492468b831,false,none,0,false,false,false,false,false
forward_poll_2026h2,RJF-PA,2026-07,2026-07-23,2026-07-23,V5,4aa3b5fd4b38c751,0d58bfcaf744198a,true,down,"[0.05,0.25)",false,false,false,false,false
forward_poll_2026h2,RJF-PB,2026-07,2026-07-23,2026-07-25,V3,eb9c324fa052a67c,eb9c324fa052a67c,false,none,0,true,true,false,false,false
forward_poll_2026h2,RKLIF,2026-07,2026-07-31,2026-07-31,V3,afa246832d1dbaaa,afa246832d1dbaaa,false,none,0,false,false,false,false,false
forward_poll_2026h2,RLI,2026-07,2026-07-22,2026-07-23,V5,5047be14f61391cb,5047be14f61391cb,false,none,0,true,true,false,false,false
forward_poll_2026h2,RLLCF,2026-07,2026-07-30,2026-07-30,V5,a5dd42916e9ba85c,a5dd42916e9ba85c,false,none,0,true,true,false,false,false
forward_poll_2026h2,RLLMF,2026-07,2026-07-31,2026-07-31,V3,74a5da014a6aee00,74a5da014a6aee00,false,none,0,false,false,false,false,false
forward_poll_2026h2,RLXXF,2026-07,2026-07-24,2026-07-24,V3,8d4e106a7040833d,8d4e106a7040833d,false,none,0,false,false,false,false,false
forward_poll_2026h2,RM,2026-07,2026-07-29,2026-08-01,V5,d18258acfb50b3b5,d18258acfb50b3b5,false,none,0,false,false,false,false,false
forward_poll_2026h2,RMANF,2026-06,2026-06-05,2026-06-05,V5,8d55065c804c131d,8d55065c804c131d,false,none,0,,,false,,true
forward_poll_2026h2,RMBI,2026-07,2026-07-27,2026-07-27,V5,627f785fabeb108d,627f785fabeb108d,false,none,0,,,false,,false
forward_poll_2026h2,RMBS,2026-07,2026-07-27,2026-08-01,V5,eca7e9295098c5e1,eca7e9295098c5e1,false,none,0,false,false,false,false,false
forward_poll_2026h2,RMCF,2026-06,2026-06-05,2026-06-05,V5,a7a706b089c70efd,a7a706b089c70efd,false,none,0,,,false,,true
forward_poll_2026h2,RMCF,2026-07,2026-07-15,2026-07-18,V5,dda55a89912815bc,dda55a89912815bc,false,none,0,,,false,,false
forward_poll_2026h2,RMGNF,2026-07,2026-08-01,2026-08-01,V5,9e8668ed142a576e,9e8668ed142a576e,false,none,0,false,false,false,false,false
forward_poll_2026h2,RMLFF,2026-06,2026-06-05,2026-06-05,V5,817bb93698b178ed,817bb93698b178ed,false,none,0,,,false,,false
forward_poll_2026h2,RMNI,2026-07,2026-07-30,2026-08-02,V5,1eba8375bb980b98,1eba8375bb980b98,false,none,0,false,true,true,true,false
forward_poll_2026h2,RNECF,2026-07,2026-07-31,2026-07-31,V3,8edf2cd3dc437d1c,fc15de867e1bee78,true,down,"(0,0.01)",true,true,false,false,false
forward_poll_2026h2,RNECY,2026-07,2026-07-31,2026-08-05,V3,ad14b8e3a517bc2e,516e4f9cf0862f4f,true,up,"(0,0.01)",true,true,false,false,false
forward_poll_2026h2,RNG,2026-07,2026-07-23,2026-07-24,V5,d45b96cac07e2e09,d45b96cac07e2e09,false,none,0,false,false,false,false,false
forward_poll_2026h2,RNGR,2026-07,2026-07-27,2026-07-28,V5,622c0f86d5933d99,850be434d1d0ef72,true,up,"[0.05,0.25)",false,false,false,false,false
forward_poll_2026h2,RNLSY,2026-07,2026-08-01,2026-08-01,V5,87f78d68b3059434,87f78d68b3059434,false,none,0,,,false,,true
forward_poll_2026h2,RNR,2026-07,2026-07-22,2026-07-22,V3,3867a40950722b73,3867a40950722b73,false,none,0,true,true,false,false,false
forward_poll_2026h2,RNR-PF,2026-07,2026-07-22,2026-07-22,V3,2924edd3ea0c50af,2924edd3ea0c50af,false,none,0,true,true,false,false,false
forward_poll_2026h2,RNR-PG,2026-07,2026-07-22,2026-07-22,V3,d074a9c75a88d9d7,d074a9c75a88d9d7,false,none,0,true,true,false,false,false
forward_poll_2026h2,RNSDF,2026-07,2026-07-30,2026-07-30,V5,b1594e164e7753f3,b1594e164e7753f3,false,none,0,false,false,false,false,false
forward_poll_2026h2,RNST,2026-07,2026-07-28,2026-07-29,V5,ea78b86967d35f4e,ea78b86967d35f4e,false,none,0,false,false,false,false,false
forward_poll_2026h2,ROG,2026-07,2026-07-28,2026-07-29,V5,26a941fd5f403511,26a941fd5f403511,false,none,0,false,false,false,false,false
forward_poll_2026h2,ROK,2026-08,2026-08-04,2026-08-04,V5,332a90aca18e1f82,332a90aca18e1f82,false,none,0,false,false,false,false,false
forward_poll_2026h2,ROL,2026-07,2026-07-22,2026-07-26,V5,7df644c63ff5bf8c,7df644c63ff5bf8c,false,none,0,false,false,false,false,false
forward_poll_2026h2,ROLL,2026-07,2026-07-31,2026-08-01,V5,3059d42fa3ea42fa,41c5a9f4aa67ff8c,true,down,"[0.25,1.00)",true,false,true,true,false
forward_poll_2026h2,ROMA,2026-08,2026-08-02,2026-08-02,V5,2d46b2554bee2d6a,2d46b2554bee2d6a,false,none,0,,,false,,false
forward_poll_2026h2,ROOOF,2026-06,2026-06-05,2026-06-05,V3,8abec4f7c03e4553,8abec4f7c03e4553,false,none,0,false,false,false,false,true
forward_poll_2026h2,ROP,2026-07,2026-07-23,2026-07-30,V5,b5948aef14d7b43c,b5948aef14d7b43c,false,none,0,false,false,false,false,false
forward_poll_2026h2,ROSYY,2026-07,2026-07-30,2026-07-30,V5,e38dacda989f703a,e38dacda989f703a,false,none,0,,,false,,false
forward_poll_2026h2,ROVMF,2026-06,2026-06-05,2026-06-08,V5,0e8d545b402c8b83,a569b0fb80ba2fee,true,up,"(0,0.01)",,,false,,true
forward_poll_2026h2,RPKIF,2026-07,2026-08-02,2026-08-04,V3,a72e8b885744c1ac,03839264f38fdf7d,true,up,"[0.25,1.00)",false,true,true,true,true
forward_poll_2026h2,RPM,2026-07,2026-07-22,2026-07-26,V5,0eed2357b5f61744,0eed2357b5f61744,false,none,0,false,false,false,false,false
forward_poll_2026h2,RPT,2026-07,2026-07-29,2026-07-29,V3,ed170fad9e6e6cc6,ed170fad9e6e6cc6,false,none,0,true,true,false,false,false
forward_poll_2026h2,RPYTF,2026-07,2026-08-01,2026-08-01,V5,8b4a19aff199ecd8,8b4a19aff199ecd8,false,none,0,,,false,,true
forward_poll_2026h2,RR,2026-07,2026-07-08,2026-07-08,V3,354eeccc99e78738,354eeccc99e78738,false,none,0,false,false,false,false,true
forward_poll_2026h2,RRBI,2026-07,2026-07-30,2026-08-01,V5,56cb48c93641c16e,56cb48c93641c16e,false,none,0,false,false,false,false,false
forward_poll_2026h2,RRC,2026-07,2026-07-21,2026-07-26,V5,6ac375a3940c6395,6ac375a3940c6395,false,none,0,true,true,false,false,false
forward_poll_2026h2,RROTF,2026-06,2026-06-12,2026-06-12,V3,8b485d7834cb20a8,7c49fd450df7f72e,true,down,"(0,0.01)",false,false,false,false,false
forward_poll_2026h2,RROYF,2026-06,2026-06-05,2026-06-05,V5,6b9b7a9de892cba9,6b9b7a9de892cba9,false,none,0,,,false,,true
forward_poll_2026h2,RRR,2026-08,2026-08-04,2026-08-04,V5,3cc8492f158bfd13,3cc8492f158bfd13,false,none,0,true,true,false,false,false
forward_poll_2026h2,RRX,2026-08,2026-08-04,2026-08-04,V5,1761313ef130928b,1761313ef130928b,false,none,0,true,true,false,false,false
forward_poll_2026h2,RS,2026-07,2026-07-22,2026-07-22,V3,dd733f11a356cdc5,dd733f11a356cdc5,false,none,0,true,true,false,false,false
forward_poll_2026h2,RSI,2026-07,2026-07-29,2026-07-29,V5,320388d5b533bd77,320388d5b533bd77,false,none,0,false,false,false,false,false
forward_poll_2026h2,RSNHF,2026-07,2026-07-31,2026-07-31,V3,f3573b9ac89eb154,c905e32554ae678a,true,down,"(0,0.01)",true,true,false,false,false
forward_poll_2026h2,RSVR,2026-08,2026-08-04,2026-08-05,V3,09466661c99aa537,5788c8cd27a693a8,true,down,>=1.00,false,false,false,false,false
forward_poll_2026h2,RTBBF,2026-07,2026-07-29,2026-07-30,V3,bd4038ee5b538ea7,9ad085fcf917cf2f,true,down,"[0.25,1.00)",,,false,,false
forward_poll_2026h2,RTMAF,2026-06,2026-06-18,2026-06-18,V3,c546d75e64a9defb,c546d75e64a9defb,false,none,0,,,false,,true
forward_poll_2026h2,RTMNF,2026-06,2026-06-18,2026-06-18,V3,3ebd238515191586,3ebd238515191586,false,none,0,,,false,,true
forward_poll_2026h2,RTMVF,2026-07,2026-08-01,2026-08-03,V3,688a8a1ab0da911c,72f7c5e04db43a14,true,up,"(0,0.01)",false,false,false,false,false
forward_poll_2026h2,RTNTF,2026-07,2026-07-30,2026-07-30,V3,7eae389e8c47a0c5,7eae389e8c47a0c5,false,none,0,false,false,false,false,true
forward_poll_2026h2,RTO,2026-07,2026-07-30,2026-07-30,V3,77eda9662b06e6b3,77eda9662b06e6b3,false,none,0,false,false,false,false,false
forward_poll_2026h2,RTOBF,2026-07,2026-07-18,2026-07-24,V3,d8ac2253c9835d38,1df9cc32732e3f68,true,down,"[0.05,0.25)",true,true,false,false,false
forward_poll_2026h2,RTOXF,2026-08,2026-08-04,2026-08-04,V3,e106434b41da3a46,f2fea70769acbba7,true,down,"(0,0.01)",false,true,true,false,false
forward_poll_2026h2,RTPPF,2026-07,2026-07-30,2026-07-30,V5,138d5f45b99aa2ca,138d5f45b99aa2ca,false,none,0,false,false,false,false,true
forward_poll_2026h2,RTX,2026-07,2026-07-23,2026-07-24,V5,6ac9b9fd45ff3e21,6ac9b9fd45ff3e21,false,none,0,true,true,false,false,false
forward_poll_2026h2,RUSHA,2026-07,2026-07-28,2026-07-31,V5,52ec099a239d1ff7,52ec099a239d1ff7,false,none,0,false,false,false,false,false
forward_poll_2026h2,RUSHB,2026-07,2026-07-28,2026-07-28,V3,88484933f3874cf7,88484933f3874cf7,false,none,0,true,true,false,false,false
forward_poll_2026h2,RVLV,2026-08,2026-08-04,2026-08-04,V5,8f2a6474c1944aae,8f2a6474c1944aae,false,none,0,true,true,false,false,false
forward_poll_2026h2,RVRF,2026-08,2026-08-05,2026-08-05,V5,ccdb6a8b425b0b2d,ccdb6a8b425b0b2d,false,none,0,,,false,,false
forward_poll_2026h2,RVSB,2026-07,2026-07-28,2026-07-28,V3,38774c5ae6cda7fc,38774c5ae6cda7fc,false,none,0,true,true,false,false,false
forward_poll_2026h2,RVSDF,2026-05,2026-06-05,2026-06-05,V5,cee524742015201e,cee524742015201e,false,none,0,,,false,,true
forward_poll_2026h2,RVTY,2026-08,2026-08-04,2026-08-04,V5,a67ab72aefaec96a,a67ab72aefaec96a,false,none,0,true,true,false,false,false
forward_poll_2026h2,RWT,2026-07,2026-07-28,2026-08-04,V5,2f281e332a6ac1ca,2f281e332a6ac1ca,false,none,0,false,false,false,false,false
forward_poll_2026h2,RWT-PA,2026-07,2026-07-28,2026-07-30,V3,656644c61508a1f9,656644c61508a1f9,false,none,0,true,true,false,false,false
forward_poll_2026h2,RWTN,2026-07,2026-07-28,2026-07-28,V3,4cadad3f5cef9a7f,4cadad3f5cef9a7f,false,none,0,true,true,false,false,false
forward_poll_2026h2,RWTQ,2026-07,2026-07-28,2026-07-28,V5,a3760c84209b4c72,a3760c84209b4c72,false,none,0,false,false,false,false,false
forward_poll_2026h2,RXLSF,2026-07,2026-07-31,2026-07-31,V3,b9c4635cfaf27348,b9c4635cfaf27348,false,none,0,false,false,false,false,true
forward_poll_2026h2,RYAAY,2026-07,2026-07-21,2026-07-21,V5,6f72298a5491a9af,d3f702fbcae6443e,true,up,"[0.01,0.05)",false,false,false,false,false
forward_poll_2026h2,RYAM,2026-08,2026-08-04,2026-08-04,V5,26218f166bbbb529,26218f166bbbb529,false,none,0,false,false,false,false,false
forward_poll_2026h2,RYAN,2026-07,2026-07-30,2026-08-02,V5,13292850b4ca2ed0,13292850b4ca2ed0,false,none,0,true,true,false,false,false
forward_poll_2026h2,RYAOF,2026-07,2026-07-21,2026-07-22,V3,85d66ed7bf8834c6,701d5af2737a0750,true,down,"(0,0.01)",false,false,false,false,false
forward_poll_2026h2,RYCEF,2026-07,2026-07-30,2026-07-31,V3,91e5991ebb080f2b,53449913f93a697b,true,up,"(0,0.01)",true,true,false,false,false
forward_poll_2026h2,RYCEY,2026-07,2026-07-30,2026-07-31,V3,7707dca6535be874,aafe989676797a67,true,up,"(0,0.01)",true,true,false,false,false
forward_poll_2026h2,RYDAF,2026-07,2026-07-30,2026-07-30,V3,3abf923db4585ad0,3abf923db4585ad0,false,none,0,true,true,false,false,false
forward_poll_2026h2,RYES,2026-06,2026-06-19,2026-06-19,V5,a6a005c66ae8ee5b,a6a005c66ae8ee5b,false,none,0,,,false,,true
forward_poll_2026h2,RYKKF,2026-07,2026-07-10,2026-07-11,V3,ee7fe67af1e09ce5,deb37bb4992ee7d5,true,down,"(0,0.01)",true,true,false,false,false
forward_poll_2026h2,RYKKY,2026-07,2026-07-10,2026-07-11,V3,58ee9399a52c85e7,4113b9fd096ec534,true,up,"[0.01,0.05)",true,true,false,false,false
forward_poll_2026h2,RYLPF,2026-07,2026-07-28,2026-07-29,V3,488f3e5bac76d7cb,488f3e5bac76d7cb,false,none,0,true,true,false,false,false
forward_poll_2026h2,RYM,2026-08,2026-08-04,2026-08-04,V3,52ab53fba2d5e8f4,52ab53fba2d5e8f4,false,none,0,true,true,false,false,false
forward_poll_2026h2,RYOOF,2026-06,2026-06-05,2026-06-05,V5,d5a961c6f9bd4aaf,d5a961c6f9bd4aaf,false,none,0,,,false,,true
forward_poll_2026h2,RYTM,2026-08,2026-08-04,2026-08-04,V5,c9b150fe0c901477,c9b150fe0c901477,false,none,0,false,false,false,false,false
forward_poll_2026h2,RYZ,2026-07,2026-07-30,2026-07-30,V5,ec278df4ba02b2a0,ec278df4ba02b2a0,false,none,0,true,true,false,false,false
forward_poll_2026h2,SAABF,2026-07,2026-07-17,2026-07-17,V3,1dc11aaeb45946b0,78216c7b9b146fe3,true,up,"[0.05,0.25)",false,true,true,true,false
forward_poll_2026h2,SAABY,2026-07,2026-07-18,2026-07-18,V5,25cde6689fc27c1a,25cde6689fc27c1a,false,none,0,,,false,,false
forward_poll_2026h2,SABK,2026-07,2026-07-23,2026-07-23,V3,84645430d5e8c716,84645430d5e8c716,false,none,0,true,true,false,false,false
forward_poll_2026h2,SAFE,2026-07,2026-07-31,2026-08-02,V5,b8974451cbb17bb6,b8974451cbb17bb6,false,none,0,false,false,false,false,false
forward_poll_2026h2,SAFRF,2026-07,2026-07-30,2026-07-30,V5,22d2c68d54f73817,22d2c68d54f73817,false,none,0,false,false,false,false,true
forward_poll_2026h2,SAFRY,2026-07,2026-07-30,2026-07-30,V3,34cd592cf535507b,34cd592cf535507b,false,none,0,false,false,false,false,true
forward_poll_2026h2,SAH,2026-07,2026-07-30,2026-08-02,V5,3a9ccafd09dab6d2,3a9ccafd09dab6d2,false,none,0,false,false,false,false,false
forward_poll_2026h2,SAIA,2026-07,2026-07-30,2026-08-02,V5,6eefdb038b02a37c,6eefdb038b02a37c,false,none,0,false,false,false,false,false
forward_poll_2026h2,SAIC,2026-06,2026-06-05,2026-06-05,V5,2a0287c2ede28cad,2a0287c2ede28cad,false,none,0,true,true,false,false,true
forward_poll_2026h2,SAIL,2026-06,2026-06-09,2026-06-14,V5,c27a02693bd01d66,c27a02693bd01d66,false,none,0,true,true,false,false,false
forward_poll_2026h2,SAJ,2026-07,2026-07-08,2026-07-10,V3,64b3ed2bed11a8a0,64b3ed2bed11a8a0,false,none,0,false,false,false,false,false
forward_poll_2026h2,SALQF,2026-06,2026-06-05,2026-06-05,V5,4c67358d48f41400,4c67358d48f41400,false,none,0,,,false,,true
forward_poll_2026h2,SAM,2026-07,2026-07-23,2026-07-24,V5,47d9837a7f3a4442,47d9837a7f3a4442,false,none,0,false,false,false,false,false
forward_poll_2026h2,SAMG,2026-07,2026-07-30,2026-07-30,V3,7b9d07a800de101f,7b9d07a800de101f,false,none,0,false,false,false,false,false
forward_poll_2026h2,SAN,2026-07,2026-07-22,2026-07-22,V3,3741da12ae4d1631,865e151b5b250bb2,true,up,"(0,0.01)",false,false,false,false,false
forward_poll_2026h2,SANM,2026-07,2026-07-27,2026-07-29,V3,176a0934dac05b1e,176a0934dac05b1e,false,none,0,true,true,false,false,false
forward_poll_2026h2,SAP,2026-07,2026-07-23,2026-07-26,V3,1510191e44cd31d4,1510191e44cd31d4,false,none,0,false,false,false,false,false
forward_poll_2026h2,SAPGF,2026-07,2026-07-23,2026-07-23,V3,64edeb26bcfb80e9,64edeb26bcfb80e9,false,none,0,false,false,false,false,false
forward_poll_2026h2,SAPIF,2026-06,2026-06-05,2026-06-05,V5,e7cbe059fa66f101,e7cbe059fa66f101,false,none,0,false,false,false,false,false
forward_poll_2026h2,SAPMF,2026-07,2026-08-01,2026-08-01,V3,9dbee2097f98b81d,9dbee2097f98b81d,false,none,0,true,true,false,false,true
forward_poll_2026h2,SAR,2026-07,2026-07-07,2026-07-14,V5,b1c85c67b34a41b2,b1c85c67b34a41b2,false,none,0,false,false,false,false,false
forward_poll_2026h2,SARMF,2026-06,2026-06-05,2026-06-05,V5,02f61fd58a222670,02f61fd58a222670,false,none,0,,,false,,false
forward_poll_2026h2,SARTF,2026-07,2026-07-24,2026-07-24,V3,f79af431e2ffa318,f79af431e2ffa318,false,none,0,false,false,false,false,false
forward_poll_2026h2,SASKF,2026-06,2026-06-05,2026-06-05,V5,d4177a70507d80b2,d4177a70507d80b2,false,none,0,,,false,,true
forward_poll_2026h2,SAT,2026-07,2026-07-08,2026-07-12,V3,b93caf781187a69b,b93caf781187a69b,false,none,0,false,false,false,false,false
forward_poll_2026h2,SATLF,2026-07,2026-07-31,2026-07-31,V3,f30d4152a67cb2c5,d9763cfe9a6464cc,true,down,"(0,0.01)",false,false,false,false,false
forward_poll_2026h2,SATS,2026-08,2026-08-03,2026-08-03,V3,746b26545ffe4cf4,746b26545ffe4cf4,false,none,0,true,true,false,false,false
forward_poll_2026h2,SAY,2026-07,2026-07-07,2026-07-12,V3,7e8531631b85bad2,7e8531631b85bad2,false,none,0,false,false,false,false,false
forward_poll_2026h2,SAZ,2026-07,2026-07-08,2026-07-12,V3,c6919984e284c5b5,c6919984e284c5b5,false,none,0,false,false,false,false,false
forward_poll_2026h2,SB,2026-06,2026-06-16,2026-06-18,V3,32d781cb2b3ae72b,2f86fa304dbb9cae,true,up,"[0.05,0.25)",true,true,false,false,false
forward_poll_2026h2,SB,2026-07,2026-07-28,2026-07-28,V3,f4899ddbb2e2ae51,f4899ddbb2e2ae51,false,none,0,true,true,false,false,false
forward_poll_2026h2,SB-PC,2026-06,2026-06-20,2026-06-20,V3,36a2fba9a666475d,36a2fba9a666475d,false,none,0,true,true,false,false,true
forward_poll_2026h2,SB-PC,2026-07,2026-07-29,2026-07-30,V3,049041e60d1870f3,165b122cda220213,true,up,"[0.01,0.05)",false,true,true,true,false
forward_poll_2026h2,SB-PD,2026-06,2026-06-18,2026-06-18,V3,68d3ef3f3d75ccca,68d3ef3f3d75ccca,false,none,0,true,true,false,false,false
forward_poll_2026h2,SB-PD,2026-07,2026-07-29,2026-07-30,V3,d9e034b48345c82e,72e9251fe830ad2c,true,up,"[0.01,0.05)",false,true,true,true,false
forward_poll_2026h2,SBAC,2026-08,2026-08-03,2026-08-03,V5,7333d98f6818b8aa,bbc407617dde81a5,true,down,>=1.00,true,false,true,false,false
forward_poll_2026h2,SBBSF,2026-07,2026-07-24,2026-07-26,V5,09bfdd03a871894b,d7157bd1e1eea546,true,up,"(0,0.01)",,,false,,false
forward_poll_2026h2,SBBTF,2026-07,2026-07-17,2026-07-17,V3,03dccd2470e02e8e,03dccd2470e02e8e,false,none,0,false,false,false,false,false
forward_poll_2026h2,SBCF,2026-07,2026-07-28,2026-07-28,V5,415ee0f950191cd1,415ee0f950191cd1,false,none,0,false,false,false,false,false
forward_poll_2026h2,SBFG,2026-07,2026-07-23,2026-07-23,V3,6c42bada4cdeeae6,6c42bada4cdeeae6,false,none,0,true,true,false,false,false
forward_poll_2026h2,SBGSF,2026-07,2026-07-30,2026-07-30,V5,7276e99ee2ca7547,1448d2e0cc1a1447,true,up,"[0.01,0.05)",false,false,false,false,false
forward_poll_2026h2,SBGSY,2026-07,2026-07-30,2026-07-30,V3,61176edbf6456243,9ed4a7562f1f1497,true,up,"[0.01,0.05)",false,true,true,false,false
forward_poll_2026h2,SBH,2026-08,2026-08-03,2026-08-04,V5,61cbde5a86143813,61cbde5a86143813,false,none,0,false,false,false,false,false
forward_poll_2026h2,SBHGF,2026-07,2026-07-31,2026-07-31,V3,6706c3b8d8a9a17d,d2755068673559b5,true,down,"[0.05,0.25)",true,true,false,false,false
forward_poll_2026h2,SBKO,2026-07,2026-07-21,2026-07-23,V5,64e8c669fba50778,048ecc9a32afc70d,true,down,"[0.05,0.25)",,,false,,false
forward_poll_2026h2,SBLRF,2026-06,2026-06-05,2026-06-05,V5,45a11af2ebc85814,45a11af2ebc85814,false,none,0,,,false,,true
forward_poll_2026h2,SBRA,2026-08,2026-08-03,2026-08-03,V3,72ee01db78e5e998,e3dd897d53e7cb26,true,down,"[0.25,1.00)",true,false,true,true,false
forward_poll_2026h2,SBSI,2026-07,2026-07-24,2026-07-24,V5,8f7c7e5650b330d0,8f7c7e5650b330d0,false,none,0,false,false,false,false,false
forward_poll_2026h2,SBUX,2026-07,2026-07-29,2026-08-01,V5,e40b5bb08f993bcb,e40b5bb08f993bcb,false,none,0,true,true,false,false,false
forward_poll_2026h2,SCBFF,2026-07,2026-07-29,2026-07-29,V3,7638ac7177fd55ef,ab45fc3d87757f0a,true,down,"(0,0.01)",true,true,false,false,false
forward_poll_2026h2,SCBFY,2026-07,2026-07-29,2026-07-29,V3,c745c5062821716e,c745c5062821716e,false,none,0,true,true,false,false,false
forward_poll_2026h2,SCCO,2026-07,2026-07-28,2026-07-29,V5,b7ef5c9a3227150d,b7ef5c9a3227150d,false,none,0,false,false,false,false,true
forward_poll_2026h2,SCDCF,2026-06,2026-06-05,2026-06-05,V5,49cb108efa5feea5,49cb108efa5feea5,false,none,0,,,false,,false
forward_poll_2026h2,SCDCF,2026-06,2026-06-07,2026-06-07,V5,49cb108efa5feea5,49cb108efa5feea5,false,none,0,,,false,,false
forward_poll_2026h2,SCDCF,2026-06,2026-06-09,2026-06-09,V5,49cb108efa5feea5,49cb108efa5feea5,false,none,0,,,false,,false
forward_poll_2026h2,SCDCF,2026-06,2026-06-10,2026-06-10,V5,49cb108efa5feea5,49cb108efa5feea5,false,none,0,,,false,,false
forward_poll_2026h2,SCDCF,2026-06,2026-06-11,2026-06-11,V5,49cb108efa5feea5,49cb108efa5feea5,false,none,0,,,false,,false
forward_poll_2026h2,SCDCF,2026-06,2026-06-14,2026-06-14,V5,49cb108efa5feea5,49cb108efa5feea5,false,none,0,,,false,,false
forward_poll_2026h2,SCDCF,2026-06,2026-06-16,2026-06-16,V5,49cb108efa5feea5,49cb108efa5feea5,false,none,0,,,false,,false
forward_poll_2026h2,SCDCF,2026-06,2026-06-17,2026-06-17,V5,49cb108efa5feea5,49cb108efa5feea5,false,none,0,,,false,,false
forward_poll_2026h2,SCDCF,2026-06,2026-06-18,2026-06-18,V5,49cb108efa5feea5,49cb108efa5feea5,false,none,0,,,false,,false
forward_poll_2026h2,SCDCF,2026-06,2026-06-21,2026-06-21,V5,49cb108efa5feea5,49cb108efa5feea5,false,none,0,,,false,,false
forward_poll_2026h2,SCDCF,2026-06,2026-06-23,2026-06-23,V5,49cb108efa5feea5,49cb108efa5feea5,false,none,0,,,false,,false
forward_poll_2026h2,SCDCF,2026-06,2026-06-24,2026-06-24,V5,49cb108efa5feea5,49cb108efa5feea5,false,none,0,,,false,,false
forward_poll_2026h2,SCDCF,2026-06,2026-06-25,2026-06-25,V5,49cb108efa5feea5,49cb108efa5feea5,false,none,0,,,false,,false
forward_poll_2026h2,SCDCF,2026-07,2026-07-05,2026-07-05,V5,49cb108efa5feea5,49cb108efa5feea5,false,none,0,,,false,,false
forward_poll_2026h2,SCDCF,2026-07,2026-07-07,2026-07-07,V5,49cb108efa5feea5,49cb108efa5feea5,false,none,0,,,false,,false
forward_poll_2026h2,SCDCF,2026-07,2026-07-08,2026-07-08,V5,49cb108efa5feea5,49cb108efa5feea5,false,none,0,,,false,,false
forward_poll_2026h2,SCDCF,2026-07,2026-07-10,2026-07-10,V5,49cb108efa5feea5,49cb108efa5feea5,false,none,0,,,false,,false
forward_poll_2026h2,SCDCF,2026-07,2026-07-12,2026-07-12,V5,49cb108efa5feea5,49cb108efa5feea5,false,none,0,,,false,,false
forward_poll_2026h2,SCDCF,2026-07,2026-07-14,2026-07-14,V5,49cb108efa5feea5,49cb108efa5feea5,false,none,0,,,false,,false
forward_poll_2026h2,SCDCF,2026-07,2026-07-15,2026-07-15,V5,49cb108efa5feea5,49cb108efa5feea5,false,none,0,,,false,,false
forward_poll_2026h2,SCDCF,2026-07,2026-07-16,2026-07-16,V5,49cb108efa5feea5,49cb108efa5feea5,false,none,0,,,false,,false
forward_poll_2026h2,SCDCF,2026-07,2026-07-20,2026-07-20,V5,49cb108efa5feea5,49cb108efa5feea5,false,none,0,,,false,,false
forward_poll_2026h2,SCDCF,2026-07,2026-07-21,2026-07-21,V5,49cb108efa5feea5,49cb108efa5feea5,false,none,0,,,false,,false
forward_poll_2026h2,SCDCF,2026-07,2026-07-22,2026-07-22,V5,49cb108efa5feea5,49cb108efa5feea5,false,none,0,,,false,,false
forward_poll_2026h2,SCDCF,2026-07,2026-07-23,2026-07-23,V5,49cb108efa5feea5,49cb108efa5feea5,false,none,0,,,false,,false
forward_poll_2026h2,SCDCF,2026-07,2026-07-26,2026-07-26,V5,49cb108efa5feea5,49cb108efa5feea5,false,none,0,,,false,,false
forward_poll_2026h2,SCDCF,2026-07,2026-07-28,2026-07-28,V5,49cb108efa5feea5,49cb108efa5feea5,false,none,0,,,false,,false
forward_poll_2026h2,SCDCF,2026-07,2026-07-29,2026-07-29,V5,49cb108efa5feea5,49cb108efa5feea5,false,none,0,,,false,,false
forward_poll_2026h2,SCDCF,2026-07,2026-07-30,2026-07-30,V5,49cb108efa5feea5,49cb108efa5feea5,false,none,0,,,false,,false
forward_poll_2026h2,SCDCF,2026-08,2026-08-03,2026-08-03,V5,49cb108efa5feea5,49cb108efa5feea5,false,none,0,,,false,,false
forward_poll_2026h2,SCEYF,2026-07,2026-07-30,2026-07-30,V3,f428eb6009a836c1,f428eb6009a836c1,false,none,0,false,false,false,false,false
forward_poll_2026h2,SCGLF,2026-07,2026-07-31,2026-08-03,V5,4cee3c452d2c01f9,88058506931c92ec,true,down,>=1.00,,,false,,false
forward_poll_2026h2,SCGLY,2026-07,2026-07-30,2026-08-01,V3,10928e9a1e488dd1,10928e9a1e488dd1,false,none,0,true,true,false,false,false
forward_poll_2026h2,SCHL,2026-07,2026-07-23,2026-07-26,V5,d84126d97b0f02c6,d84126d97b0f02c6,false,none,0,false,false,false,false,false
forward_poll_2026h2,SCHW,2026-07,2026-07-21,2026-07-23,V5,fa0a6a679e892a73,fa0a6a679e892a73,false,none,0,false,false,false,false,false
forward_poll_2026h2,SCHW-PD,2026-07,2026-07-21,2026-07-21,V3,5a93db2cc6f54c8a,5a93db2cc6f54c8a,false,none,0,true,true,false,false,false
forward_poll_2026h2,SCHW-PJ,2026-07,2026-07-21,2026-07-21,V3,dd2f741d32f941d3,dd2f741d32f941d3,false,none,0,true,true,false,false,false
forward_poll_2026h2,SCI,2026-07,2026-07-29,2026-07-31,V5,cfeb1b9523824496,cfeb1b9523824496,false,none,0,false,false,false,false,false
forward_poll_2026h2,SCIA,2026-07,2026-07-30,2026-07-31,V5,63fb46f13cac41d4,63fb46f13cac41d4,false,none,0,,,false,,false
forward_poll_2026h2,SCKT,2026-07,2026-07-30,2026-07-31,V3,ee41467446175d87,ee41467446175d87,false,none,0,,,false,,false
forward_poll_2026h2,SCL,2026-07,2026-07-29,2026-07-31,V5,a55b9bc7c876753b,a55b9bc7c876753b,false,none,0,true,true,false,false,false
forward_poll_2026h2,SCNI,2026-06,2026-06-11,2026-06-11,V3,77ba6691398e9fb9,77ba6691398e9fb9,false,none,0,,,false,,false
forward_poll_2026h2,SCRYY,2026-07,2026-07-30,2026-07-31,V3,397b97915cda6e9a,397b97915cda6e9a,false,none,0,true,true,false,false,false
forward_poll_2026h2,SCTBF,2026-07,2026-07-24,2026-07-31,V3,7f0564965519e9bd,469526b282562781,true,down,"(0,0.01)",false,false,false,false,false
forward_poll_2026h2,SCTSF,2026-07,2026-07-31,2026-07-31,V5,cc5711bc9496f0e0,cc5711bc9496f0e0,false,none,0,,,false,,false
forward_poll_2026h2,SCTSF,2026-08,2026-08-03,2026-08-03,V5,cc5711bc9496f0e0,cc5711bc9496f0e0,false,none,0,,,false,,false
forward_poll_2026h2,SCUPF,2026-07,2026-08-01,2026-08-01,V5,7b26f5d46902f732,7b26f5d46902f732,false,none,0,,,false,,false
forward_poll_2026h2,SCVPF,2026-07,2026-07-24,2026-07-24,V3,cd09b369193bfd9a,cd09b369193bfd9a,false,none,0,true,true,false,false,true
forward_poll_2026h2,SCVUF,2026-07,2026-07-24,2026-07-24,V3,7222906d7164dcbe,7222906d7164dcbe,false,none,0,true,true,false,false,true
forward_poll_2026h2,SCWTF,2026-07,2026-07-27,2026-07-27,V5,4a91572f73eef69c,4a91572f73eef69c,false,none,0,true,true,false,false,false
forward_poll_2026h2,SDCVF,2026-07,2026-07-30,2026-07-31,V5,18aeb0e5f86f7acd,00a2a290bd055c44,true,down,>=1.00,,,false,,false
forward_poll_2026h2,SDEV,2026-07,2026-07-31,2026-07-31,V3,45bfbebda0a71cdb,45bfbebda0a71cdb,false,none,0,true,true,false,false,false
forward_poll_2026h2,SDIIF,2026-07,2026-08-02,2026-08-02,V5,5b952dcd35f686a1,5b952dcd35f686a1,false,none,0,false,false,false,false,true
forward_poll_2026h2,SDIPF,2026-07,2026-07-17,2026-07-17,V5,2e2d187940be9418,2e2d187940be9418,false,none,0,,,false,,false
forward_poll_2026h2,SDMHF,2026-07,2026-07-23,2026-07-23,V3,7e5e8b752d57b51b,7e5e8b752d57b51b,false,none,0,false,false,false,false,false
forward_poll_2026h2,SDTHF,2026-07,2026-07-20,2026-07-21,V3,da6d348c439deaa0,c973761e0c4c439b,true,up,"[0.05,0.25)",false,false,false,false,true
forward_poll_2026h2,SDURF,2026-06,2026-06-05,2026-06-05,V5,6cc93c6bcc37043b,6cc93c6bcc37043b,false,none,0,,,false,,true
forward_poll_2026h2,SDVKF,2026-07,2026-07-17,2026-07-18,V3,a0cc8ef07e95dc39,f6520d0cfadfee31,true,down,"(0,0.01)",false,false,false,false,false
forward_poll_2026h2,SDVKY,2026-07,2026-07-17,2026-07-17,V3,070da7fcea657426,cbbfff03d7d3bbba,true,down,"(0,0.01)",false,false,false,false,false
forward_poll_2026h2,SEAT,2026-08,2026-08-04,2026-08-04,V5,e7d50b4c148743b2,3800f28b1fc94350,true,up,"[0.25,1.00)",false,false,false,true,false
forward_poll_2026h2,SEATW,2026-08,2026-08-04,2026-08-04,V3,6ef750709d1b2f32,bc249af3640aa6ba,true,down,"[0.05,0.25)",false,false,false,false,false
forward_poll_2026h2,SEB,2026-08,2026-08-04,2026-08-04,V5,6cecdf04ccdd4445,6cecdf04ccdd4445,false,none,0,,,false,,false
forward_poll_2026h2,SEBYF,2026-07,2026-07-23,2026-07-23,V5,7bd4d3ff3a03d002,7bd4d3ff3a03d002,false,none,0,,,false,,false
forward_poll_2026h2,SECYF,2026-07,2026-07-29,2026-07-29,V3,6b1ce05fa10b4f92,4842140b85f177e0,true,down,"(0,0.01)",true,true,false,false,false
forward_poll_2026h2,SEGXF,2026-07,2026-07-30,2026-07-30,V5,673ceb1547c723b6,673ceb1547c723b6,false,none,0,false,false,false,false,false
forward_poll_2026h2,SEIBF,2026-07,2026-07-31,2026-07-31,V3,bfd62c1ea4f286ba,bfd62c1ea4f286ba,false,none,0,true,true,false,false,false
forward_poll_2026h2,SEIC,2026-07,2026-07-22,2026-07-24,V5,d08428e0586e878c,d08428e0586e878c,false,none,0,true,true,false,false,false
forward_poll_2026h2,SEMHF,2026-07,2026-07-31,2026-07-31,V3,efadc313830757b8,6692858f0698bdf7,true,up,"[0.05,0.25)",true,true,false,false,false
forward_poll_2026h2,SENEA,2026-06,2026-06-12,2026-06-13,V5,fac1dd285f59755b,fac1dd285f59755b,false,none,0,,,false,,false
forward_poll_2026h2,SENEB,2026-06,2026-06-15,2026-06-15,V5,fdf9316d77ffa23a,e64ea2d1c751b612,true,down,"[0.01,0.05)",true,,false,,true
forward_poll_2026h2,SENEM,2026-06,2026-06-13,2026-06-14,V5,e51f999d3bfb7057,e51f999d3bfb7057,false,none,0,,,false,,true
forward_poll_2026h2,SEOAY,2026-07,2026-07-23,2026-07-29,V3,7c985d7ab7788bf3,7c985d7ab7788bf3,false,none,0,false,false,false,false,false
forward_poll_2026h2,SEOJF,2026-07,2026-07-24,2026-07-24,V3,022eeb058480cd8f,7173660ea94ed1a7,true,down,"(0,0.01)",false,false,false,false,false
forward_poll_2026h2,SEOVF,2026-06,2026-06-12,2026-06-12,V3,94592a24da21bf85,5c80e20684ad7321,true,down,"(0,0.01)",false,false,false,true,false
forward_poll_2026h2,SERNF,2026-08,2026-08-03,2026-08-03,V5,3a891a1dc27af278,092bbbb90b44b6ca,true,up,"(0,0.01)",,,false,,false
forward_poll_2026h2,SEVN,2026-07,2026-07-28,2026-07-29,V5,54a3e0472e98886f,54a3e0472e98886f,false,none,0,false,false,false,false,false
forward_poll_2026h2,SF,2026-07,2026-07-22,2026-07-29,V5,d8fde69f3b50fb0c,d8fde69f3b50fb0c,false,none,0,false,false,false,false,false
forward_poll_2026h2,SF-PB,2026-07,2026-07-22,2026-07-22,V3,8d0b0e76e6c2296c,8d0b0e76e6c2296c,false,none,0,true,true,false,false,false
forward_poll_2026h2,SF-PC,2026-07,2026-07-22,2026-07-22,V3,a7d0d45ebd197050,a7d0d45ebd197050,false,none,0,true,true,false,false,false
forward_poll_2026h2,SF-PD,2026-07,2026-07-22,2026-07-22,V3,8f230576ea2aeeed,8f230576ea2aeeed,false,none,0,true,true,false,false,false
forward_poll_2026h2,SFB,2026-07,2026-07-22,2026-07-22,V3,3468ee6503cf6fbd,3468ee6503cf6fbd,false,none,0,true,true,false,false,false
forward_poll_2026h2,SFBC,2026-07,2026-07-28,2026-07-28,V5,aeb5aaa08403ffd3,aeb5aaa08403ffd3,false,none,0,,,false,,false
forward_poll_2026h2,SFBQF,2026-08,2026-08-04,2026-08-04,V3,0c248a061bcc1a83,106c7906cff1dc4a,true,down,"(0,0.01)",true,true,false,false,false
forward_poll_2026h2,SFBS,2026-07,2026-07-21,2026-07-21,V5,a7c4292fb9b86b53,434f91bd19a90941,true,up,"[0.05,0.25)",false,false,false,false,false
forward_poll_2026h2,SFFYF,2026-07,2026-07-25,2026-07-30,V3,dc76c81cc871d71b,becc3f536bb17140,true,up,"[0.01,0.05)",false,false,false,false,false
forward_poll_2026h2,SFIX,2026-06,2026-06-10,2026-06-10,V5,46ac754a66b1d5cf,46ac754a66b1d5cf,false,none,0,true,true,false,false,false
forward_poll_2026h2,SFM,2026-07,2026-07-29,2026-07-31,V5,bd8f0272a8b233f2,bd8f0272a8b233f2,false,none,0,false,false,false,false,false
forward_poll_2026h2,SFNC,2026-07,2026-07-17,2026-07-17,V5,5145d2d30ba9a23c,5145d2d30ba9a23c,false,none,0,false,false,false,false,false
forward_poll_2026h2,SFSHF,2026-06,2026-06-12,2026-06-12,V5,752e350515b96c0b,752e350515b96c0b,false,none,0,,,false,,false
forward_poll_2026h2,SFSLF,2026-07,2026-07-24,2026-07-24,V5,6d116abe1e1783af,6d116abe1e1783af,false,none,0,,,false,,false
forward_poll_2026h2,SFST,2026-07,2026-07-21,2026-07-25,V3,ce2db2ebde8fdfcc,ce2db2ebde8fdfcc,false,none,0,false,false,false,false,false
forward_poll_2026h2,SGBAF,2026-07,2026-07-30,2026-07-30,V5,d5fb67c1a5d97ac5,d5fb67c1a5d97ac5,false,none,0,,,false,,false
forward_poll_2026h2,SGC,2026-08,2026-08-04,2026-08-04,V5,8b65174162ab35e5,8b65174162ab35e5,false,none,0,true,true,false,false,false
forward_poll_2026h2,SGCPF,2026-05,2026-06-05,2026-06-05,V5,90e55fec94003bfe,90e55fec94003bfe,false,none,0,,,false,,true
forward_poll_2026h2,SGH,2026-07,2026-07-08,2026-07-08,V3,3923679a10e913b0,3923679a10e913b0,false,none,0,false,false,false,false,false
forward_poll_2026h2,SGHC,2026-08,2026-08-04,2026-08-04,V3,1e343b4d42885512,1e343b4d42885512,false,none,0,false,false,false,false,false
forward_poll_2026h2,SGIOF,2026-08,2026-08-03,2026-08-03,V3,d58c3badaf53408d,acb624ded2c1abca,true,up,"(0,0.01)",true,true,false,false,false
forward_poll_2026h2,SGIOY,2026-08,2026-08-03,2026-08-03,V3,a30e8647176f2367,2c31d403a2238a84,true,down,"(0,0.01)",true,true,false,false,false
forward_poll_2026h2,SGIPF,2026-07,2026-07-10,2026-07-10,V3,a69249a22c9b0361,a69249a22c9b0361,false,none,0,false,false,false,false,false
forward_poll_2026h2,SGLMF,2026-07,2026-07-30,2026-07-30,V3,2378be0b6e282cdb,2378be0b6e282cdb,false,none,0,false,false,false,false,false
forward_poll_2026h2,SGPPF,2026-06,2026-06-11,2026-06-16,V5,82551441a17b2372,bc5935e499e4dbb1,true,down,"[0.05,0.25)",false,false,false,false,false
forward_poll_2026h2,SGSOF,2026-07,2026-07-24,2026-07-26,V5,07ca94e745b4a107,3d5faf82dccf1c40,true,up,"[0.01,0.05)",false,false,false,false,false
forward_poll_2026h2,SGSOY,2026-07,2026-07-24,2026-07-24,V5,e8d8ead3e020844e,563469bf2cb6dc63,true,down,"(0,0.01)",false,false,false,false,false
forward_poll_2026h2,SHAOF,2026-06,2026-07-04,2026-07-04,V3,6d5627ecc19f1222,6d5627ecc19f1222,false,none,0,true,true,false,false,true
forward_poll_2026h2,SHBI,2026-07,2026-07-23,2026-07-23,V5,65dfc09f518c13ab,65dfc09f518c13ab,false,none,0,true,true,false,false,false
forward_poll_2026h2,SHCMF,2026-07,2026-08-01,2026-08-01,V5,dff261b90e44a5e0,dff261b90e44a5e0,false,none,0,,,false,,true
forward_poll_2026h2,SHECF,2026-07,2026-07-24,2026-07-24,V3,9d49ca6d9b091959,bb0bb4e77e8e71e7,true,up,"(0,0.01)",true,true,false,false,false
forward_poll_2026h2,SHEL,2026-07,2026-07-30,2026-08-04,V3,69ee327965dd1a23,69ee327965dd1a23,false,none,0,true,true,false,false,false
forward_poll_2026h2,SHEN,2026-07,2026-07-29,2026-08-04,V3,c889f5eaedd25928,c889f5eaedd25928,false,none,0,true,true,false,false,false
forward_poll_2026h2,SHERF,2026-06,2026-07-04,2026-07-04,V5,259ac8debe31ef62,259ac8debe31ef62,false,none,0,true,true,false,false,true
forward_poll_2026h2,SHG,2026-07,2026-07-24,2026-07-25,V3,bf97e5a7de4bca6a,bf865191f242f9b1,true,down,"[0.05,0.25)",true,true,false,false,false
forward_poll_2026h2,SHG,2026-07,2026-07-23,2026-07-23,V3,bc384e32f611bc0d,bc384e32f611bc0d,false,none,0,true,true,false,false,false
forward_poll_2026h2,SHIP,2026-07,2026-07-30,2026-08-02,V5,713b4e7d64fb7190,713b4e7d64fb7190,false,none,0,true,true,false,false,false
forward_poll_2026h2,SHLAF,2026-07,2026-07-20,2026-07-22,V3,49b4fd7e49410ae7,7fc332bbe7e1b666,true,down,>=1.00,true,,false,,false
forward_poll_2026h2,SHLRF,2026-07,2026-07-20,2026-07-22,V3,9881fe9bca7b3615,aa2ea8d39de03a4f,true,down,>=1.00,true,,false,,false
forward_poll_2026h2,SHLS,2026-08,2026-08-04,2026-08-04,V5,d0f9078fb43b3b74,d0f9078fb43b3b74,false,none,0,true,true,false,false,false
forward_poll_2026h2,SHMDF,2026-07,2026-07-28,2026-08-01,V3,3bbf324feed4dcea,ecc58e56f36f5e10,true,up,"[0.05,0.25)",false,true,true,true,false
forward_poll_2026h2,SHMUF,2026-07,2026-07-30,2026-07-30,V3,baba75c4989e139a,1ca5236ee426dca0,true,up,"(0,0.01)",true,true,false,false,false
forward_poll_2026h2,SHMUY,2026-07,2026-07-30,2026-07-30,V5,237d31835025cb74,237d31835025cb74,false,none,0,,,false,,false
forward_poll_2026h2,SHMWF,2026-07,2026-08-01,2026-08-01,V3,906528d49a086896,906528d49a086896,false,none,0,,,false,,false
forward_poll_2026h2,SHNWF,2026-07,2026-07-30,2026-07-30,V5,d585438491f5a520,d585438491f5a520,false,none,0,true,true,false,false,false
forward_poll_2026h2,SHOFF,2026-07,2026-07-31,2026-07-31,V5,d4329d536dccae74,d4329d536dccae74,false,none,0,,,false,,false
forward_poll_2026h2,SHOO,2026-07,2026-07-30,2026-08-02,V5,e06e6f9cbf773883,e06e6f9cbf773883,false,none,0,true,true,false,false,false
forward_poll_2026h2,SHPPF,2026-07,2026-07-30,2026-07-31,V3,d0dc42d490b0aa6d,30baf795a0babf65,true,down,"[0.01,0.05)",true,true,false,false,false
forward_poll_2026h2,SHVLF,2026-07,2026-07-28,2026-07-28,V3,025e791e0d548219,025e791e0d548219,false,none,0,,,false,,true
forward_poll_2026h2,SHW,2026-07,2026-07-28,2026-07-30,V5,ea924a23b3904e80,ea924a23b3904e80,false,none,0,false,false,false,false,false
forward_poll_2026h2,SIBN,2026-08,2026-08-03,2026-08-04,V5,d6838327c436aada,d6838327c436aada,false,none,0,true,true,false,false,false
forward_poll_2026h2,SICNF,2026-05,2026-06-05,2026-06-05,V5,875b11b2d6c26db2,875b11b2d6c26db2,false,none,0,,,false,,true
forward_poll_2026h2,SIFY,2026-07,2026-07-18,2026-07-18,V3,ccb47361e4291cac,ccb47361e4291cac,false,none,0,false,false,false,false,true
forward_poll_2026h2,SIG,2026-06,2026-06-05,2026-06-09,V5,aaffb5018a85f2fe,aaffb5018a85f2fe,false,none,0,true,true,false,false,true
forward_poll_2026h2,SIGI,2026-07,2026-07-23,2026-07-30,V5,cf3c948a08459d8c,cf3c948a08459d8c,false,none,0,true,true,false,false,false
forward_poll_2026h2,SIGIP,2026-07,2026-07-23,2026-07-23,V3,9fbe707f1e12de34,9fbe707f1e12de34,false,none,0,true,true,false,false,false
forward_poll_2026h2,SIGY,2026-07,2026-07-17,2026-07-17,V5,7ac75ab99a26ed8a,7ac75ab99a26ed8a,false,none,0,,,false,,false
forward_poll_2026h2,SILC,2026-07,2026-07-29,2026-08-01,V3,c1d9c3c5226264e3,c1d9c3c5226264e3,false,none,0,true,true,false,false,false
forward_poll_2026h2,SIM,2026-07,2026-07-29,2026-07-29,V3,b6f20d802986370e,b6f20d802986370e,false,none,0,false,false,false,false,false
forward_poll_2026h2,SIMO,2026-07,2026-07-29,2026-08-02,V5,5ea92d35aab6fcac,5ea92d35aab6fcac,false,none,0,true,true,false,false,false
forward_poll_2026h2,SINGF,2026-07,2026-07-29,2026-07-29,V3,c775faaf0eae45ec,c775faaf0eae45ec,false,none,0,,,false,,false
forward_poll_2026h2,SIRI,2026-07,2026-07-30,2026-08-01,V5,023c5b92cd416d48,023c5b92cd416d48,false,none,0,false,false,false,false,false
forward_poll_2026h2,SITC,2026-08,2026-08-03,2026-08-03,V3,ef4e1b7774736daa,4a5588635a3f54b6,true,up,"[0.05,0.25)",true,true,false,false,false
forward_poll_2026h2,SITE,2026-07,2026-07-29,2026-07-31,V5,b734dd9a4542dea6,b734dd9a4542dea6,false,none,0,false,false,false,false,false
forward_poll_2026h2,SIUAF,2026-08,2026-08-04,2026-08-04,V3,241864b80e53ba39,32742e51cfb680d8,true,down,"[0.01,0.05)",false,false,false,true,false
forward_poll_2026h2,SJM,2026-06,2026-06-09,2026-06-13,V5,0d0314f84518bf6f,0d0314f84518bf6f,false,none,0,false,false,false,false,false
forward_poll_2026h2,SJMHF,2026-08,2026-08-03,2026-08-03,V3,1ccd31a017199665,1ccd31a017199665,false,none,0,false,false,false,false,false
forward_poll_2026h2,SJMHF,2026-08,2026-08-05,2026-08-05,V3,1ccd31a017199665,1ccd31a017199665,false,none,0,false,false,false,false,false
forward_poll_2026h2,SKBSY,2026-07,2026-07-19,2026-07-19,V3,fb6ca8d365ae04ed,fb6ca8d365ae04ed,false,none,0,,,false,,true
forward_poll_2026h2,SKFOF,2026-07,2026-07-30,2026-07-30,V5,6c119360c3222a55,6c119360c3222a55,false,none,0,false,false,false,false,false
forward_poll_2026h2,SKFRY,2026-07,2026-07-17,2026-07-18,V3,49938f20fa1fd453,5916326ca5fbfc86,true,up,"[0.01,0.05)",true,true,false,false,false
forward_poll_2026h2,SKHSF,2026-06,2026-06-05,2026-06-05,V3,327271aff6f8fc4a,327271aff6f8fc4a,false,none,0,true,true,false,false,false
forward_poll_2026h2,SKHSY,2026-06,2026-06-05,2026-06-05,V3,cb0aa9618858fd85,9c57be75f520353b,true,down,"[0.05,0.25)",true,true,false,false,false
forward_poll_2026h2,SKHY,2026-07,2026-07-29,2026-07-31,V3,17d7a2767c555fe4,3253cdbb58475ece,true,down,"[0.05,0.25)",true,true,false,false,false
forward_poll_2026h2,SKIL,2026-06,2026-06-10,2026-06-10,V3,46f10f28d759eef6,46f10f28d759eef6,false,none,0,true,true,false,false,false
forward_poll_2026h2,SKKY,2026-06,2026-06-18,2026-06-22,V5,682c9efc0d41c79d,503cba0532def5c0,true,up,"(0,0.01)",,,false,,false
forward_poll_2026h2,SKM,2026-08,2026-08-05,2026-08-05,V3,c0bdae147da41a2f,c0bdae147da41a2f,false,none,0,true,true,false,false,false
forward_poll_2026h2,SKSBF,2026-07,2026-07-17,2026-07-17,V3,9f5465688bd7fa24,8d14e3d36a4a21dd,true,down,"(0,0.01)",true,true,false,false,false
forward_poll_2026h2,SKT,2026-08,2026-08-04,2026-08-04,V3,c011aa50cd23c94b,c011aa50cd23c94b,false,none,0,true,true,false,false,false
forward_poll_2026h2,SKUFF,2026-07,2026-07-17,2026-07-17,V3,a61f1465653bea9a,a61f1465653bea9a,false,none,0,true,true,false,false,false
forward_poll_2026h2,SKWD,2026-08,2026-08-04,2026-08-04,V5,74dedc913b4924d4,74dedc913b4924d4,false,none,0,true,true,false,false,false
forward_poll_2026h2,SKYW,2026-07,2026-07-23,2026-07-24,V5,e75ccc9b4f2607f6,e75ccc9b4f2607f6,false,none,0,false,false,false,true,false
forward_poll_2026h2,SLB,2026-07,2026-07-24,2026-07-31,V5,4faf1a20c9f2fc92,4faf1a20c9f2fc92,false,none,0,false,false,false,false,false
forward_poll_2026h2,SLDE,2026-07,2026-07-28,2026-08-04,V3,5f89e802e7c4d178,5f89e802e7c4d178,false,none,0,true,true,false,false,false
forward_poll_2026h2,SLDP,2026-08,2026-08-04,2026-08-04,V3,49b9388241c74c80,49b9388241c74c80,false,none,0,true,true,false,false,false
forward_poll_2026h2,SLDPW,2026-08,2026-08-05,2026-08-05,V3,11146c4f5682a432,11146c4f5682a432,false,none,0,true,true,false,false,false
forward_poll_2026h2,SLFPF,2026-07,2026-07-31,2026-08-02,V5,2500c2b3d7ef96fc,1e1dfd2e7ff593d9,true,down,"[0.01,0.05)",true,true,false,false,true
forward_poll_2026h2,SLG,2026-07,2026-07-22,2026-07-24,V3,6363286a8ef71b58,1b0b1868b0ca2bb1,true,down,>=1.00,true,true,false,false,false
forward_poll_2026h2,SLG-PI,2026-07,2026-07-23,2026-07-23,V3,cb3232a3bc08a907,cb3232a3bc08a907,false,none,0,true,true,false,false,false
forward_poll_2026h2,SLGN,2026-07,2026-07-29,2026-07-30,V5,7e51dfe0e1109b59,7e51dfe0e1109b59,false,none,0,false,false,false,false,false
forward_poll_2026h2,SLM,2026-07,2026-07-23,2026-07-26,V5,b4b3f54a4eae3d56,b4b3f54a4eae3d56,false,none,0,false,false,false,false,false
forward_poll_2026h2,SLMBP,2026-07,2026-07-24,2026-07-24,V3,ec132c0684da8181,ec132c0684da8181,false,none,0,false,false,false,false,false
forward_poll_2026h2,SLMZF,2026-07,2026-07-05,2026-07-05,V5,cf96d38e832dc48a,cf96d38e832dc48a,false,none,0,,,false,,false
forward_poll_2026h2,SLMZF,2026-07,2026-07-07,2026-07-07,V5,cf96d38e832dc48a,cf96d38e832dc48a,false,none,0,,,false,,false
forward_poll_2026h2,SLMZF,2026-07,2026-07-08,2026-07-08,V5,cf96d38e832dc48a,cf96d38e832dc48a,false,none,0,,,false,,false
forward_poll_2026h2,SLMZF,2026-07,2026-07-10,2026-07-10,V5,cf96d38e832dc48a,cf96d38e832dc48a,false,none,0,,,false,,false
forward_poll_2026h2,SLMZF,2026-07,2026-07-12,2026-07-12,V5,cf96d38e832dc48a,cf96d38e832dc48a,false,none,0,,,false,,false
forward_poll_2026h2,SLMZF,2026-07,2026-07-14,2026-07-14,V5,cf96d38e832dc48a,cf96d38e832dc48a,false,none,0,,,false,,false
forward_poll_2026h2,SLMZF,2026-07,2026-07-15,2026-07-15,V5,cf96d38e832dc48a,cf96d38e832dc48a,false,none,0,,,false,,false
forward_poll_2026h2,SLMZF,2026-07,2026-07-16,2026-07-16,V5,cf96d38e832dc48a,cf96d38e832dc48a,false,none,0,,,false,,false
forward_poll_2026h2,SLMZF,2026-07,2026-07-20,2026-07-20,V5,cf96d38e832dc48a,cf96d38e832dc48a,false,none,0,,,false,,false
forward_poll_2026h2,SLMZF,2026-07,2026-07-21,2026-07-21,V5,cf96d38e832dc48a,cf96d38e832dc48a,false,none,0,,,false,,false
forward_poll_2026h2,SLMZF,2026-07,2026-07-22,2026-07-22,V5,cf96d38e832dc48a,cf96d38e832dc48a,false,none,0,,,false,,false
forward_poll_2026h2,SLMZF,2026-07,2026-07-23,2026-07-23,V5,cf96d38e832dc48a,cf96d38e832dc48a,false,none,0,,,false,,false
forward_poll_2026h2,SLMZF,2026-07,2026-07-26,2026-07-26,V5,cf96d38e832dc48a,cf96d38e832dc48a,false,none,0,,,false,,false
forward_poll_2026h2,SLMZF,2026-07,2026-07-28,2026-07-28,V5,cf96d38e832dc48a,cf96d38e832dc48a,false,none,0,,,false,,false
forward_poll_2026h2,SLMZF,2026-07,2026-07-29,2026-07-29,V5,cf96d38e832dc48a,cf96d38e832dc48a,false,none,0,,,false,,false
forward_poll_2026h2,SLMZF,2026-07,2026-07-30,2026-07-30,V5,cf96d38e832dc48a,cf96d38e832dc48a,false,none,0,,,false,,false
forward_poll_2026h2,SLMZF,2026-08,2026-08-03,2026-08-03,V5,cf96d38e832dc48a,cf96d38e832dc48a,false,none,0,,,false,,false
forward_poll_2026h2,SLNFF,2026-06,2026-06-15,2026-06-15,V5,ffa70ecee4eda355,ffa70ecee4eda355,false,none,0,,,false,,false
forward_poll_2026h2,SLOFF,2026-07,2026-07-16,2026-07-20,V3,85b0971c277dab35,339a244f8d7c3a58,true,up,"[0.05,0.25)",false,false,false,false,false
forward_poll_2026h2,SLP,2026-07,2026-07-10,2026-07-10,V5,557882468ffa893a,557882468ffa893a,false,none,0,true,true,false,false,false
forward_poll_2026h2,SLRC,2026-08,2026-08-04,2026-08-04,V5,289dc02961faae24,289dc02961faae24,false,none,0,false,false,false,false,false
forward_poll_2026h2,SLRK,2026-07,2026-07-29,2026-07-29,V5,955f97f88315c16a,955f97f88315c16a,false,none,0,,,false,,false
forward_poll_2026h2,SLVTF,2026-06,2026-07-04,2026-07-04,V3,027d961d38d33115,027d961d38d33115,false,none,0,false,false,false,false,true
forward_poll_2026h2,SLVYY,2026-07,2026-07-30,2026-07-30,V3,7e472127c57f4566,7e472127c57f4566,false,none,0,true,true,false,false,false
forward_poll_2026h2,SLVYY,2026-07,2026-07-30,2026-07-30,V3,8ebd5a08b912a7c3,8ebd5a08b912a7c3,false,none,0,false,false,false,false,false
forward_poll_2026h2,SLXXF,2026-06,2026-06-05,2026-06-05,V5,3b9de79e2ccdf310,3b9de79e2ccdf310,false,none,0,,,false,,true
forward_poll_2026h2,SMBC,2026-07,2026-07-22,2026-07-29,V5,a3e87f9d1952cdd7,a3e87f9d1952cdd7,false,none,0,true,true,false,false,false
forward_poll_2026h2,SMBK,2026-07,2026-07-21,2026-07-22,V5,42ace2e7507a6f65,42ace2e7507a6f65,false,none,0,false,false,false,false,false
forward_poll_2026h2,SMBMF,2026-07,2026-07-31,2026-08-03,V3,201d6309a6d85d8f,201d6309a6d85d8f,false,none,0,,,false,,false
forward_poll_2026h2,SMERY,2026-08,2026-08-05,2026-08-05,V3,6ac989cf36607fb8,6ac989cf36607fb8,false,none,0,true,true,false,false,false
forward_poll_2026h2,SMFG,2026-07,2026-07-31,2026-07-31,V3,746eac877c24e2e1,746eac877c24e2e1,false,none,0,true,true,false,false,false
forward_poll_2026h2,SMFNF,2026-07,2026-07-31,2026-07-31,V3,fb52ef0a0e647fc2,fb52ef0a0e647fc2,false,none,0,true,true,false,false,false
forward_poll_2026h2,SMG,2026-07,2026-07-29,2026-08-01,V5,a78b4e04a19311b3,a78b4e04a19311b3,false,none,0,true,true,false,false,false
forward_poll_2026h2,SMHI,2026-07,2026-07-29,2026-07-29,V3,0e393f61a74efbb0,0e393f61a74efbb0,false,none,0,true,true,false,false,false
forward_poll_2026h2,SMID,2026-06,2026-06-13,2026-06-13,V5,a0da78f3a13e92d1,a0da78f3a13e92d1,false,none,0,,,false,,true
forward_poll_2026h2,SMID,2026-06,2026-06-10,2026-06-10,V5,9e4d73a9c59284eb,9e4d73a9c59284eb,false,none,0,,,false,,false
forward_poll_2026h2,SMIZF,2026-07,2026-08-02,2026-08-02,V5,efddacf7a0299b79,efddacf7a0299b79,false,none,0,,,false,,true
forward_poll_2026h2,SMMNY,2026-07,2026-07-31,2026-08-01,V3,83180947ca436b4d,db0481bf81e17dc5,true,up,"(0,0.01)",true,true,false,false,false
forward_poll_2026h2,SMMT,2026-07,2026-07-23,2026-07-24,V5,515f0aee85114161,515f0aee85114161,false,none,0,false,false,false,false,false
forward_poll_2026h2,SMNNY,2026-07,2026-07-28,2026-07-28,V5,1cb02054d8fa35a0,1cb02054d8fa35a0,false,none,0,,,false,,false
forward_poll_2026h2,SMNUF,2026-07,2026-08-04,2026-08-04,V3,1121f5e919d77f05,1121f5e919d77f05,false,none,0,false,false,false,false,true
forward_poll_2026h2,SMOFF,2026-06,2026-06-05,2026-06-05,V5,ff5024dfdb9bb0a4,ff5024dfdb9bb0a4,false,none,0,,,false,,true
forward_poll_2026h2,SMOPF,2026-07,2026-07-14,2026-07-14,V3,b0deda9d140c7ab8,b0deda9d140c7ab8,false,none,0,false,false,false,false,false
forward_poll_2026h2,SMP,2026-08,2026-08-04,2026-08-04,V5,0f3044356fc86fd4,0f3044356fc86fd4,false,none,0,false,false,false,false,false
forward_poll_2026h2,SMPEF,2026-06,2026-07-04,2026-07-04,V5,478dc3b7374feb80,478dc3b7374feb80,false,none,0,,,false,,true
forward_poll_2026h2,SMPL,2026-07,2026-07-10,2026-07-12,V5,c0e58491b1d54918,c0e58491b1d54918,false,none,0,true,true,false,false,false
forward_poll_2026h2,SMREF,2026-07,2026-08-01,2026-08-01,V5,fb25ca02272d0f85,fb25ca02272d0f85,false,none,0,,,false,,true
forward_poll_2026h2,SMSZF,2026-07,2026-07-30,2026-07-30,V3,98b0bf7a98948d0b,98b0bf7a98948d0b,false,none,0,,,false,,false
forward_poll_2026h2,SMTOY,2026-07,2026-07-31,2026-07-31,V3,f4d5f4069a14cb24,afc23bf015652206,true,up,"(0,0.01)",false,true,true,true,false
forward_poll_2026h2,SNA,2026-07,2026-07-23,2026-07-24,V5,05b7c4337d0b28ea,05b7c4337d0b28ea,false,none,0,false,false,false,false,false
forward_poll_2026h2,SNANF,2026-06,2026-07-04,2026-07-07,V3,2b540e042d02f7cf,2b540e042d02f7cf,false,none,0,true,true,false,false,true
forward_poll_2026h2,SNAP,2026-08,2026-08-03,2026-08-05,V5,1dc93fd98be8a1a0,71915168b28026e5,true,down,"[0.05,0.25)",true,true,false,false,false
forward_poll_2026h2,SNBIF,2026-06,2026-06-15,2026-06-15,V3,cc7c114cd27adc1a,599c4b2ade93ba21,true,up,"(0,0.01)",false,false,false,false,false
forward_poll_2026h2,SNDL,2026-07,2026-07-28,2026-07-31,V5,04558c319820e08f,04558c319820e08f,false,none,0,false,false,false,false,false
forward_poll_2026h2,SNDR,2026-07,2026-07-30,2026-08-02,V5,57603ff9f3f15688,57603ff9f3f15688,false,none,0,true,true,false,false,false
forward_poll_2026h2,SNDX,2026-08,2026-08-04,2026-08-04,V5,480a1865eceebe02,480a1865eceebe02,false,none,0,false,false,false,false,false
forward_poll_2026h2,SNEJF,2026-07,2026-07-31,2026-07-31,V3,17631ab74d0d1bfc,17631ab74d0d1bfc,false,none,0,true,true,false,false,false
forward_poll_2026h2,SNIPF,2026-06,2026-06-05,2026-06-05,V5,09476bc992810655,09476bc992810655,false,none,0,,,false,,true
forward_poll_2026h2,SNIRF,2026-08,2026-08-03,2026-08-03,V5,3ab1640cce52b320,58348e1ab4adec2c,true,up,"(0,0.01)",,,false,,false
forward_poll_2026h2,SNLGF,2026-06,2026-06-05,2026-06-05,V5,b71b2490d91d8ccf,b71b2490d91d8ccf,false,none,0,,,false,,true
forward_poll_2026h2,SNMRF,2026-07,2026-08-01,2026-08-01,V5,e276752b75cc61b9,e276752b75cc61b9,false,none,0,,,false,,true
forward_poll_2026h2,SNMSF,2026-07,2026-07-30,2026-07-30,V3,e64e3aa1a0b6be6c,e64e3aa1a0b6be6c,false,none,0,true,true,false,false,false
forward_poll_2026h2,SNN,2026-08,2026-08-04,2026-08-04,V5,ef224e4fa8bf85d7,ef224e4fa8bf85d7,false,none,0,false,false,false,false,false
forward_poll_2026h2,SNNUF,2026-08,2026-08-04,2026-08-04,V5,bbdd79280ec5ec15,bbdd79280ec5ec15,false,none,0,false,false,false,false,false
forward_poll_2026h2,SNOA,2026-06,2026-06-17,2026-06-17,V3,469ad0b30432c4ef,25524759cae64c4f,true,up,"[0.05,0.25)",false,true,true,true,false
forward_poll_2026h2,SNROF,2026-06,2026-06-24,2026-06-24,V5,7e62df8f1ebd2591,7e62df8f1ebd2591,false,none,0,,,false,,false
forward_poll_2026h2,SNWAF,2026-07,2026-07-31,2026-07-31,V3,fb25570a42f9d37e,fb25570a42f9d37e,false,none,0,false,false,false,false,false
forward_poll_2026h2,SNX,2026-06,2026-06-25,2026-06-25,V5,19e2d8f2c6af8810,19e2d8f2c6af8810,false,none,0,true,true,false,false,false
forward_poll_2026h2,SNY,2026-07,2026-07-30,2026-07-31,V5,7ed77f6317894e2a,65eae443896fe9d2,true,up,>=1.00,false,true,true,false,false
forward_poll_2026h2,SNYNF,2026-07,2026-07-31,2026-08-04,V3,eeada3241b781501,eeada3241b781501,false,none,0,,,false,,false
forward_poll_2026h2,SNZZF,2026-07,2026-07-17,2026-07-17,V3,e234b69235923e3c,e234b69235923e3c,false,none,0,false,false,false,false,false
forward_poll_2026h2,SO,2026-07,2026-07-30,2026-08-02,V5,82ea849db1e343e9,82ea849db1e343e9,false,none,0,true,true,false,false,false
forward_poll_2026h2,SODI,2026-07,2026-07-14,2026-07-14,V5,c5a7a6ab89edad2e,c5a7a6ab89edad2e,false,none,0,,,false,,false
forward_poll_2026h2,SOFI,2026-07,2026-07-29,2026-08-01,V5,44f579ae22d70b50,44f579ae22d70b50,false,none,0,false,false,false,false,false
forward_poll_2026h2,SOFIW,2026-07,2026-07-30,2026-07-30,V5,eb51b27c8c0b52d3,eb51b27c8c0b52d3,false,none,0,,,false,,false
forward_poll_2026h2,SOHGF,2026-08,2026-08-04,2026-08-04,V5,30e4af9a0ce2facd,30e4af9a0ce2facd,false,none,0,,,false,,false
forward_poll_2026h2,SOHVF,2026-08,2026-08-04,2026-08-04,V3,7f05cd72db42f17e,e320c0ccc8f8423d,true,down,"(0,0.01)",true,true,false,false,false
forward_poll_2026h2,SOHVY,2026-08,2026-08-04,2026-08-04,V5,ee8afaf0f15e4ba4,ee8afaf0f15e4ba4,false,none,0,,,false,,false
forward_poll_2026h2,SOIEF,2026-07,2026-07-10,2026-07-14,V3,be8bfa79c912fcbd,0d2fc3f670a4296f,true,up,"[0.01,0.05)",false,true,true,false,false
forward_poll_2026h2,SOJC,2026-07,2026-07-30,2026-07-30,V3,61775459b837edc9,61775459b837edc9,false,none,0,true,true,false,false,false
forward_poll_2026h2,SOJD,2026-07,2026-07-30,2026-07-30,V3,67ec5c886025c0f5,67ec5c886025c0f5,false,none,0,true,true,false,false,false
forward_poll_2026h2,SOJE,2026-07,2026-07-30,2026-07-30,V3,dd4ab96db244d219,dd4ab96db244d219,false,none,0,true,true,false,false,false
forward_poll_2026h2,SOLN,2026-07,2026-07-30,2026-07-30,V5,d470666e8f7d0c92,d470666e8f7d0c92,false,none,0,true,true,false,false,false
forward_poll_2026h2,SOLS,2026-07,2026-07-30,2026-08-03,V3,27e5f58c077bdaf0,27e5f58c077bdaf0,false,none,0,true,true,false,false,false
forward_poll_2026h2,SOMC,2026-07,2026-07-29,2026-07-29,V5,84c734675e08917b,84c734675e08917b,false,none,0,,,false,,false
forward_poll_2026h2,SOMMF,2026-08,2026-08-04,2026-08-04,V3,3feb5c85c322d0e6,3feb5c85c322d0e6,false,none,0,true,true,false,false,false
forward_poll_2026h2,SOMN,2026-07,2026-07-30,2026-07-30,V3,74b413e877acef6f,74b413e877acef6f,false,none,0,true,true,false,false,false
forward_poll_2026h2,SON,2026-07,2026-07-22,2026-07-24,V5,22587a3fac69619e,22587a3fac69619e,false,none,0,false,false,false,false,false
forward_poll_2026h2,SONO,2026-07,2026-07-29,2026-07-30,V3,2ce3baf81d5ed81c,2ce3baf81d5ed81c,false,none,0,true,true,false,false,false
forward_poll_2026h2,SONY,2026-07,2026-07-31,2026-07-31,V3,7532d868c09b5864,7532d868c09b5864,false,none,0,true,true,false,false,false
forward_poll_2026h2,SOPH,2026-08,2026-08-04,2026-08-04,V3,26a9ff7e5a678b56,26a9ff7e5a678b56,false,none,0,false,false,false,false,false
forward_poll_2026h2,SOTK,2026-07,2026-07-08,2026-07-08,V3,39a3654d0240cb6a,39a3654d0240cb6a,false,none,0,false,false,false,false,false
forward_poll_2026h2,SPAUF,2026-06,2026-06-05,2026-06-05,V5,274b51876ee2c860,274b51876ee2c860,false,none,0,,,false,,true
forward_poll_2026h2,SPCX,2026-06,2026-06-08,2026-06-08,V5,04c8868048edba19,04c8868048edba19,false,none,0,,,false,,true
forward_poll_2026h2,SPCX,2026-08,2026-08-03,2026-08-04,V5,8fb48518bf3d28c2,6e2af26b7085ca07,true,up,>=1.00,false,true,true,true,false
forward_poll_2026h2,SPFI,2026-07,2026-07-17,2026-07-17,V5,6292865b4bd7f68a,6292865b4bd7f68a,false,none,0,false,false,false,false,false
forward_poll_2026h2,SPGI,2026-07,2026-07-28,2026-08-04,V5,052975d20e20863d,052975d20e20863d,false,none,0,false,false,false,false,false
forward_poll_2026h2,SPHR,2026-07,2026-07-29,2026-07-31,V3,8f56492593a34262,53ba90a4275d41a0,true,down,>=1.00,true,true,false,false,false
forward_poll_2026h2,SPNT,2026-07,2026-07-29,2026-07-29,V3,b4b5174397bf3229,b4b5174397bf3229,false,none,0,true,true,false,false,false
forward_poll_2026h2,SPOK,2026-07,2026-07-29,2026-07-29,V3,fdb58efd6f318334,fdb58efd6f318334,false,none,0,true,true,false,false,false
forward_poll_2026h2,SPOT,2026-08,2026-08-04,2026-08-04,V5,f489fe53a278c9a6,34d4d132e47bde7d,true,up,"[0.25,1.00)",false,false,false,false,false
forward_poll_2026h2,SPRQF,2026-06,2026-06-05,2026-06-05,V5,4fe2e05056e05359,4fe2e05056e05359,false,none,0,,,false,,true
forward_poll_2026h2,SPRS,2026-07,2026-07-15,2026-07-15,V5,3e3034f06bf3eb9b,3e3034f06bf3eb9b,false,none,0,,,false,,false
forward_poll_2026h2,SPSC,2026-07,2026-07-30,2026-08-01,V5,dbfd13e0cff80e36,dbfd13e0cff80e36,false,none,0,true,true,false,false,false
forward_poll_2026h2,SPTX,2026-06,2026-06-09,2026-06-09,V5,404e1f388f7dc82a,404e1f388f7dc82a,false,none,0,false,false,false,false,false
forward_poll_2026h2,SPTX,2026-08,2026-08-03,2026-08-04,V5,404e1f388f7dc82a,d9d9e411a02057c4,true,up,>=1.00,false,false,false,false,false
forward_poll_2026h2,SPTY,2026-06,2026-06-13,2026-06-13,V5,74bbb6451b782012,74bbb6451b782012,false,none,0,,,false,,true
forward_poll_2026h2,SPWH,2026-06,2026-06-05,2026-06-05,V5,e72235ef86e62ccf,e72235ef86e62ccf,false,none,0,true,true,false,false,true
forward_poll_2026h2,SPWR,2026-07,2026-07-28,2026-07-31,V5,12b0a526bcf1e2d1,80e9a984685dc4c9,true,up,"[0.01,0.05)",false,true,true,true,false
forward_poll_2026h2,SPWRW,2026-07,2026-07-28,2026-07-31,V3,a0a694cb66431ef6,ab59a16d69712e04,true,up,"[0.01,0.05)",false,true,true,true,false
forward_poll_2026h2,SPXC,2026-07,2026-07-30,2026-07-31,V5,64fb715a2c310882,64fb715a2c310882,false,none,0,false,false,false,false,false
forward_poll_2026h2,SQNS,2026-08,2026-08-04,2026-08-04,V5,6d6bc26596424f57,6d6bc26596424f57,false,none,0,true,true,false,false,false
forward_poll_2026h2,SRAD,2026-08,2026-08-03,2026-08-04,V5,8def1a342e02c1f8,8def1a342e02c1f8,false,none,0,false,false,false,false,false
forward_poll_2026h2,SRBIF,2026-05,2026-06-05,2026-06-05,V5,3b5a060ea6acff0f,3b5a060ea6acff0f,false,none,0,,,false,,true
forward_poll_2026h2,SRBK,2026-07,2026-07-28,2026-07-28,V3,aac823036a438216,aac823036a438216,false,none,0,false,false,false,false,false
forward_poll_2026h2,SRBK,2026-07,2026-07-29,2026-07-29,V3,aac823036a438216,aac823036a438216,false,none,0,false,false,false,false,false
forward_poll_2026h2,SRCE,2026-07,2026-07-23,2026-07-23,V5,7797b29c7e084fdd,7797b29c7e084fdd,false,none,0,true,true,false,false,false
forward_poll_2026h2,SRCRF,2026-06,2026-06-05,2026-06-05,V5,754ae4aa3e913ac6,754ae4aa3e913ac6,false,none,0,,,false,,true
forward_poll_2026h2,SREDF,2026-07,2026-07-16,2026-07-16,V3,6cfdda67b2091096,567a2a4ffa679d39,true,down,"[0.01,0.05)",true,true,false,false,false
forward_poll_2026h2,SRGZ,2026-07,2026-07-25,2026-07-25,V5,79ef83838750919f,79ef83838750919f,false,none,0,,,false,,true
forward_poll_2026h2,SRLZF,2026-06,2026-06-05,2026-06-05,V5,f94ee91d56ef1fbe,f94ee91d56ef1fbe,false,none,0,,,false,,false
forward_poll_2026h2,SRLZF,2026-06,2026-06-07,2026-06-07,V5,f94ee91d56ef1fbe,f94ee91d56ef1fbe,false,none,0,,,false,,false
forward_poll_2026h2,SRLZF,2026-06,2026-06-09,2026-06-09,V5,f94ee91d56ef1fbe,f94ee91d56ef1fbe,false,none,0,,,false,,false
forward_poll_2026h2,SRLZF,2026-06,2026-06-10,2026-06-10,V5,f94ee91d56ef1fbe,f94ee91d56ef1fbe,false,none,0,,,false,,false
forward_poll_2026h2,SRLZF,2026-06,2026-06-11,2026-06-11,V5,f94ee91d56ef1fbe,f94ee91d56ef1fbe,false,none,0,,,false,,false
forward_poll_2026h2,SRLZF,2026-06,2026-06-14,2026-06-14,V5,f94ee91d56ef1fbe,f94ee91d56ef1fbe,false,none,0,,,false,,false
forward_poll_2026h2,SRLZF,2026-06,2026-06-16,2026-06-16,V5,f94ee91d56ef1fbe,f94ee91d56ef1fbe,false,none,0,,,false,,false
forward_poll_2026h2,SRLZF,2026-06,2026-06-17,2026-06-17,V5,f94ee91d56ef1fbe,f94ee91d56ef1fbe,false,none,0,,,false,,false
forward_poll_2026h2,SRLZF,2026-06,2026-06-18,2026-06-18,V5,f94ee91d56ef1fbe,f94ee91d56ef1fbe,false,none,0,,,false,,false
forward_poll_2026h2,SRLZF,2026-06,2026-06-21,2026-06-21,V5,f94ee91d56ef1fbe,f94ee91d56ef1fbe,false,none,0,,,false,,false
forward_poll_2026h2,SRLZF,2026-06,2026-06-23,2026-06-23,V5,f94ee91d56ef1fbe,f94ee91d56ef1fbe,false,none,0,,,false,,false
forward_poll_2026h2,SRLZF,2026-06,2026-06-24,2026-06-24,V5,f94ee91d56ef1fbe,f94ee91d56ef1fbe,false,none,0,,,false,,false
forward_poll_2026h2,SRLZF,2026-06,2026-06-25,2026-06-25,V5,f94ee91d56ef1fbe,f94ee91d56ef1fbe,false,none,0,,,false,,false
forward_poll_2026h2,SRLZF,2026-07,2026-07-05,2026-07-05,V5,f94ee91d56ef1fbe,f94ee91d56ef1fbe,false,none,0,,,false,,false
forward_poll_2026h2,SRLZF,2026-07,2026-07-07,2026-07-07,V5,f94ee91d56ef1fbe,f94ee91d56ef1fbe,false,none,0,,,false,,false
forward_poll_2026h2,SRLZF,2026-07,2026-07-08,2026-07-08,V5,f94ee91d56ef1fbe,f94ee91d56ef1fbe,false,none,0,,,false,,false
forward_poll_2026h2,SRLZF,2026-07,2026-07-12,2026-07-12,V5,f94ee91d56ef1fbe,f94ee91d56ef1fbe,false,none,0,,,false,,false
forward_poll_2026h2,SRLZF,2026-07,2026-07-14,2026-07-14,V5,f94ee91d56ef1fbe,f94ee91d56ef1fbe,false,none,0,,,false,,false
forward_poll_2026h2,SRLZF,2026-07,2026-07-15,2026-07-15,V5,f94ee91d56ef1fbe,f94ee91d56ef1fbe,false,none,0,,,false,,false
forward_poll_2026h2,SRLZF,2026-07,2026-07-16,2026-07-16,V5,f94ee91d56ef1fbe,f94ee91d56ef1fbe,false,none,0,,,false,,false
forward_poll_2026h2,SRLZF,2026-07,2026-07-19,2026-07-19,V5,f94ee91d56ef1fbe,f94ee91d56ef1fbe,false,none,0,,,false,,false
forward_poll_2026h2,SRLZF,2026-07,2026-07-21,2026-07-21,V5,f94ee91d56ef1fbe,f94ee91d56ef1fbe,false,none,0,,,false,,false
forward_poll_2026h2,SRLZF,2026-07,2026-07-22,2026-07-22,V5,f94ee91d56ef1fbe,f94ee91d56ef1fbe,false,none,0,,,false,,false
forward_poll_2026h2,SRLZF,2026-07,2026-07-23,2026-07-23,V5,f94ee91d56ef1fbe,f94ee91d56ef1fbe,false,none,0,,,false,,false
forward_poll_2026h2,SRLZF,2026-07,2026-07-26,2026-07-26,V5,f94ee91d56ef1fbe,f94ee91d56ef1fbe,false,none,0,,,false,,false
forward_poll_2026h2,SRLZF,2026-07,2026-07-28,2026-07-28,V5,f94ee91d56ef1fbe,f94ee91d56ef1fbe,false,none,0,,,false,,false
forward_poll_2026h2,SRLZF,2026-07,2026-07-29,2026-07-29,V5,f94ee91d56ef1fbe,f94ee91d56ef1fbe,false,none,0,,,false,,false
forward_poll_2026h2,SROYF,2026-06,2026-06-05,2026-06-05,V3,d7c396b795c5ed83,d7c396b795c5ed83,false,none,0,false,false,false,false,true
forward_poll_2026h2,SRRLF,2026-06,2026-06-05,2026-06-05,V5,6732e5f07509352c,6732e5f07509352c,false,none,0,,,false,,true
forward_poll_2026h2,SRTA,2026-08,2026-08-04,2026-08-04,V3,fc648c7e19966c4f,69c5e59c3ea24245,true,down,"[0.05,0.25)",true,false,true,true,false
forward_poll_2026h2,SRXXF,2026-07,2026-08-01,2026-08-03,V5,257e83a64999ae9d,c209db18c598bffd,true,up,"(0,0.01)",,,false,,false
forward_poll_2026h2,SSAAF,2026-07,2026-07-22,2026-07-22,V3,85e957449eb6df4b,8b137092acaaca7f,true,down,"(0,0.01)",false,false,false,false,false
forward_poll_2026h2,SSAAY,2026-07,2026-07-22,2026-07-23,V3,840f9c868ea06306,71e803ef32526e08,true,up,"(0,0.01)",false,false,false,false,false
forward_poll_2026h2,SSB,2026-07,2026-07-23,2026-07-23,V5,fd97ee5e770c746a,fd97ee5e770c746a,false,none,0,false,false,false,false,false
forward_poll_2026h2,SSBI,2026-07,2026-07-28,2026-07-28,V5,037beffd09723334,037beffd09723334,false,none,0,,,false,,false
forward_poll_2026h2,SSD,2026-07,2026-07-27,2026-07-27,V3,03cd693206e7e2ad,03cd693206e7e2ad,false,none,0,true,true,false,false,false
forward_poll_2026h2,SSDOF,2026-08,2026-08-05,2026-08-05,V3,aa55678593681e65,aa55678593681e65,false,none,0,true,true,false,false,false
forward_poll_2026h2,SSDOY,2026-08,2026-08-05,2026-08-05,V3,4cb8d55f707a2fb3,4cb8d55f707a2fb3,false,none,0,true,true,false,false,false
forward_poll_2026h2,SSLLF,2026-07,2026-07-31,2026-08-02,V3,26dd5305d238e09f,9e4f5d1af30de23e,true,down,"(0,0.01)",true,true,false,false,false
forward_poll_2026h2,SSNC,2026-07,2026-07-23,2026-07-23,V5,f2e67a050548b8e1,f2e67a050548b8e1,false,none,0,false,false,false,false,false
forward_poll_2026h2,SSNLF,2026-07,2026-07-30,2026-07-30,V5,9a27e2792b98863c,9a27e2792b98863c,false,none,0,false,false,false,false,false
forward_poll_2026h2,SSRM,2026-08,2026-08-04,2026-08-04,V3,ee4a5e0305b00a1b,ee4a5e0305b00a1b,false,none,0,false,false,false,false,false
forward_poll_2026h2,SSSGY,2026-07,2026-07-30,2026-07-30,V5,ba40bd079a69cdc7,ba40bd079a69cdc7,false,none,0,,,false,,true
forward_poll_2026h2,SSTK,2026-08,2026-08-04,2026-08-05,V3,eabb2d84653faccf,8465f6f99b9d0970,true,up,>=1.00,true,true,false,false,false
forward_poll_2026h2,SSUMF,2026-07,2026-08-01,2026-08-01,V3,50ac821e2d94dac3,e3dd081f4f649a92,true,down,"(0,0.01)",true,true,false,false,false
forward_poll_2026h2,SSUMY,2026-07,2026-07-31,2026-07-31,V3,c55b5087ef819766,c55b5087ef819766,false,none,0,false,false,false,false,false
forward_poll_2026h2,ST,2026-07,2026-07-29,2026-08-01,V5,a715a99a8a08bc0d,a715a99a8a08bc0d,false,none,0,false,false,false,false,false
forward_poll_2026h2,STAEF,2026-07,2026-07-30,2026-07-30,V3,e180c5cd19a13714,e180c5cd19a13714,false,none,0,false,false,false,false,false
forward_poll_2026h2,STAG,2026-07,2026-07-28,2026-07-29,V5,c5e0ed1e0af0bba1,1d92fa6407634dc3,true,down,"[0.25,1.00)",true,false,true,false,false
forward_poll_2026h2,STBA,2026-07,2026-07-23,2026-07-23,V5,5720b4c5d9a773e9,5720b4c5d9a773e9,false,none,0,true,true,false,false,false
forward_poll_2026h2,STBI,2026-07,2026-07-14,2026-07-14,V5,2adfd4c178c83fd6,2adfd4c178c83fd6,false,none,0,,,false,,false
forward_poll_2026h2,STC,2026-07,2026-07-22,2026-07-22,V5,b9ee3f0ed871e081,b9ee3f0ed871e081,false,none,0,false,false,false,false,false
forward_poll_2026h2,STCXF,2026-05,2026-06-05,2026-06-05,V5,ad5af5668e9cc4a0,ad5af5668e9cc4a0,false,none,0,,,false,,true
forward_poll_2026h2,STGW,2026-07,2026-07-30,2026-08-02,V3,a2d7bb406369fbf5,a2d7bb406369fbf5,false,none,0,true,true,false,false,false
forward_poll_2026h2,STJPF,2026-07,2026-07-30,2026-07-30,V3,d70597a165e0c414,d70597a165e0c414,false,none,0,true,true,false,false,false
forward_poll_2026h2,STKXF,2026-06,2026-06-05,2026-06-05,V5,24cea580a05fac76,24cea580a05fac76,false,none,0,,,false,,true
forward_poll_2026h2,STLA,2026-07,2026-07-30,2026-08-04,V3,7c072b9992516806,7c072b9992516806,false,none,0,false,false,false,false,false
forward_poll_2026h2,STLD,2026-07,2026-07-21,2026-07-23,V5,59f21bd284764d7d,59f21bd284764d7d,false,none,0,false,false,false,false,false
forward_poll_2026h2,STLFF,2026-07,2026-07-25,2026-07-27,V3,74ef53817a9963d0,eb05db0c35673f76,true,up,"[0.01,0.05)",true,true,false,false,false
forward_poll_2026h2,STLNF,2026-06,2026-06-05,2026-06-05,V5,52537766dc42e1df,52537766dc42e1df,false,none,0,,,false,,true
forward_poll_2026h2,STM,2026-07,2026-07-23,2026-07-30,V3,ec14eaef123cffc7,ec14eaef123cffc7,false,none,0,true,true,false,false,false
forward_poll_2026h2,STME,2026-07,2026-07-30,2026-07-30,V3,7893ac5a892f827f,7893ac5a892f827f,false,none,0,false,false,false,false,false
forward_poll_2026h2,STMEF,2026-07,2026-07-23,2026-07-24,V3,150af407a2caaa9b,150af407a2caaa9b,false,none,0,true,true,false,false,false
forward_poll_2026h2,STMGF,2026-06,2026-06-05,2026-06-05,V5,90e8adddea13373b,90e8adddea13373b,false,none,0,,,false,,true
forward_poll_2026h2,STMH,2026-05,2026-06-05,2026-06-05,V3,59136f10531b8f34,59136f10531b8f34,false,none,0,,,false,,true
forward_poll_2026h2,STNG,2026-07,2026-07-30,2026-08-02,V5,1e8763c1b45ca343,1e8763c1b45ca343,false,none,0,false,false,false,false,false
forward_poll_2026h2,STNRF,2026-06,2026-06-05,2026-06-05,V5,7f1566b6aa6fcc84,7f1566b6aa6fcc84,false,none,0,,,false,,true
forward_poll_2026h2,STOHF,2026-07,2026-07-22,2026-07-22,V3,83ef81fabf2df0c9,83ef81fabf2df0c9,false,none,0,false,false,false,false,false
forward_poll_2026h2,STOK,2026-08,2026-08-03,2026-08-04,V5,4c107838c65d82ad,4c107838c65d82ad,false,none,0,false,false,false,false,false
forward_poll_2026h2,STRA,2026-07,2026-07-29,2026-07-31,V5,d434077a9c81d161,d434077a9c81d161,false,none,0,false,false,false,false,false
forward_poll_2026h2,STRC,2026-07,2026-07-31,2026-07-31,V3,09b524dfbd801bcf,09b524dfbd801bcf,false,none,0,false,false,false,false,false
forward_poll_2026h2,STRD,2026-07,2026-07-31,2026-08-04,V3,45417f5cdab0df91,45417f5cdab0df91,false,none,0,false,false,false,false,false
forward_poll_2026h2,STRF,2026-07,2026-07-31,2026-08-04,V3,5ce459ee2b38a244,5ce459ee2b38a244,false,none,0,false,false,false,false,false
forward_poll_2026h2,STRK,2026-07,2026-07-30,2026-08-04,V3,691c8ba22ebb6b58,691c8ba22ebb6b58,false,none,0,false,false,false,false,false
forward_poll_2026h2,STRL,2026-08,2026-08-03,2026-08-04,V5,ceccd73374c4e105,ceccd73374c4e105,false,none,0,true,true,false,false,false
forward_poll_2026h2,STRPF,2026-06,2026-07-04,2026-07-04,V5,ab43f49bd24fa91b,ab43f49bd24fa91b,false,none,0,,,false,,true
forward_poll_2026h2,STRYF,2026-07,2026-07-29,2026-07-29,V3,57f34f87263de40c,c463f736a44c523a,true,down,"(0,0.01)",true,true,false,false,false
forward_poll_2026h2,STT,2026-07,2026-07-16,2026-07-22,V5,9abe821eefb251c0,9abe821eefb251c0,false,none,0,true,false,true,false,false
forward_poll_2026h2,STT-PG,2026-07,2026-07-16,2026-07-16,V3,b256b4cf630f3d0a,b256b4cf630f3d0a,false,none,0,true,true,false,false,false
forward_poll_2026h2,STVN,2026-08,2026-08-04,2026-08-04,V5,87587f7d0024aa5e,87587f7d0024aa5e,false,none,0,true,true,false,false,false
forward_poll_2026h2,STX,2026-07,2026-07-28,2026-08-04,V5,208c10bd73d5738a,208c10bd73d5738a,false,none,0,true,true,false,false,false
forward_poll_2026h2,STZ,2026-06,2026-07-04,2026-07-07,V5,afd28abf9cee018a,afd28abf9cee018a,false,none,0,false,false,false,true,true
forward_poll_2026h2,STZ-B,2026-06,2026-07-04,2026-07-04,V5,fdcc027cdce4c2d9,fdcc027cdce4c2d9,false,none,0,false,false,false,false,true
forward_poll_2026h2,SU,2026-08,2026-08-04,2026-08-04,V5,0cc515a27740cfcc,3ecf9923089483f3,true,down,"[0.05,0.25)",false,false,false,false,false
forward_poll_2026h2,SUBCY,2026-07,2026-07-30,2026-07-30,V3,770a0127ca49603a,770a0127ca49603a,false,none,0,true,true,false,false,false
forward_poll_2026h2,SUCEF,2026-08,2026-08-04,2026-08-04,V5,f2c9629a7054af93,f2c9629a7054af93,false,none,0,,,false,,false
forward_poll_2026h2,SUEZF,2026-07,2026-07-10,2026-07-10,V3,9eb700a634057286,9eb700a634057286,false,none,0,,,false,,false
forward_poll_2026h2,SUI,2026-07,2026-07-27,2026-07-29,V3,d0ce07791abd217a,30f95b8455030b5f,true,down,>=1.00,true,false,true,true,false
forward_poll_2026h2,SUJA,2026-08,2026-08-04,2026-08-04,V3,5fdca59c7237c460,5fdca59c7237c460,false,none,0,false,false,false,false,false
forward_poll_2026h2,SULMF,2026-06,2026-06-15,2026-06-15,V5,36985743fec6735b,36985743fec6735b,false,none,0,,,false,,false
forward_poll_2026h2,SULZF,2026-07,2026-07-29,2026-07-29,V3,3418c31f4c9d6163,6ff6bbd781a16078,true,down,"[0.25,1.00)",false,false,false,true,false
forward_poll_2026h2,SUMXF,2026-07,2026-07-31,2026-07-31,V3,352840219fab2791,352840219fab2791,false,none,0,false,false,false,false,false
forward_poll_2026h2,SUN,2026-08,2026-08-04,2026-08-04,V3,3356eee16a76088a,3356eee16a76088a,false,none,0,false,false,false,false,false
forward_poll_2026h2,SUNB,2026-06,2026-06-22,2026-06-24,V5,44be3b68d1fd9d6b,3c56734eb4cf0d3c,true,up,"[0.01,0.05)",false,false,false,false,false
forward_poll_2026h2,SUNC,2026-06,2026-06-05,2026-06-05,V3,23e258158da88b73,23e258158da88b73,false,none,0,false,false,false,false,true
forward_poll_2026h2,SUNC,2026-08,2026-08-04,2026-08-04,V3,e38c8121e8b5180d,e38c8121e8b5180d,false,none,0,false,false,false,false,false
forward_poll_2026h2,SUND,2026-06,2026-07-04,2026-07-04,V5,f179d369dc6e22be,f179d369dc6e22be,false,none,0,,,false,,true
forward_poll_2026h2,SUNPF,2026-05,2026-06-05,2026-06-05,V5,f830dcc387adf313,f830dcc387adf313,false,none,0,,,false,,true
forward_poll_2026h2,SUPN,2026-08,2026-08-03,2026-08-04,V5,7d81586c1b25e92e,d039a433f75dd89a,true,down,"[0.01,0.05)",true,true,false,false,false
forward_poll_2026h2,SUVPF,2026-07,2026-07-24,2026-07-29,V3,6077876f7c1b9471,6077876f7c1b9471,false,none,0,false,false,false,false,false
forward_poll_2026h2,SVAUF,2026-07,2026-07-24,2026-07-24,V5,bf9bac01fc9f1ba5,bf9bac01fc9f1ba5,false,none,0,,,false,,true
forward_poll_2026h2,SVBL,2026-06,2026-06-12,2026-06-16,V5,2f9d76e2b83fcd75,22cc029fc69c0efc,true,down,"(0,0.01)",,,false,,false
forward_poll_2026h2,SVCBF,2026-07,2026-07-22,2026-07-22,V3,29815d1051374bab,4d5c70ae4e7812f3,true,down,"(0,0.01)",false,false,false,true,false
forward_poll_2026h2,SVIN,2026-06,2026-06-18,2026-06-18,V5,b44bc79910b540e9,b44bc79910b540e9,false,none,0,,,false,,true
forward_poll_2026h2,SVKEF,2026-07,2026-07-15,2026-07-16,V3,3c9ff6528f962673,323354873393f6c7,true,up,"[0.01,0.05)",true,true,false,false,false
forward_poll_2026h2,SVMFF,2026-05,2026-06-05,2026-06-05,V5,bbe07abd56715c79,bbe07abd56715c79,false,none,0,,,false,,true
forward_poll_2026h2,SVNDF,2026-07,2026-07-10,2026-07-10,V3,ace7729792ae0b92,ace7729792ae0b92,false,none,0,true,true,false,false,false
forward_poll_2026h2,SVNDY,2026-07,2026-07-10,2026-07-10,V3,e2a094feef261e37,e2a094feef261e37,false,none,0,true,true,false,false,false
forward_poll_2026h2,SVNLF,2026-07,2026-07-15,2026-07-15,V3,dc815bab9667effa,5420bcc7dcdb79b9,true,down,"(0,0.01)",false,false,false,false,false
forward_poll_2026h2,SVNLY,2026-07,2026-07-15,2026-07-20,V3,bc409fff96dfaae8,3e96182de2cbeb49,true,up,"(0,0.01)",false,false,false,false,false
forward_poll_2026h2,SVTNF,2026-06,2026-06-05,2026-06-05,V5,b29c29a5b02d1fe1,b29c29a5b02d1fe1,false,none,0,,,false,,false
forward_poll_2026h2,SVTNF,2026-06,2026-06-07,2026-06-07,V5,b29c29a5b02d1fe1,b29c29a5b02d1fe1,false,none,0,,,false,,false
forward_poll_2026h2,SVTNF,2026-06,2026-06-09,2026-06-09,V5,b29c29a5b02d1fe1,b29c29a5b02d1fe1,false,none,0,,,false,,false
forward_poll_2026h2,SVTNF,2026-06,2026-06-10,2026-06-10,V5,b29c29a5b02d1fe1,b29c29a5b02d1fe1,false,none,0,,,false,,false
forward_poll_2026h2,SVTNF,2026-06,2026-06-11,2026-06-11,V5,b29c29a5b02d1fe1,b29c29a5b02d1fe1,false,none,0,,,false,,false
forward_poll_2026h2,SVTNF,2026-06,2026-06-14,2026-06-14,V5,b29c29a5b02d1fe1,b29c29a5b02d1fe1,false,none,0,,,false,,false
forward_poll_2026h2,SVTNF,2026-06,2026-06-16,2026-06-16,V5,b29c29a5b02d1fe1,b29c29a5b02d1fe1,false,none,0,,,false,,false
forward_poll_2026h2,SVTNF,2026-06,2026-06-17,2026-06-17,V5,b29c29a5b02d1fe1,b29c29a5b02d1fe1,false,none,0,,,false,,false
forward_poll_2026h2,SVTNF,2026-06,2026-06-18,2026-06-18,V5,b29c29a5b02d1fe1,b29c29a5b02d1fe1,false,none,0,,,false,,false
forward_poll_2026h2,SVTNF,2026-06,2026-06-21,2026-06-21,V5,b29c29a5b02d1fe1,b29c29a5b02d1fe1,false,none,0,,,false,,false
forward_poll_2026h2,SVTNF,2026-06,2026-06-23,2026-06-23,V5,b29c29a5b02d1fe1,b29c29a5b02d1fe1,false,none,0,,,false,,false
forward_poll_2026h2,SVTNF,2026-06,2026-06-24,2026-06-24,V5,b29c29a5b02d1fe1,b29c29a5b02d1fe1,false,none,0,,,false,,false
forward_poll_2026h2,SVTNF,2026-06,2026-06-25,2026-06-25,V5,b29c29a5b02d1fe1,b29c29a5b02d1fe1,false,none,0,,,false,,false
forward_poll_2026h2,SVTNF,2026-07,2026-07-05,2026-07-05,V5,b29c29a5b02d1fe1,b29c29a5b02d1fe1,false,none,0,,,false,,false
forward_poll_2026h2,SVTNF,2026-07,2026-07-07,2026-07-07,V5,b29c29a5b02d1fe1,b29c29a5b02d1fe1,false,none,0,,,false,,false
forward_poll_2026h2,SVTNF,2026-07,2026-07-08,2026-07-08,V5,b29c29a5b02d1fe1,b29c29a5b02d1fe1,false,none,0,,,false,,false
forward_poll_2026h2,SVTNF,2026-07,2026-07-10,2026-07-10,V5,b29c29a5b02d1fe1,b29c29a5b02d1fe1,false,none,0,,,false,,false
forward_poll_2026h2,SVTNF,2026-07,2026-07-12,2026-07-12,V5,b29c29a5b02d1fe1,b29c29a5b02d1fe1,false,none,0,,,false,,false
forward_poll_2026h2,SVTNF,2026-07,2026-07-14,2026-07-14,V5,b29c29a5b02d1fe1,b29c29a5b02d1fe1,false,none,0,,,false,,false
forward_poll_2026h2,SVTNF,2026-07,2026-07-15,2026-07-15,V5,b29c29a5b02d1fe1,b29c29a5b02d1fe1,false,none,0,,,false,,false
forward_poll_2026h2,SVTNF,2026-07,2026-07-16,2026-07-16,V5,b29c29a5b02d1fe1,b29c29a5b02d1fe1,false,none,0,,,false,,false
forward_poll_2026h2,SVTNF,2026-07,2026-07-19,2026-07-19,V5,b29c29a5b02d1fe1,b29c29a5b02d1fe1,false,none,0,,,false,,false
forward_poll_2026h2,SVTNF,2026-07,2026-07-21,2026-07-21,V5,b29c29a5b02d1fe1,b29c29a5b02d1fe1,false,none,0,,,false,,false
forward_poll_2026h2,SVTNF,2026-07,2026-07-22,2026-07-22,V5,b29c29a5b02d1fe1,b29c29a5b02d1fe1,false,none,0,,,false,,false
forward_poll_2026h2,SVTNF,2026-07,2026-07-23,2026-07-23,V5,b29c29a5b02d1fe1,b29c29a5b02d1fe1,false,none,0,,,false,,false
forward_poll_2026h2,SVTNF,2026-07,2026-07-26,2026-07-26,V5,b29c29a5b02d1fe1,b29c29a5b02d1fe1,false,none,0,,,false,,false
forward_poll_2026h2,SVTNF,2026-07,2026-07-28,2026-07-28,V5,b29c29a5b02d1fe1,b29c29a5b02d1fe1,false,none,0,,,false,,false
forward_poll_2026h2,SVTNF,2026-07,2026-07-29,2026-07-29,V5,b29c29a5b02d1fe1,b29c29a5b02d1fe1,false,none,0,,,false,,false
forward_poll_2026h2,SVTNF,2026-07,2026-07-30,2026-07-30,V5,b29c29a5b02d1fe1,b29c29a5b02d1fe1,false,none,0,,,false,,false
forward_poll_2026h2,SVTNF,2026-08,2026-08-03,2026-08-03,V5,b29c29a5b02d1fe1,b29c29a5b02d1fe1,false,none,0,,,false,,false
forward_poll_2026h2,SVYSF,2026-07,2026-07-30,2026-08-03,V3,5d5748f5576d22af,46708ad20da35b78,true,up,"[0.25,1.00)",false,true,true,true,false
forward_poll_2026h2,SW,2026-07,2026-07-29,2026-07-31,V5,3315ab1b6c54dd7d,3315ab1b6c54dd7d,false,none,0,false,false,false,false,false
forward_poll_2026h2,SWBI,2026-06,2026-06-18,2026-06-18,V5,d5467262b942e641,d5467262b942e641,false,none,0,true,true,false,false,false
forward_poll_2026h2,SWDBF,2026-07,2026-07-17,2026-07-17,V3,995ee2cdf6e74633,3de59041f9a211d4,true,down,"(0,0.01)",false,false,false,false,false
forward_poll_2026h2,SWDBY,2026-07,2026-07-23,2026-07-23,V3,020bb0bffa68eda5,020bb0bffa68eda5,false,none,0,false,false,false,false,true
forward_poll_2026h2,SWDBY,2026-07,2026-07-17,2026-07-18,V3,a38b7968bd5f3a8e,3daac762b8193f7b,true,up,"[0.01,0.05)",false,false,false,true,false
forward_poll_2026h2,SWDCF,2026-07,2026-07-23,2026-07-23,V3,a0484a3fefd7248a,a0484a3fefd7248a,false,none,0,false,false,false,false,false
forward_poll_2026h2,SWDCF,2026-07,2026-07-23,2026-07-23,V3,4e6d671cf4aefc51,4e6d671cf4aefc51,false,none,0,false,false,false,false,false
forward_poll_2026h2,SWGAF,2026-07,2026-07-23,2026-07-23,V3,d41b324d5f513479,d41b324d5f513479,false,none,0,false,false,false,false,false
forward_poll_2026h2,SWGAY,2026-07,2026-07-23,2026-07-23,V3,34d32107b627eec0,34d32107b627eec0,false,none,0,false,false,false,false,false
forward_poll_2026h2,SWGNF,2026-07,2026-07-23,2026-07-23,V5,2f384c4983c4d920,2f384c4983c4d920,false,none,0,false,false,false,false,false
forward_poll_2026h2,SWIM,2026-08,2026-08-04,2026-08-04,V3,eb2a4145ee59b87a,eb2a4145ee59b87a,false,none,0,false,false,false,false,false
forward_poll_2026h2,SWISF,2026-05,2026-06-05,2026-06-05,V3,cc52feffa8bfe65e,cc52feffa8bfe65e,false,none,0,,,false,,true
forward_poll_2026h2,SWK,2026-07,2026-07-29,2026-08-01,V5,7de2ddfbb999afd0,7de2ddfbb999afd0,false,none,0,true,true,false,false,false
forward_poll_2026h2,SWKS,2026-07,2026-07-28,2026-08-04,V5,4babd110eb4f271e,4babd110eb4f271e,false,none,0,false,false,false,false,false
forward_poll_2026h2,SWNLF,2026-06,2026-06-05,2026-06-05,V5,0071fc6231d0124c,0071fc6231d0124c,false,none,0,,,false,,true
forward_poll_2026h2,SXC,2026-07,2026-07-30,2026-07-31,V3,a4b63412cc737edd,a4b63412cc737edd,false,none,0,true,true,false,false,false
forward_poll_2026h2,SXI,2026-07,2026-07-30,2026-07-31,V5,9a308e03b715313d,9a308e03b715313d,false,none,0,false,false,false,false,false
forward_poll_2026h2,SXLXF,2026-06,2026-07-04,2026-07-04,V5,c7b5c834a9c193ec,c7b5c834a9c193ec,false,none,0,,,false,,true
forward_poll_2026h2,SXT,2026-07,2026-07-24,2026-07-26,V3,5cd9dc94ae1cee12,5cd9dc94ae1cee12,false,none,0,true,true,false,false,false
forward_poll_2026h2,SXTC,2026-07,2026-07-06,2026-07-06,V5,4086310922eef0fc,4086310922eef0fc,false,none,0,,,false,,true
forward_poll_2026h2,SXYAY,2026-07,2026-07-30,2026-07-30,V3,7a21b9d1b995a8b2,7a21b9d1b995a8b2,false,none,0,true,true,false,false,false
forward_poll_2026h2,SYBT,2026-07,2026-07-29,2026-07-31,V5,1a7b70c1413d3185,1a7b70c1413d3185,false,none,0,true,true,false,false,false
forward_poll_2026h2,SYF,2026-07,2026-07-21,2026-07-28,V5,24162942b6bc5f74,24162942b6bc5f74,false,none,0,true,true,false,false,false
forward_poll_2026h2,SYF-PA,2026-07,2026-07-21,2026-07-22,V3,3821d07cb4da96ac,3821d07cb4da96ac,false,none,0,true,true,false,false,false
forward_poll_2026h2,SYF-PB,2026-07,2026-07-21,2026-07-28,V3,8750baf963b4b89a,8750baf963b4b89a,false,none,0,true,true,false,false,false
forward_poll_2026h2,SYHBF,2026-07,2026-08-05,2026-08-05,V5,8f2f713ba98cc1d1,8f2f713ba98cc1d1,false,none,0,,,false,,true
forward_poll_2026h2,SYIEF,2026-07,2026-08-01,2026-08-01,V3,98d6b3391ee9107f,98d6b3391ee9107f,false,none,0,true,true,false,false,true
forward_poll_2026h2,SYK,2026-07,2026-07-30,2026-08-02,V5,f1fd18df89b9219d,f1fd18df89b9219d,false,none,0,false,false,false,false,false
forward_poll_2026h2,SYRE,2026-08,2026-08-04,2026-08-04,V5,acc87a975d990453,acc87a975d990453,false,none,0,true,true,false,false,false
forward_poll_2026h2,SYRVF,2026-07,2026-07-31,2026-07-31,V5,edbfbc8399107f5c,edbfbc8399107f5c,false,none,0,,,false,,false
forward_poll_2026h2,SYY,2026-08,2026-08-04,2026-08-04,V5,83f66ca565b6aeaa,83f66ca565b6aeaa,false,none,0,false,false,false,false,false
forward_poll_2026h2,SZCRF,2026-07,2026-07-30,2026-07-30,V3,cd32e92094ee9e84,55369afe04e44c7d,true,up,"[0.01,0.05)",true,true,false,false,false
forward_poll_2026h2,SZHFF,2026-07,2026-07-31,2026-07-31,V3,f39a7231720e5088,41bdd4cf3b705bca,true,down,"(0,0.01)",,,false,,false
forward_poll_2026h2,SZKMF,2026-08,2026-08-05,2026-08-05,V3,1da7d6db42c7dfc9,1da7d6db42c7dfc9,false,none,0,true,true,false,false,false
forward_poll_2026h2,SZKMY,2026-08,2026-08-05,2026-08-05,V3,9c5fff3b92b4b444,c3ac51ec1fd64961,true,down,"[0.01,0.05)",true,true,false,false,false
forward_poll_2026h2,T,2026-07,2026-07-22,2026-07-28,V5,f785b1b0de1709a9,f785b1b0de1709a9,false,none,0,true,true,false,false,false
forward_poll_2026h2,T-PA,2026-07,2026-07-22,2026-07-22,V3,c7142153fb549179,c7142153fb549179,false,none,0,true,true,false,false,false
forward_poll_2026h2,T-PC,2026-07,2026-07-22,2026-07-22,V3,254b64ed2bee218e,254b64ed2bee218e,false,none,0,true,true,false,false,false
forward_poll_2026h2,TAC,2026-07,2026-07-31,2026-07-31,V3,ccdd76d007830b19,ccdd76d007830b19,false,none,0,true,true,false,false,false
forward_poll_2026h2,TAK,2026-07,2026-07-30,2026-08-02,V3,4bc79b40af20bc7a,a12fa2f7c9af5a1b,true,down,"[0.25,1.00)",true,true,false,false,false
forward_poll_2026h2,TAL,2026-07,2026-07-30,2026-08-02,V3,142311c6d0a944aa,142311c6d0a944aa,false,none,0,true,true,false,false,false
forward_poll_2026h2,TALO,2026-08,2026-08-04,2026-08-04,V3,0205dda4c387de81,0205dda4c387de81,false,none,0,true,true,false,false,false
forward_poll_2026h2,TAOIF,2026-06,2026-06-05,2026-06-05,V3,a5c17d8c73f692cf,a5c17d8c73f692cf,false,none,0,false,false,false,false,true
forward_poll_2026h2,TBABF,2026-07,2026-07-16,2026-07-16,V3,07b86ed7ac346236,07b86ed7ac346236,false,none,0,true,true,false,false,false
forward_poll_2026h2,TBB,2026-07,2026-07-22,2026-07-22,V3,dc579d37da267f12,dc579d37da267f12,false,none,0,true,true,false,false,false
forward_poll_2026h2,TBBK,2026-07,2026-07-30,2026-08-01,V5,d1dcaac318c79be4,d1dcaac318c79be4,false,none,0,false,false,false,false,false
forward_poll_2026h2,TBCRF,2026-07,2026-07-30,2026-07-30,V3,4beac7d2efa83957,3756f528c718156d,true,down,"(0,0.01)",false,false,false,false,false
forward_poll_2026h2,TBI,2026-08,2026-08-04,2026-08-04,V5,69356f7c018aba82,69356f7c018aba82,false,none,0,true,true,false,false,false
forward_poll_2026h2,TBLMF,2026-06,2026-06-05,2026-06-05,V5,81015470d882dfc7,81015470d882dfc7,false,none,0,false,false,false,false,true
forward_poll_2026h2,TBMIF,2026-06,2026-06-05,2026-06-05,V5,e1ecfdef171a62a6,e1ecfdef171a62a6,false,none,0,,,false,,true
forward_poll_2026h2,TBURF,2026-08,2026-08-04,2026-08-04,V5,1d3f1ca8b3163e30,6993b2744a715543,true,down,"(0,0.01)",,,false,,false
forward_poll_2026h2,TBXXF,2026-05,2026-06-05,2026-06-05,V3,d7706bc2dfaed466,d7706bc2dfaed466,false,none,0,false,false,false,false,true
forward_poll_2026h2,TCANF,2026-07,2026-07-30,2026-07-30,V3,910d51803c18e358,a881e6111fdc74f5,true,up,"(0,0.01)",true,true,false,false,false
forward_poll_2026h2,TCBI,2026-07,2026-07-22,2026-07-24,V5,9e2cc5d9b35919b9,acbc6c32b4761da3,true,down,"[0.05,0.25)",false,false,false,true,false
forward_poll_2026h2,TCBIO,2026-07,2026-07-23,2026-07-23,V3,9dcf1e8bba1fcc20,9dcf1e8bba1fcc20,false,none,0,false,false,false,false,false
forward_poll_2026h2,TCBK,2026-07,2026-07-23,2026-07-23,V5,73b90a51d95978db,73b90a51d95978db,false,none,0,false,false,false,false,false
forward_poll_2026h2,TCBK,2026-07,2026-07-23,2026-07-23,V5,73b90a51d95978db,73b90a51d95978db,false,none,0,false,false,false,false,false
forward_poll_2026h2,TCBX,2026-07,2026-07-22,2026-07-22,V5,73d1a05ba419302e,73d1a05ba419302e,false,none,0,true,true,false,false,false
forward_poll_2026h2,TCCHF,2026-07,2026-08-01,2026-08-01,V5,80bf2912ba94c279,80bf2912ba94c279,false,none,0,,,false,,true
forward_poll_2026h2,TCKRF,2026-07,2026-07-23,2026-07-23,V3,5ad030fa4317a0dd,5ad030fa4317a0dd,false,none,0,true,true,false,false,false
forward_poll_2026h2,TCLAF,2026-06,2026-06-05,2026-06-05,V3,c14c642d91e9a197,c14c642d91e9a197,false,none,0,false,false,false,false,true
forward_poll_2026h2,TCLCF,2026-06,2026-06-05,2026-06-05,V3,f51af33d7d8045a6,f51af33d7d8045a6,false,none,0,false,false,false,false,true
forward_poll_2026h2,TCNRF,2026-08,2026-08-03,2026-08-03,V3,26089f48973725bd,26089f48973725bd,false,none,0,true,true,false,false,false
forward_poll_2026h2,TCOM,2026-06,2026-06-07,2026-06-07,V5,45459ca42abf0f16,8cc6448eca3bebe9,true,down,"(0,0.01)",false,false,false,false,false
forward_poll_2026h2,TCOM,2026-06,2026-06-23,2026-06-25,V5,8cc6448eca3bebe9,38ee928653ef77fb,true,down,"[0.01,0.05)",false,false,false,true,false
forward_poll_2026h2,TCRRF,2026-06,2026-07-04,2026-07-04,V5,230598c665380f64,230598c665380f64,false,none,0,,,false,,true
forward_poll_2026h2,TCVNF,2026-07,2026-08-01,2026-08-03,V5,a9c8ca3d3fe8e048,6c68e4648d5439b2,true,up,"(0,0.01)",,,false,,true
forward_poll_2026h2,TCYSF,2026-06,2026-07-04,2026-07-04,V3,f61e2eac2b29827d,f61e2eac2b29827d,false,none,0,false,false,false,false,true
forward_poll_2026h2,TDBOF,2026-07,2026-07-31,2026-07-31,V3,65c42afcd995ed07,65c42afcd995ed07,false,none,0,false,false,false,false,false
forward_poll_2026h2,TDC,2026-08,2026-08-04,2026-08-04,V5,3726ed36d54b77b1,3726ed36d54b77b1,false,none,0,true,true,false,false,false
forward_poll_2026h2,TDCB,2026-07,2026-07-18,2026-07-18,V5,b76616c5068a1c0e,b76616c5068a1c0e,false,none,0,,,false,,false
forward_poll_2026h2,TDCSF,2026-08,2026-08-05,2026-08-05,V5,e02e6641d3c5fd6d,e02e6641d3c5fd6d,false,none,0,,,false,,false
forward_poll_2026h2,TDG,2026-08,2026-08-04,2026-08-05,V5,96e1042c025b997e,96e1042c025b997e,false,none,0,false,false,false,false,false
forward_poll_2026h2,TDGMW,2026-08,2026-08-03,2026-08-03,V3,d2889ef934382013,d2889ef934382013,false,none,0,false,false,false,false,false
forward_poll_2026h2,TDOC,2026-07,2026-07-29,2026-08-01,V5,5c534570d19dcbee,5c534570d19dcbee,false,none,0,true,true,false,false,false
forward_poll_2026h2,TDSGF,2026-06,2026-06-05,2026-06-05,V5,81061db61fcacb9b,81061db61fcacb9b,false,none,0,,,false,,true
forward_poll_2026h2,TDVXF,2026-07,2026-07-23,2026-07-23,V3,227a0a971f16ec7f,5400807d9adba4e5,true,down,"(0,0.01)",false,true,true,true,false
forward_poll_2026h2,TDW,2026-08,2026-08-03,2026-08-03,V3,6eac368b6cc350ac,6eac368b6cc350ac,false,none,0,false,false,false,false,false
forward_poll_2026h2,TDY,2026-07,2026-07-22,2026-07-26,V5,2df0e30fb7fa298d,2df0e30fb7fa298d,false,none,0,false,false,false,false,false
forward_poll_2026h2,TECK,2026-07,2026-07-23,2026-07-29,V5,9f3e731f63436d08,e5b3279df36486dc,true,up,"[0.01,0.05)",true,true,false,false,false
forward_poll_2026h2,TEFOF,2026-07,2026-07-29,2026-07-29,V3,83d24b593a12ca81,83d24b593a12ca81,false,none,0,false,false,false,false,false
forward_poll_2026h2,TEL,2026-07,2026-07-22,2026-07-24,V5,e8a23735df207764,e8a23735df207764,false,none,0,false,false,false,false,false
forward_poll_2026h2,TELFY,2026-07,2026-07-29,2026-07-29,V3,2f83c13d5aa78077,2f83c13d5aa78077,false,none,0,false,false,false,false,false
forward_poll_2026h2,TELNF,2026-07,2026-07-17,2026-07-17,V3,51b9ca1b4652e83d,76ad60564ce37030,true,up,"(0,0.01)",false,false,false,false,false
forward_poll_2026h2,TELNY,2026-07,2026-07-17,2026-07-17,V3,485eb156cf3dbf04,0c400e0154833f25,true,up,"(0,0.01)",false,false,false,false,false
forward_poll_2026h2,TEM,2026-07,2026-07-30,2026-08-01,V5,93d52754a53636bd,93d52754a53636bd,false,none,0,true,true,false,false,false
forward_poll_2026h2,TENB,2026-07,2026-07-29,2026-08-01,V5,0beb5f09ac52ffbe,0beb5f09ac52ffbe,false,none,0,false,false,false,false,false
forward_poll_2026h2,TENX,2026-07,2026-07-31,2026-07-31,V5,945de141251f4907,945de141251f4907,false,none,0,false,false,false,false,false
forward_poll_2026h2,TEPCF,2026-07,2026-07-29,2026-07-29,V3,bccb2e71f8771c5c,bccb2e71f8771c5c,false,none,0,true,true,false,false,false
forward_poll_2026h2,TER,2026-07,2026-07-28,2026-08-04,V5,3cdcedc230d7c52b,3cdcedc230d7c52b,false,none,0,true,true,false,false,false
forward_poll_2026h2,TERRF,2026-07,2026-07-31,2026-07-31,V5,315095ef5e3e31b3,315095ef5e3e31b3,false,none,0,,,false,,true
forward_poll_2026h2,TETEF,2026-07,2026-07-19,2026-07-19,V5,93ac8d2190100d06,93ac8d2190100d06,false,none,0,,,false,,true
forward_poll_2026h2,TEVA,2026-07,2026-07-29,2026-07-30,V5,378da3875df259d3,378da3875df259d3,false,none,0,false,false,false,false,false
forward_poll_2026h2,TEVJF,2026-07,2026-07-29,2026-07-29,V3,e4bfe2988f128ac6,2b3360635638bdc3,true,up,"(0,0.01)",false,false,false,false,false
forward_poll_2026h2,TEX,2026-07,2026-07-30,2026-08-02,V5,1af4542e0a8df040,1af4542e0a8df040,false,none,0,true,true,false,false,false
forward_poll_2026h2,TFC,2026-07,2026-07-17,2026-07-23,V5,b88a71d251422a3e,4b625738cf428ac4,true,up,"[0.05,0.25)",false,true,true,true,false
forward_poll_2026h2,TFC-PI,2026-07,2026-07-17,2026-07-17,V3,99ebea1a420bb43f,99ebea1a420bb43f,false,none,0,false,false,false,false,false
forward_poll_2026h2,TFC-PI,2026-07,2026-07-17,2026-07-17,V3,09fc1190dd37582b,09fc1190dd37582b,false,none,0,true,true,false,false,false
forward_poll_2026h2,TFC-PO,2026-07,2026-07-17,2026-07-17,V3,a46db993212759ae,a46db993212759ae,false,none,0,false,false,false,false,false
forward_poll_2026h2,TFC-PO,2026-07,2026-07-17,2026-07-17,V3,a46db993212759ae,a38b823aea5cdf9c,true,up,"[0.05,0.25)",false,true,true,true,false
forward_poll_2026h2,TFC-PR,2026-07,2026-07-17,2026-07-17,V3,3f0f001e14079152,3f0f001e14079152,false,none,0,false,false,false,false,false
forward_poll_2026h2,TFC-PR,2026-07,2026-07-17,2026-07-17,V3,3f0f001e14079152,d8ff0a62ed0ca5e2,true,up,"[0.05,0.25)",false,true,true,true,false
forward_poll_2026h2,TFII,2026-07,2026-07-27,2026-08-03,V5,dac9c2a441aad66f,dac9c2a441aad66f,false,none,0,true,true,false,false,false
forward_poll_2026h2,TFIN,2026-07,2026-07-22,2026-07-23,V5,ebf984eacb94265f,ebf984eacb94265f,false,none,0,false,false,false,false,false
forward_poll_2026h2,TFSL,2026-07,2026-07-30,2026-07-31,V3,f00cf9913e61a205,f00cf9913e61a205,false,none,0,true,true,false,false,false
forward_poll_2026h2,TGIFF,2026-06,2026-07-04,2026-07-04,V3,d7b6ed96047e2bfe,d7b6ed96047e2bfe,false,none,0,true,true,false,false,true
forward_poll_2026h2,TGIFF,2026-07,2026-07-04,2026-07-04,V3,92ff4b32840d0de6,92ff4b32840d0de6,false,none,0,true,true,false,false,true
forward_poll_2026h2,TGSNF,2026-07,2026-07-23,2026-07-30,V5,aa0684df455036ae,aa0684df455036ae,false,none,0,false,false,false,false,false
forward_poll_2026h2,TGTX,2026-08,2026-08-03,2026-08-03,V5,800b38d586b0c9aa,800b38d586b0c9aa,false,none,0,false,false,false,false,false
forward_poll_2026h2,TGVSF,2026-07,2026-07-10,2026-07-13,V3,764e599a7ba4d19d,afee1eadbb2215ae,true,down,"(0,0.01)",true,true,false,false,false
forward_poll_2026h2,THC,2026-07,2026-07-24,2026-07-26,V5,00d9769f651a76bf,00d9769f651a76bf,false,none,0,true,true,false,false,false
forward_poll_2026h2,THC,2026-07,2026-07-24,2026-07-26,V5,00d9769f651a76bf,00d9769f651a76bf,false,none,0,true,true,false,false,false
forward_poll_2026h2,THCH,2026-06,2026-06-09,2026-06-16,V3,debbb61ea258e878,25b340b7c66c40b1,true,up,"[0.05,0.25)",false,false,false,false,false
forward_poll_2026h2,THFF,2026-07,2026-07-28,2026-07-29,V5,254282163b6aabbc,254282163b6aabbc,false,none,0,false,false,false,false,false
forward_poll_2026h2,THG,2026-07,2026-07-28,2026-08-04,V5,1c515a1d86d1f4bc,1c515a1d86d1f4bc,false,none,0,true,true,false,false,false
forward_poll_2026h2,THLEF,2026-07,2026-07-24,2026-07-24,V5,89043e77fff0bc96,89043e77fff0bc96,false,none,0,false,false,false,false,false
forward_poll_2026h2,THLPF,2026-07,2026-07-21,2026-07-23,V3,c13eadecc7ecbd40,c2d4333b420fc946,true,up,"[0.01,0.05)",false,false,false,false,false
forward_poll_2026h2,THNPF,2026-07,2026-07-30,2026-07-30,V5,c8a1c75a0ad2e0c6,c8a1c75a0ad2e0c6,false,none,0,,,false,,false
forward_poll_2026h2,THNPY,2026-07,2026-07-29,2026-07-30,V3,5749fd8cf3187587,c543a3e4f76bd055,true,down,"[0.25,1.00)",,true,false,,false
forward_poll_2026h2,THO,2026-06,2026-06-05,2026-06-06,V5,9c3537910193f34b,9c3537910193f34b,false,none,0,false,false,false,false,true
forward_poll_2026h2,THOGF,2026-07,2026-07-27,2026-07-27,V5,f7ff64f59385ace7,08c150e12c9e5791,true,down,"(0,0.01)",,,false,,false
forward_poll_2026h2,THRM,2026-07,2026-07-23,2026-07-29,V5,0f72a6264b6e5326,0f72a6264b6e5326,false,none,0,true,true,false,false,false
forward_poll_2026h2,THRY,2026-08,2026-08-04,2026-08-04,V3,501b58eb458dc3ad,501b58eb458dc3ad,false,none,0,false,false,false,false,false
forward_poll_2026h2,THSGF,2026-06,2026-06-05,2026-06-05,V3,64c0fbf77097982c,64c0fbf77097982c,false,none,0,false,false,false,false,true
forward_poll_2026h2,THSGF,2026-07,2026-07-30,2026-07-30,V3,9e6cd3064421ae7d,9e6cd3064421ae7d,false,none,0,true,true,false,false,false
forward_poll_2026h2,THVB,2026-07,2026-07-21,2026-07-21,V3,98b68cab1f39867a,98b68cab1f39867a,false,none,0,,,false,,false
forward_poll_2026h2,THXPF,2026-06,2026-06-05,2026-06-05,V3,2e590112e8744a44,2e590112e8744a44,false,none,0,,,false,,false
forward_poll_2026h2,TIAJF,2026-08,2026-08-04,2026-08-04,V3,9f73ae8c0d0daf21,9f73ae8c0d0daf21,false,none,0,false,false,false,false,false
forward_poll_2026h2,TIAOF,2026-07,2026-07-30,2026-07-30,V3,bbc7c32a7a99e345,64d5cc805be0322c,true,up,"(0,0.01)",false,false,false,false,false
forward_poll_2026h2,TIEMF,2026-07,2026-07-11,2026-07-14,V5,10ba95f6283024c9,ce080c575d5032c7,true,down,"(0,0.01)",,,false,,false
forward_poll_2026h2,TIGR,2026-06,2026-06-05,2026-06-07,V3,46465f979c041c34,46465f979c041c34,false,none,0,false,false,false,false,true
forward_poll_2026h2,TIIAY,2026-07,2026-07-30,2026-07-30,V3,467334e608214d31,467334e608214d31,false,none,0,false,false,false,false,false
forward_poll_2026h2,TIKK,2026-06,2026-07-04,2026-07-05,V5,6e6025f7878b6097,6e6025f7878b6097,false,none,0,,,false,,true
forward_poll_2026h2,TIMB,2026-07,2026-07-27,2026-08-03,V3,b8d43674e4b98eec,b8d43674e4b98eec,false,none,0,false,true,true,true,false
forward_poll_2026h2,TINLF,2026-08,2026-08-04,2026-08-04,V5,4ae5e832c0ec5470,9edce00e244797a9,true,down,"[0.05,0.25)",,,false,,false
forward_poll_2026h2,TINLY,2026-08,2026-08-04,2026-08-04,V5,e67b1912db2eb05e,666346409722d9e5,true,down,"[0.01,0.05)",,,false,,false
forward_poll_2026h2,TIPT,2026-07,2026-07-29,2026-07-29,V5,0ea6a0eedf1ed2bc,0ea6a0eedf1ed2bc,false,none,0,,,false,,false
forward_poll_2026h2,TISNF,2026-07,2026-07-30,2026-07-30,V3,e454b4017c4d932e,e454b4017c4d932e,false,none,0,true,true,false,false,false
forward_poll_2026h2,TITN,2026-06,2026-06-09,2026-06-10,V5,e97c2cc0cb98096a,9b1b26e35f571a23,true,up,"[0.05,0.25)",false,false,false,true,false
forward_poll_2026h2,TK,2026-07,2026-07-29,2026-07-30,V3,6e8fcaa7f9042166,6e8fcaa7f9042166,false,none,0,true,,false,,false
forward_poll_2026h2,TKCOF,2026-07,2026-07-15,2026-07-15,V3,430f5f2f5a661778,0d9fb4bb60d30952,true,down,"(0,0.01)",false,false,false,false,false
forward_poll_2026h2,TKECF,2026-07,2026-07-29,2026-07-29,V3,6ac758e40d4879fd,6ac758e40d4879fd,false,none,0,false,false,false,false,false
forward_poll_2026h2,TKGBF,2026-07,2026-07-30,2026-08-04,V3,6555aece2db93989,6555aece2db93989,false,none,0,true,true,false,false,false
forward_poll_2026h2,TKGBY,2026-07,2026-07-30,2026-07-30,V3,9605b7d871d6cf3c,9605b7d871d6cf3c,false,none,0,true,true,false,false,false
forward_poll_2026h2,TKGSF,2026-07,2026-07-30,2026-07-30,V3,b2697f9241805761,64fe115a95a6c589,true,up,"(0,0.01)",true,true,false,false,false
forward_poll_2026h2,TKKHF,2026-07,2026-07-30,2026-07-30,V5,eb699c6aae9adbdf,ba249c18f83e7739,true,up,"[0.01,0.05)",false,false,false,false,false
forward_poll_2026h2,TKO,2026-08,2026-08-03,2026-08-05,V5,91863f3d3289a4e7,91863f3d3289a4e7,false,none,0,false,false,false,false,false
forward_poll_2026h2,TKPHF,2026-07,2026-07-30,2026-08-05,V3,a603a1a932fcccef,a603a1a932fcccef,false,none,0,true,true,false,false,false
forward_poll_2026h2,TKR,2026-08,2026-08-04,2026-08-04,V5,ca8e60cc9372a21a,ca8e60cc9372a21a,false,none,0,true,true,false,false,false
forward_poll_2026h2,TKSHF,2026-06,2026-07-04,2026-07-04,V5,0d7f992dff82459c,0d7f992dff82459c,false,none,0,,,false,,true
forward_poll_2026h2,TKYMF,2026-07,2026-07-29,2026-07-29,V5,24abfd70d74e7441,24abfd70d74e7441,false,none,0,,,false,,false
forward_poll_2026h2,TKYMY,2026-07,2026-07-29,2026-07-29,V5,e3b16086ba4a76d9,e3b16086ba4a76d9,false,none,0,,,false,,false
forward_poll_2026h2,TLK,2026-05,2026-06-05,2026-06-05,V3,4bf554a44bfa98b3,4bf554a44bfa98b3,false,none,0,false,false,false,false,true
forward_poll_2026h2,TLK,2026-07,2026-08-03,2026-08-05,V3,7a1dd79a41e08ccd,dfb521f400be1df8,true,up,"(0,0.01)",true,true,false,false,true
forward_poll_2026h2,TLKMF,2026-05,2026-06-05,2026-06-05,V3,72263749b15da25d,72263749b15da25d,false,none,0,false,false,false,false,true
forward_poll_2026h2,TLKMF,2026-07,2026-08-02,2026-08-04,V3,5fc96745dae4a19f,5fc96745dae4a19f,false,none,0,true,true,false,false,true
forward_poll_2026h2,TLNE,2026-08,2026-08-04,2026-08-04,V5,6861c0b524c8e41a,6861c0b524c8e41a,false,none,0,false,false,false,false,false
forward_poll_2026h2,TLPFF,2026-07,2026-07-31,2026-07-31,V5,d829df79f8d94dfc,d829df79f8d94dfc,false,none,0,false,false,false,false,false
forward_poll_2026h2,TLPFY,2026-07,2026-07-30,2026-08-01,V3,f0eb8581aff33aef,f0eb8581aff33aef,false,none,0,false,false,false,false,false
forward_poll_2026h2,TLRY,2026-07,2026-07-28,2026-08-04,V3,4c17d7190bac72b8,4c17d7190bac72b8,false,none,0,false,false,false,false,false
forward_poll_2026h2,TLSNF,2026-07,2026-07-17,2026-07-17,V3,805ade6cd8ac3434,f2f39b56a036beee,true,down,"(0,0.01)",false,false,false,false,false
forward_poll_2026h2,TLSNY,2026-07,2026-07-17,2026-07-18,V3,c7f723bac63f3434,ee02916f3391c459,true,up,"(0,0.01)",true,true,false,false,false
forward_poll_2026h2,TLTFF,2026-05,2026-06-05,2026-06-05,V3,cee669cd4f567af8,cee669cd4f567af8,false,none,0,false,false,false,false,true
forward_poll_2026h2,TLTZF,2026-07,2026-07-16,2026-07-16,V3,8c6c8d92fe316538,8c6c8d92fe316538,false,none,0,false,false,false,false,false
forward_poll_2026h2,TLTZY,2026-07,2026-07-17,2026-07-17,V3,f56cb8cb9fde2711,f56cb8cb9fde2711,false,none,0,false,false,false,false,false
forward_poll_2026h2,TLYS,2026-06,2026-06-05,2026-06-05,V3,abb249c589c541d6,abb249c589c541d6,false,none,0,true,true,false,false,true
forward_poll_2026h2,TM,2026-08,2026-08-04,2026-08-04,V3,476ecdeef9f3bf7c,b048d2ecedc32909,true,down,"[0.05,0.25)",true,true,false,false,false
forward_poll_2026h2,TMDX,2026-08,2026-08-04,2026-08-04,V5,985cc24162cc9ac8,985cc24162cc9ac8,false,none,0,false,false,false,false,false
forward_poll_2026h2,TMNSF,2026-07,2026-07-23,2026-07-23,V3,445e3887bd499318,445e3887bd499318,false,none,0,true,true,false,false,false
forward_poll_2026h2,TMNSF,2026-07,2026-07-23,2026-07-23,V3,445e3887bd499318,445e3887bd499318,false,none,0,true,true,false,false,false
forward_poll_2026h2,TMO,2026-07,2026-07-23,2026-07-29,V5,f38550ecdb96e3c7,f38550ecdb96e3c7,false,none,0,false,false,false,false,false
forward_poll_2026h2,TMOAF,2026-07,2026-07-17,2026-07-17,V3,f83295659e0e0224,f83295659e0e0224,false,none,0,,,false,,true
forward_poll_2026h2,TMOAY,2026-07,2026-07-18,2026-07-18,V3,b9c9a0ca0bad0cbe,b9c9a0ca0bad0cbe,false,none,0,,,false,,true
forward_poll_2026h2,TMP,2026-07,2026-07-24,2026-07-24,V3,281646eb3a0060ae,281646eb3a0060ae,false,none,0,true,true,false,false,false
forward_poll_2026h2,TMQ,2026-07,2026-07-08,2026-07-10,V3,dfff5aa30d9ad3ea,264c72ce593b0e4e,true,up,"[0.01,0.05)",false,false,false,false,false
forward_poll_2026h2,TMRAF,2026-07,2026-07-18,2026-07-22,V3,e1830f638c4d9b35,94a827a0471a708e,true,up,"[0.05,0.25)",false,true,true,true,false
forward_poll_2026h2,TMRAY,2026-07,2026-07-19,2026-07-22,V3,b7beb9e68d7afb96,b7beb9e68d7afb96,false,none,0,true,true,false,false,true
forward_poll_2026h2,TMRAY,2026-07,2026-07-20,2026-07-20,V3,b7beb9e68d7afb96,b7beb9e68d7afb96,false,none,0,true,true,false,false,false
forward_poll_2026h2,TMRC,2026-06,2026-07-04,2026-07-04,V3,f6f2fccd6f25ea82,f6f2fccd6f25ea82,false,none,0,false,false,false,false,true
forward_poll_2026h2,TMRC,2026-07,2026-07-28,2026-07-28,V3,bf2a942bb1188ec6,bf2a942bb1188ec6,false,none,0,,,false,,false
forward_poll_2026h2,TMSNY,2026-07,2026-07-23,2026-07-23,V3,2cbbd2b1abaf136a,2cbbd2b1abaf136a,false,none,0,false,false,false,false,false
forward_poll_2026h2,TMTNF,2026-07,2026-07-28,2026-07-31,V5,7c28d504b8bce10e,7c28d504b8bce10e,false,none,0,true,true,false,false,false
forward_poll_2026h2,TMUS,2026-07,2026-07-23,2026-07-26,V5,6af3f275bdea028d,f82b2f45ddfa71f1,true,down,"[0.05,0.25)",true,true,false,false,false
forward_poll_2026h2,TMVWF,2026-07,2026-07-29,2026-07-29,V3,20712f2868ff3205,cfb3b7d93e0cae87,true,up,"(0,0.01)",false,false,false,false,false
forward_poll_2026h2,TMXXF,2026-07,2026-08-01,2026-08-01,V3,7badf6a203421fa5,ceb4eda1eb165300,true,down,"(0,0.01)",true,true,false,false,true
forward_poll_2026h2,TNCAF,2026-07,2026-07-30,2026-07-30,V3,b543904cdd3e6885,bdfe53752febb39b,true,up,"(0,0.01)",true,true,false,false,false
forward_poll_2026h2,TNET,2026-07,2026-07-30,2026-07-31,V5,d69987433860ecae,d69987433860ecae,false,none,0,true,true,false,false,false
forward_poll_2026h2,TNGMF,2026-06,2026-06-05,2026-06-05,V5,fb99d32de3a6c081,fb99d32de3a6c081,false,none,0,,,false,,true
forward_poll_2026h2,TNISF,2026-07,2026-08-01,2026-08-01,V3,93fb20ac3fb23f65,93fb20ac3fb23f65,false,none,0,true,true,false,false,true
forward_poll_2026h2,TNK,2026-07,2026-07-29,2026-07-29,V3,f87aa7b53ede4f13,f87aa7b53ede4f13,false,none,0,false,false,false,false,false
forward_poll_2026h2,TNL,2026-07,2026-07-22,2026-07-26,V5,dd765216b1b80b1b,dd765216b1b80b1b,false,none,0,false,false,false,false,false
forward_poll_2026h2,TNSGF,2026-06,2026-06-05,2026-06-05,V5,82a8d8bae6ae4e1f,82a8d8bae6ae4e1f,false,none,0,,,false,,true
forward_poll_2026h2,TNTMF,2026-07,2026-08-01,2026-08-01,V5,d9f5432d2e875b7b,d9f5432d2e875b7b,false,none,0,,,false,,true
forward_poll_2026h2,TOAGF,2026-07,2026-07-31,2026-07-31,V5,a66019a17c30b888,90f5eee5fd1b8106,true,down,"(0,0.01)",,,false,,false
forward_poll_2026h2,TOEAF,2026-07,2026-07-31,2026-07-31,V5,7e9b7fce93819887,72cfab3d3dcf12be,true,down,"(0,0.01)",,,false,,false
forward_poll_2026h2,TOELY,2026-07,2026-07-30,2026-07-30,V5,0850a00a676e1b79,0850a00a676e1b79,false,none,0,false,false,false,false,false
forward_poll_2026h2,TOLWF,2026-07,2026-07-29,2026-07-29,V3,d4638a686a0666d2,d4638a686a0666d2,false,none,0,false,false,false,false,false
forward_poll_2026h2,TOP,2026-07,2026-07-13,2026-07-13,V3,91ef1a69c2a73b79,91ef1a69c2a73b79,false,none,0,,,false,,true
forward_poll_2026h2,TORCF,2026-05,2026-06-05,2026-06-05,V5,a650425cd3382afb,a650425cd3382afb,false,none,0,,,false,,true
forward_poll_2026h2,TORM,2026-07,2026-08-01,2026-08-01,V5,0d5a6e3165d82d22,0d5a6e3165d82d22,false,none,0,,,false,,false
forward_poll_2026h2,TOSCF,2026-08,2026-08-04,2026-08-04,V5,505828733333b09e,636633b985e50af1,true,up,"[0.01,0.05)",,,false,,false
forward_poll_2026h2,TOST,2026-08,2026-08-04,2026-08-04,V5,0b4118f8ed8c6fcd,0b4118f8ed8c6fcd,false,none,0,false,false,false,false,false
forward_poll_2026h2,TOTDY,2026-07,2026-07-31,2026-08-04,V3,3457193495f5255c,8f554bc54d2e2f22,true,up,"(0,0.01)",false,false,false,false,false
forward_poll_2026h2,TOUR,2026-06,2026-06-06,2026-06-06,V5,b1fa0382ef63a919,b1fa0382ef63a919,false,none,0,,,false,,false
forward_poll_2026h2,TOWN,2026-07,2026-07-23,2026-07-24,V5,1372e49ee698a40f,1372e49ee698a40f,false,none,0,false,false,false,false,false
forward_poll_2026h2,TOYOF,2026-08,2026-08-04,2026-08-04,V3,1e5bbb8376d30be1,1e5bbb8376d30be1,false,none,0,true,true,false,false,false
forward_poll_2026h2,TPB,2026-08,2026-08-04,2026-08-05,V5,5dbe09b3c0720f8f,2c79592c5e191206,true,down,"[0.05,0.25)",true,true,false,false,false
forward_poll_2026h2,TPCFF,2026-07,2026-07-14,2026-07-14,V5,e92842586bfd1a02,e92842586bfd1a02,false,none,0,,,false,,false
forward_poll_2026h2,TPCS,2026-06,2026-06-23,2026-06-23,V5,397c59fbb45e5b37,397c59fbb45e5b37,false,none,0,,,false,,false
forward_poll_2026h2,TPET,2026-06,2026-06-12,2026-06-12,V5,74542cea22e1ae11,74542cea22e1ae11,false,none,0,,,false,,true
forward_poll_2026h2,TPET,2026-06,2026-06-12,2026-06-12,V5,74542cea22e1ae11,74542cea22e1ae11,false,none,0,,,false,,false
forward_poll_2026h2,TPG,2026-08,2026-08-04,2026-08-04,V3,fbfdfaa0fa84d72d,87fe606e4f810bb4,true,down,"[0.05,0.25)",true,true,false,false,false
forward_poll_2026h2,TPNEF,2026-06,2026-06-05,2026-06-05,V3,9b7859a23356f323,9b7859a23356f323,false,none,0,false,false,false,false,true
forward_poll_2026h2,TPZEF,2026-07,2026-07-28,2026-07-28,V3,17e727ac4a5ea836,9044982e44564cf4,true,down,"(0,0.01)",false,false,false,false,false
forward_poll_2026h2,TR,2026-07,2026-07-23,2026-07-23,V5,09495815d55276cf,09495815d55276cf,false,none,0,,,false,,false
forward_poll_2026h2,TRATF,2026-07,2026-07-23,2026-07-24,V3,868da9fb69da26f2,26393d23c23ba43d,true,up,"[0.05,0.25)",true,true,false,false,false
forward_poll_2026h2,TRCLF,2026-07,2026-07-31,2026-07-31,V5,1cc61c50edab8e0a,1cc61c50edab8e0a,false,none,0,,,false,,false
forward_poll_2026h2,TRDTF,2026-06,2026-06-05,2026-06-05,V5,53b43a9bc86fb8e6,53b43a9bc86fb8e6,false,none,0,,,false,,true
forward_poll_2026h2,TREE,2026-07,2026-07-29,2026-07-31,V5,1bca397bd1def541,1bca397bd1def541,false,none,0,false,false,false,false,false
forward_poll_2026h2,TREX,2026-08,2026-08-04,2026-08-04,V5,4de14c335c1d3971,4de14c335c1d3971,false,none,0,false,false,false,false,false
forward_poll_2026h2,TRIB,2026-06,2026-06-17,2026-06-17,V3,e6191598be0de1e5,e6191598be0de1e5,false,none,0,true,true,false,false,false
forward_poll_2026h2,TRLEF,2026-06,2026-06-05,2026-06-05,V3,5e301bf933d5b7de,5e301bf933d5b7de,false,none,0,,,false,,true
forward_poll_2026h2,TRMK,2026-07,2026-07-28,2026-07-28,V5,a595dd5cf745ceb1,a595dd5cf745ceb1,false,none,0,false,false,false,false,false
forward_poll_2026h2,TRMLF,2026-07,2026-07-29,2026-07-31,V3,b12188c033470b2a,39007d03dec817b6,true,down,"[0.05,0.25)",false,false,false,false,false
forward_poll_2026h2,TRN,2026-07,2026-07-30,2026-07-30,V5,602f98a5677fa72b,3ce43c7f332501d3,true,up,>=1.00,false,false,false,false,false
forward_poll_2026h2,TRNS,2026-08,2026-08-04,2026-08-05,V5,d5a5c5734909040b,938832d00da1f2fc,true,down,"[0.25,1.00)",true,false,true,true,false
forward_poll_2026h2,TROW,2026-07,2026-07-31,2026-08-02,V5,985cd016564f3467,985cd016564f3467,false,none,0,false,false,false,false,false
forward_poll_2026h2,TRP,2026-07,2026-07-30,2026-08-01,V5,de8a46bbab85cbbb,de8a46bbab85cbbb,false,none,0,true,true,false,false,false
forward_poll_2026h2,TRPCF,2026-06,2026-06-25,2026-06-25,V3,4f389b45ee80e6a7,4f389b45ee80e6a7,false,none,0,false,false,false,false,false
forward_poll_2026h2,TRRXF,2026-06,2026-06-05,2026-06-05,V5,0cdfb4140e1a81c5,0cdfb4140e1a81c5,false,none,0,,,false,,true
forward_poll_2026h2,TRS,2026-07,2026-07-30,2026-07-31,V5,691d31cc437f8736,691d31cc437f8736,false,none,0,false,false,false,false,false
forward_poll_2026h2,TRST,2026-07,2026-07-21,2026-07-21,V3,e87c19ef2154dd47,e87c19ef2154dd47,false,none,0,,,false,,false
forward_poll_2026h2,TRTN-PA,2026-07,2026-08-03,2026-08-03,V3,2e5cbe3ac73dcf01,2e5cbe3ac73dcf01,false,none,0,false,false,false,false,true
forward_poll_2026h2,TRTN-PB,2026-07,2026-08-02,2026-08-02,V3,b515d599f90060b6,b515d599f90060b6,false,none,0,false,false,false,false,true
forward_poll_2026h2,TRTN-PC,2026-07,2026-08-02,2026-08-02,V3,161afe288fe6b35f,70562d26a2f2c21a,true,down,"[0.01,0.05)",false,false,false,false,true
forward_poll_2026h2,TRTN-PD,2026-07,2026-08-02,2026-08-03,V3,1e73cb5d17823f9a,cf1f7e0b15a590ec,true,down,"[0.01,0.05)",false,false,false,false,true
forward_poll_2026h2,TRTN-PE,2026-07,2026-08-02,2026-08-02,V3,1dc8d997ea1dd11a,1dc8d997ea1dd11a,false,none,0,false,false,false,false,true
forward_poll_2026h2,TRTX,2026-07,2026-07-28,2026-07-30,V5,154710479a96ae5e,154710479a96ae5e,false,none,0,false,false,false,false,false
forward_poll_2026h2,TRTX-PC,2026-07,2026-07-29,2026-07-30,V3,5f061ee4218b4163,9877e807183ffe52,true,up,"[0.05,0.25)",false,false,false,false,false
forward_poll_2026h2,TRU,2026-07,2026-07-28,2026-08-04,V5,792eea84f1f2bd2f,792eea84f1f2bd2f,false,none,0,false,false,false,false,false
forward_poll_2026h2,TRUFF,2026-08,2026-08-03,2026-08-03,V5,6ffdea324f3ce9cf,6ffdea324f3ce9cf,false,none,0,,,false,,false
forward_poll_2026h2,TRUX,2026-07,2026-07-30,2026-07-30,V5,cac331f0c44a403c,cac331f0c44a403c,false,none,0,,,false,,false
forward_poll_2026h2,TRV,2026-07,2026-07-17,2026-07-24,V5,eca9572f6c7e00df,eca9572f6c7e00df,false,none,0,true,true,false,false,false
forward_poll_2026h2,TRVG,2026-08,2026-08-05,2026-08-05,V3,1b6a0e7ad01ab910,bc2d56eff99bc90e,true,up,"(0,0.01)",true,true,false,false,false
forward_poll_2026h2,TRX,2026-07,2026-07-16,2026-07-16,V5,81f4f5bd43a1f022,d3f52a63765c4b31,true,down,"[0.01,0.05)",false,false,false,false,false
forward_poll_2026h2,TRZBF,2026-06,2026-06-11,2026-06-12,V3,56e12b00d5ae06e5,a8d3a105b3082c92,true,down,"[0.25,1.00)",false,false,false,false,false
forward_poll_2026h2,TSBK,2026-07,2026-07-28,2026-07-28,V5,2fa74e058e99cd86,2fa74e058e99cd86,false,none,0,,,false,,false
forward_poll_2026h2,TSCO,2026-07,2026-07-23,2026-07-30,V5,b470ccf0d7dff141,b470ccf0d7dff141,false,none,0,false,false,false,false,false
forward_poll_2026h2,TSEM,2026-08,2026-08-04,2026-08-04,V5,0162b45ff59746d7,0162b45ff59746d7,false,none,0,true,true,false,false,false
forward_poll_2026h2,TSGTY,2026-06,2026-06-25,2026-06-25,V3,62c7404e25d59a77,62c7404e25d59a77,false,none,0,true,true,false,false,false
forward_poll_2026h2,TSGTY,2026-07,2026-07-04,2026-07-04,V3,62c7404e25d59a77,62c7404e25d59a77,false,none,0,true,true,false,false,false
forward_poll_2026h2,TSIHF,2026-07,2026-07-14,2026-07-14,V5,7771e82d2c7a7308,30665cea35f49355,true,down,"(0,0.01)",,,false,,false
forward_poll_2026h2,TSLA,2026-07,2026-07-22,2026-07-24,V5,79b96b97eda73474,79b96b97eda73474,false,none,0,false,false,false,false,false
forward_poll_2026h2,TSLTF,2026-07,2026-07-31,2026-07-31,V3,43ea690733363c6f,43ea690733363c6f,false,none,0,true,true,false,false,false
forward_poll_2026h2,TSLX,2026-08,2026-08-04,2026-08-04,V5,295360937bd364c5,295360937bd364c5,false,none,0,false,false,false,false,false
forward_poll_2026h2,TSM,2026-07,2026-07-16,2026-07-23,V5,45555494555a92f5,a4f3f820bbef2e35,true,up,"[0.05,0.25)",true,true,false,false,false
forward_poll_2026h2,TSMWF,2026-07,2026-07-18,2026-07-18,V5,20cbc99f380410ad,20cbc99f380410ad,false,none,0,true,true,false,false,true
forward_poll_2026h2,TSN,2026-08,2026-08-03,2026-08-04,V5,d46480e88ed0e6ed,d46480e88ed0e6ed,false,none,0,false,false,false,false,false
forward_poll_2026h2,TSUKF,2026-07,2026-07-31,2026-07-31,V3,7de305ba1d3ff56f,e6cd75db50b0cf26,true,down,"[0.01,0.05)",true,true,false,false,false
forward_poll_2026h2,TSUSF,2026-07,2026-07-08,2026-07-08,V3,f1357a6f121f262b,5df25c679f19d1f4,true,down,"(0,0.01)",true,true,false,false,false
forward_poll_2026h2,TT,2026-07,2026-07-30,2026-08-02,V5,2e773e96bf2124de,2e773e96bf2124de,false,none,0,false,false,false,false,false
forward_poll_2026h2,TTALF,2026-07,2026-07-22,2026-07-24,V3,286057abb5208631,286057abb5208631,false,none,0,false,false,false,false,true
forward_poll_2026h2,TTAM,2026-07,2026-07-28,2026-07-30,V3,84e74babf9e7ec84,84e74babf9e7ec84,false,none,0,false,false,false,false,false
forward_poll_2026h2,TTAN,2026-06,2026-06-05,2026-06-08,V5,5dbb7a4b3b4db16c,1828e0b217c37b90,true,up,"[0.25,1.00)",false,true,true,true,false
forward_poll_2026h2,TTC,2026-06,2026-06-05,2026-06-07,V3,0f345664619e2353,0f345664619e2353,false,none,0,true,true,false,false,false
forward_poll_2026h2,TTDKF,2026-07,2026-07-31,2026-07-31,V3,41b90636755834b0,41b90636755834b0,false,none,0,true,true,false,false,false
forward_poll_2026h2,TTDKY,2026-07,2026-07-31,2026-08-04,V3,64bb5f4db12d002d,27e331cb0f1b5d5d,true,up,"[0.05,0.25)",false,true,true,true,false
forward_poll_2026h2,TTE,2026-07,2026-07-23,2026-07-30,V3,0263d1a7ed76f015,0263d1a7ed76f015,false,none,0,false,false,false,true,false
forward_poll_2026h2,TTEK,2026-07,2026-07-29,2026-07-31,V5,db6e849fe42e63b6,db6e849fe42e63b6,false,none,0,false,false,false,false,false
forward_poll_2026h2,TTEXF,2026-06,2026-06-05,2026-06-05,V5,2108d134ed95684b,2108d134ed95684b,false,none,0,,,false,,true
forward_poll_2026h2,TTI,2026-08,2026-08-03,2026-08-03,V3,e3bff755934214c9,e3bff755934214c9,false,none,0,false,false,false,false,false
forward_poll_2026h2,TTNDF,2026-08,2026-08-04,2026-08-04,V3,49709a898e87e2d9,49709a898e87e2d9,false,none,0,true,true,false,false,false
forward_poll_2026h2,TTNDY,2026-08,2026-08-04,2026-08-04,V3,0b852fc040602281,0b852fc040602281,false,none,0,true,true,false,false,false
forward_poll_2026h2,TTSH,2026-07,2026-07-31,2026-08-03,V3,b6a05fc6e1e7b4e4,b6a05fc6e1e7b4e4,false,none,0,,false,false,,true
forward_poll_2026h2,TU,2026-07,2026-07-31,2026-08-02,V5,62ea3857e7461d60,62ea3857e7461d60,false,none,0,false,false,false,false,false
forward_poll_2026h2,TV,2026-07,2026-07-23,2026-07-23,V3,24b63dd5f2b531ad,24b63dd5f2b531ad,false,none,0,false,false,false,false,false
forward_poll_2026h2,TVAGF,2026-07,2026-08-01,2026-08-04,V3,deb57b581f4e8eb5,dcb65f52ead756d0,true,up,"(0,0.01)",,,false,,true
forward_poll_2026h2,TVAVF,2026-08,2026-08-05,2026-08-05,V3,5189193333f52116,5189193333f52116,false,none,0,false,false,false,false,false
forward_poll_2026h2,TVPKF,2026-08,2026-08-04,2026-08-04,V5,ba42751bff8474d0,efd063e2b3d153c0,true,down,"(0,0.01)",false,,false,,false
forward_poll_2026h2,TVTX,2026-08,2026-08-04,2026-08-04,V5,cdc50dff3eb45b39,cdc50dff3eb45b39,false,none,0,false,false,false,false,false
forward_poll_2026h2,TW,2026-07,2026-07-30,2026-07-31,V5,f036d3141324b55f,f036d3141324b55f,false,none,0,false,false,false,false,false
forward_poll_2026h2,TWI,2026-07,2026-07-30,2026-07-31,V5,09dfe9db922322be,09dfe9db922322be,false,none,0,true,true,false,false,false
forward_poll_2026h2,TWO,2026-07,2026-07-28,2026-07-29,V5,b7d85c6bd9f0ca78,b7d85c6bd9f0ca78,false,none,0,false,false,false,false,false
forward_poll_2026h2,TWO-PA,2026-07,2026-07-29,2026-07-29,V5,0e394ddf571971f0,0e394ddf571971f0,false,none,0,false,false,false,false,false
forward_poll_2026h2,TWO-PB,2026-07,2026-07-29,2026-07-29,V5,6f3eef78f25a7386,6f3eef78f25a7386,false,none,0,false,false,false,false,false
forward_poll_2026h2,TWO-PC,2026-07,2026-07-30,2026-07-30,V5,477c1575282154a2,477c1575282154a2,false,none,0,false,false,false,false,true
forward_poll_2026h2,TWODF,2026-07,2026-07-31,2026-07-31,V3,84809bcd758d3c63,84809bcd758d3c63,false,none,0,true,true,false,false,false
forward_poll_2026h2,TWODY,2026-07,2026-07-31,2026-08-01,V5,e5c890366b88924b,c14e74357a6870c0,true,up,"(0,0.01)",true,true,false,false,false
forward_poll_2026h2,TWRFF,2026-06,2026-07-04,2026-07-04,V5,16a96960388588d4,16a96960388588d4,false,none,0,,,false,,true
forward_poll_2026h2,TWST,2026-08,2026-08-03,2026-08-04,V3,1e075fc18ebc2953,1e075fc18ebc2953,false,none,0,false,false,false,false,false
forward_poll_2026h2,TX,2026-08,2026-08-04,2026-08-04,V3,569de36e96fec992,569de36e96fec992,false,none,0,true,true,false,false,false
forward_poll_2026h2,TXN,2026-07,2026-07-22,2026-07-24,V5,1b3d2b91b4beb5df,1b3d2b91b4beb5df,false,none,0,true,true,false,false,false
forward_poll_2026h2,TXNM,2026-07,2026-07-31,2026-07-31,V3,a46ea950edf2a16e,a46ea950edf2a16e,false,none,0,true,true,false,false,false
forward_poll_2026h2,TXO,2026-08,2026-08-05,2026-08-05,V3,05adc13eaacf090c,05adc13eaacf090c,false,none,0,true,true,false,false,false
forward_poll_2026h2,TXT,2026-07,2026-07-28,2026-07-31,V5,145a933b737c87cb,145a933b737c87cb,false,none,0,false,false,false,false,false
forward_poll_2026h2,TYGO,2026-08,2026-08-04,2026-08-05,V3,b14fe02d35d8d459,511eecf5f38faeaf,true,down,"[0.05,0.25)",true,false,true,true,false
forward_poll_2026h2,TYHOF,2026-07,2026-07-31,2026-08-02,V5,bd7a7d4747ee34ed,a77a1603c5495b30,true,down,"(0,0.01)",,false,false,,false
forward_poll_2026h2,TYL,2026-07,2026-07-29,2026-08-01,V5,7fd7c7a0931d6c52,7fd7c7a0931d6c52,false,none,0,false,false,false,false,false
forward_poll_2026h2,TYNPF,2026-07,2026-07-29,2026-07-29,V3,41b07f7fce217682,41b07f7fce217682,false,none,0,true,true,false,false,false
forward_poll_2026h2,TYOYY,2026-08,2026-08-05,2026-08-05,V3,9590ebade3f855a4,9590ebade3f855a4,false,none,0,false,false,false,false,false
forward_poll_2026h2,TYRA,2026-08,2026-08-04,2026-08-04,V5,c38422573cad6ef0,c38422573cad6ef0,false,none,0,false,false,false,false,false
forward_poll_2026h2,TZOO,2026-07,2026-07-28,2026-07-29,V3,5237d88b4c366310,5237d88b4c366310,false,none,0,false,false,false,false,false
forward_poll_2026h2,UAL,2026-07,2026-07-16,2026-07-18,V5,5f567d651ca8f535,5f567d651ca8f535,false,none,0,false,false,false,false,false
forward_poll_2026h2,UAN,2026-07,2026-07-29,2026-07-29,V5,f6b05a16b9912f76,f6b05a16b9912f76,false,none,0,,,false,,false
forward_poll_2026h2,UBCP,2026-07,2026-07-23,2026-07-23,V5,2a3d84a5f4607073,2a3d84a5f4607073,false,none,0,,,false,,false
forward_poll_2026h2,UBOH,2026-07,2026-07-22,2026-07-22,V5,3120304df36d4ba5,3120304df36d4ba5,false,none,0,,,false,,false
forward_poll_2026h2,UBS,2026-07,2026-07-29,2026-07-29,V3,97ad244ef71f0fd0,97ad244ef71f0fd0,false,none,0,false,false,false,false,false
forward_poll_2026h2,UBSI,2026-07,2026-07-23,2026-07-24,V5,8e6d2a13901f54d2,8e6d2a13901f54d2,false,none,0,false,false,false,false,false
forward_poll_2026h2,UCB,2026-07,2026-07-21,2026-07-21,V5,ed11ab9c1ddc9822,ed11ab9c1ddc9822,false,none,0,false,false,false,false,false
forward_poll_2026h2,UCBJF,2026-07,2026-07-30,2026-07-31,V3,2569f750aaec77dd,1bcaefb2052ac152,true,up,"[0.05,0.25)",true,true,false,false,false
forward_poll_2026h2,UCBJY,2026-07,2026-07-30,2026-07-30,V3,51e2e3721dee5e92,51e2e3721dee5e92,false,none,0,true,true,false,false,false
forward_poll_2026h2,UCLQF,2026-07,2026-07-22,2026-07-22,V3,5a1c317a74e83e17,5a1c317a74e83e17,false,none,0,true,true,false,false,true
forward_poll_2026h2,UCTT,2026-08,2026-08-03,2026-08-04,V3,a9aca49b9050ddea,a9aca49b9050ddea,false,none,0,true,true,false,false,false
forward_poll_2026h2,UDR,2026-07,2026-07-27,2026-08-03,V5,6c4f9daa16438df0,90472b7afe0933a5,true,down,"[0.25,1.00)",true,true,false,false,false
forward_poll_2026h2,UEC,2026-06,2026-06-09,2026-06-12,V3,51540c511776f4e6,fc4a91417b847da0,true,up,"[0.01,0.05)",false,false,false,false,false
forward_poll_2026h2,UFCS,2026-08,2026-08-03,2026-08-03,V5,0791dda7156c1f5c,0791dda7156c1f5c,false,none,0,true,true,false,false,false
forward_poll_2026h2,UFPI,2026-07,2026-07-29,2026-07-29,V3,c74ce53f8693691f,c74ce53f8693691f,false,none,0,true,true,false,false,false
forward_poll_2026h2,UFPT,2026-08,2026-08-03,2026-08-04,V3,3f91aacdba1a797e,2c01fd9b97d9329d,true,down,"[0.05,0.25)",true,true,false,false,false
forward_poll_2026h2,UGDIF,2026-05,2026-06-05,2026-06-05,V3,bbea5bef47398afd,bbea5bef47398afd,false,none,0,true,true,false,false,true
forward_poll_2026h2,UHOIF,2026-08,2026-08-04,2026-08-04,V3,b09f4c6aaf9714dc,ead58c8a54eaedd1,true,down,"(0,0.01)",true,true,false,false,false
forward_poll_2026h2,UHS,2026-07,2026-07-27,2026-08-03,V5,aba08b37685c57ac,aba08b37685c57ac,false,none,0,false,false,false,false,false
forward_poll_2026h2,UHT,2026-07,2026-07-27,2026-07-29,V3,83740350825d16a9,183ed7da1614e50a,true,down,"[0.25,1.00)",,,false,,false
forward_poll_2026h2,UIS,2026-07,2026-07-29,2026-08-02,V3,d70c72473f67d3e5,d70c72473f67d3e5,false,none,0,false,false,false,false,false
forward_poll_2026h2,UL,2026-07,2026-07-28,2026-07-30,V5,cacb614a9c1fe838,083a2fe897759665,true,down,"[0.05,0.25)",false,false,false,false,false
forward_poll_2026h2,ULCC,2026-07,2026-07-29,2026-08-01,V5,c92d762e5a5e1ae7,c92d762e5a5e1ae7,false,none,0,true,true,false,false,false
forward_poll_2026h2,ULH,2026-07,2026-08-01,2026-08-01,V3,e7b45376fd263ab2,67930c43e2c3937e,true,up,"[0.25,1.00)",true,true,false,false,false
forward_poll_2026h2,ULS,2026-08,2026-08-04,2026-08-04,V5,774ab0a191936a1c,774ab0a191936a1c,false,none,0,false,false,false,false,false
forward_poll_2026h2,ULTA,2026-06,2026-06-05,2026-06-05,V5,5a6d2bf8e6be6247,5a6d2bf8e6be6247,false,none,0,true,true,false,false,true
forward_poll_2026h2,UMBF,2026-07,2026-07-28,2026-07-30,V5,7a57f783999a67bd,7a57f783999a67bd,false,none,0,true,true,false,false,false
forward_poll_2026h2,UMC,2026-07,2026-07-29,2026-07-29,V3,c7323dcaaec514ee,c7323dcaaec514ee,false,none,0,true,true,false,false,false
forward_poll_2026h2,UMGNF,2026-07,2026-07-30,2026-07-30,V3,4d30e04a36268c25,4d30e04a36268c25,false,none,0,true,true,false,false,false
forward_poll_2026h2,UMGP,2026-07,2026-07-06,2026-07-08,V5,eccad96b3d96da6a,eccad96b3d96da6a,false,none,0,,,false,,true
forward_poll_2026h2,UMICF,2026-07,2026-07-31,2026-07-31,V5,e9d55ae22f4109d6,e9d55ae22f4109d6,false,none,0,false,false,false,false,false
forward_poll_2026h2,UMICY,2026-07,2026-07-31,2026-08-01,V3,7059fef5ad577697,d1499a3b5f3ce32b,true,up,"(0,0.01)",true,true,false,false,false
forward_poll_2026h2,UNB,2026-07,2026-07-16,2026-07-16,V5,98cd457cec397227,98cd457cec397227,false,none,0,,,false,,false
forward_poll_2026h2,UNBLF,2026-07,2026-08-01,2026-08-04,V3,b5accdc303c5c173,b5accdc303c5c173,false,none,0,true,true,false,false,true
forward_poll_2026h2,UNCFF,2026-07,2026-07-23,2026-07-25,V3,2789bc07c13ea0a1,a53649993c3e668b,true,up,"[0.05,0.25)",false,true,true,true,false
forward_poll_2026h2,UNCRY,2026-07,2026-07-23,2026-07-23,V3,9299a31fa41d8bb7,9299a31fa41d8bb7,false,none,0,false,false,false,false,false
forward_poll_2026h2,UNF,2026-07,2026-07-04,2026-07-08,V5,9cdf381e33fcf482,9cdf381e33fcf482,false,none,0,true,true,false,false,true
forward_poll_2026h2,UNFI,2026-06,2026-06-09,2026-06-11,V5,58e9cff663cc8c14,58e9cff663cc8c14,false,none,0,false,false,false,true,false
forward_poll_2026h2,UNH,2026-07,2026-07-16,2026-07-18,V5,62cf988c6790c6af,62cf988c6790c6af,false,none,0,true,true,false,false,false
forward_poll_2026h2,UNHLF,2026-06,2026-07-04,2026-07-04,V5,1e968c434c145d8d,1e968c434c145d8d,false,none,0,,,false,,true
forward_poll_2026h2,UNIT,2026-07,2026-07-30,2026-08-04,V5,f523380056260298,f523380056260298,false,none,0,false,false,false,false,false
forward_poll_2026h2,UNJCF,2026-07,2026-08-01,2026-08-01,V3,80e9f57385baf5e0,2a25dd48f2e001a4,true,down,"(0,0.01)",true,false,true,true,false
forward_poll_2026h2,UNLRF,2026-07,2026-07-29,2026-07-29,V3,c82efb1597fa3083,fe9083a01d992b0f,true,down,"(0,0.01)",false,false,false,true,true
forward_poll_2026h2,UNLRY,2026-07,2026-07-30,2026-07-30,V5,c33b3ae5498a397c,e3fcca3cef1e1376,true,down,>=1.00,,,false,,true
forward_poll_2026h2,UNLYF,2026-07,2026-07-28,2026-08-04,V3,71cd5b8ac7305d2f,71cd5b8ac7305d2f,false,none,0,false,false,false,false,false
forward_poll_2026h2,UNM,2026-07,2026-07-28,2026-08-04,V5,aecd378629c4d96a,aecd378629c4d96a,false,none,0,false,false,false,false,false
forward_poll_2026h2,UNMA,2026-07,2026-07-28,2026-08-04,V3,cf8389cd7002419c,cf8389cd7002419c,false,none,0,false,false,false,false,false
forward_poll_2026h2,UNOV,2026-06,2026-06-18,2026-06-18,V5,9775c4a5adce5157,9775c4a5adce5157,false,none,0,,,false,,false
forward_poll_2026h2,UNP,2026-07,2026-07-23,2026-07-30,V5,60588c857723883d,60588c857723883d,false,none,0,false,false,false,false,false
forward_poll_2026h2,UNTY,2026-07,2026-07-14,2026-07-20,V5,cac1eaf3371b3745,cac1eaf3371b3745,false,none,0,false,false,false,false,false
forward_poll_2026h2,UONE,2026-08,2026-08-04,2026-08-04,V5,32cc76d535b7e383,32cc76d535b7e383,false,none,0,,,false,,false
forward_poll_2026h2,UONEK,2026-08,2026-08-04,2026-08-04,V5,6cb82004d32656f7,6cb82004d32656f7,false,none,0,,,false,,false
forward_poll_2026h2,UP,2026-08,2026-08-04,2026-08-04,V3,5f5afc2b135c87a8,5f5afc2b135c87a8,false,none,0,,,false,,false
forward_poll_2026h2,UPBD,2026-07,2026-07-30,2026-08-02,V5,3f4aa0a2147e89c3,3f4aa0a2147e89c3,false,none,0,false,false,false,true,false
forward_poll_2026h2,UPMKF,2026-07,2026-07-23,2026-07-23,V3,cff17c95ea81b08a,cff17c95ea81b08a,false,none,0,true,true,false,false,false
forward_poll_2026h2,UPMMY,2026-07,2026-07-23,2026-07-24,V3,168ae82a0319265d,8c0daadadb9b06c5,true,up,"[0.05,0.25)",false,true,true,true,false
forward_poll_2026h2,UPS,2026-07,2026-07-28,2026-07-30,V5,6bc57de412f81945,6bc57de412f81945,false,none,0,false,false,false,false,false
forward_poll_2026h2,UPST,2026-08,2026-08-04,2026-08-05,V5,5bf664c97a7f9878,5bf664c97a7f9878,false,none,0,false,false,false,false,false
forward_poll_2026h2,URI,2026-07,2026-07-22,2026-07-24,V5,8b98cf8d77ddc3c3,8b98cf8d77ddc3c3,false,none,0,true,true,false,false,false
forward_poll_2026h2,URZEF,2026-06,2026-06-05,2026-06-05,V5,70af797d16aedc87,70af797d16aedc87,false,none,0,,,false,,false
forward_poll_2026h2,URZEF,2026-06,2026-06-07,2026-06-07,V5,70af797d16aedc87,70af797d16aedc87,false,none,0,,,false,,false
forward_poll_2026h2,URZEF,2026-06,2026-06-09,2026-06-09,V5,70af797d16aedc87,70af797d16aedc87,false,none,0,,,false,,false
forward_poll_2026h2,URZEF,2026-06,2026-06-10,2026-06-10,V5,70af797d16aedc87,70af797d16aedc87,false,none,0,,,false,,false
forward_poll_2026h2,URZEF,2026-06,2026-06-11,2026-06-11,V5,70af797d16aedc87,70af797d16aedc87,false,none,0,,,false,,false
forward_poll_2026h2,URZEF,2026-06,2026-06-14,2026-06-14,V5,70af797d16aedc87,70af797d16aedc87,false,none,0,,,false,,false
forward_poll_2026h2,URZEF,2026-06,2026-06-16,2026-06-16,V5,70af797d16aedc87,70af797d16aedc87,false,none,0,,,false,,false
forward_poll_2026h2,URZEF,2026-06,2026-06-17,2026-06-17,V5,70af797d16aedc87,70af797d16aedc87,false,none,0,,,false,,false
forward_poll_2026h2,URZEF,2026-06,2026-06-18,2026-06-18,V5,70af797d16aedc87,70af797d16aedc87,false,none,0,,,false,,false
forward_poll_2026h2,URZEF,2026-06,2026-06-22,2026-06-22,V5,70af797d16aedc87,70af797d16aedc87,false,none,0,,,false,,false
forward_poll_2026h2,URZEF,2026-06,2026-06-23,2026-06-23,V5,70af797d16aedc87,70af797d16aedc87,false,none,0,,,false,,false
forward_poll_2026h2,URZEF,2026-06,2026-06-24,2026-06-24,V5,70af797d16aedc87,70af797d16aedc87,false,none,0,,,false,,false
forward_poll_2026h2,URZEF,2026-06,2026-06-25,2026-06-25,V5,70af797d16aedc87,70af797d16aedc87,false,none,0,,,false,,false
forward_poll_2026h2,URZEF,2026-07,2026-07-05,2026-07-05,V5,70af797d16aedc87,70af797d16aedc87,false,none,0,,,false,,false
forward_poll_2026h2,URZEF,2026-07,2026-07-07,2026-07-07,V5,70af797d16aedc87,70af797d16aedc87,false,none,0,,,false,,false
forward_poll_2026h2,URZEF,2026-07,2026-07-08,2026-07-08,V5,70af797d16aedc87,70af797d16aedc87,false,none,0,,,false,,false
forward_poll_2026h2,URZEF,2026-07,2026-07-10,2026-07-10,V5,70af797d16aedc87,70af797d16aedc87,false,none,0,,,false,,false
forward_poll_2026h2,URZEF,2026-07,2026-07-12,2026-07-12,V5,70af797d16aedc87,70af797d16aedc87,false,none,0,,,false,,false
forward_poll_2026h2,URZEF,2026-07,2026-07-14,2026-07-14,V5,70af797d16aedc87,70af797d16aedc87,false,none,0,,,false,,false
forward_poll_2026h2,URZEF,2026-07,2026-07-15,2026-07-15,V5,70af797d16aedc87,70af797d16aedc87,false,none,0,,,false,,false
forward_poll_2026h2,URZEF,2026-07,2026-07-16,2026-07-16,V5,70af797d16aedc87,70af797d16aedc87,false,none,0,,,false,,false
forward_poll_2026h2,URZEF,2026-07,2026-07-19,2026-07-19,V5,70af797d16aedc87,70af797d16aedc87,false,none,0,,,false,,false
forward_poll_2026h2,URZEF,2026-07,2026-07-21,2026-07-21,V5,70af797d16aedc87,70af797d16aedc87,false,none,0,,,false,,false
forward_poll_2026h2,URZEF,2026-07,2026-07-22,2026-07-22,V5,70af797d16aedc87,70af797d16aedc87,false,none,0,,,false,,false
forward_poll_2026h2,URZEF,2026-07,2026-07-23,2026-07-23,V5,70af797d16aedc87,70af797d16aedc87,false,none,0,,,false,,false
forward_poll_2026h2,URZEF,2026-07,2026-07-26,2026-07-26,V5,70af797d16aedc87,70af797d16aedc87,false,none,0,,,false,,false
forward_poll_2026h2,URZEF,2026-07,2026-07-28,2026-07-28,V5,70af797d16aedc87,70af797d16aedc87,false,none,0,,,false,,false
forward_poll_2026h2,URZEF,2026-07,2026-07-29,2026-07-29,V5,70af797d16aedc87,70af797d16aedc87,false,none,0,,,false,,false
forward_poll_2026h2,URZEF,2026-07,2026-07-30,2026-07-30,V5,70af797d16aedc87,70af797d16aedc87,false,none,0,,,false,,false
forward_poll_2026h2,URZEF,2026-08,2026-08-03,2026-08-03,V5,70af797d16aedc87,70af797d16aedc87,false,none,0,,,false,,false
forward_poll_2026h2,USAC,2026-08,2026-08-04,2026-08-04,V3,f24bb297af6283f4,f24bb297af6283f4,false,none,0,true,true,false,false,false
forward_poll_2026h2,USAU,2026-07,2026-07-04,2026-07-04,V3,5e89bf2f2e068408,5e89bf2f2e068408,false,none,0,false,false,false,false,true
forward_poll_2026h2,USAU,2026-07,2026-07-17,2026-07-17,V3,5e89bf2f2e068408,5e89bf2f2e068408,false,none,0,true,true,false,false,false
forward_poll_2026h2,USAU,2026-07,2026-07-19,2026-07-19,V3,5e89bf2f2e068408,5e89bf2f2e068408,false,none,0,true,true,false,false,false
forward_poll_2026h2,USAU,2026-07,2026-07-23,2026-07-23,V3,5e89bf2f2e068408,5e89bf2f2e068408,false,none,0,true,true,false,false,false
forward_poll_2026h2,USAU,2026-07,2026-07-27,2026-07-31,V3,5e89bf2f2e068408,2361762976e9dceb,true,down,"[0.25,1.00)",true,false,true,true,false
forward_poll_2026h2,USAU,2026-07,2026-07-30,2026-07-30,V3,2361762976e9dceb,2361762976e9dceb,false,none,0,false,false,false,false,false
forward_poll_2026h2,USB,2026-07,2026-07-16,2026-07-22,V5,1a970b8e8a40e451,1a970b8e8a40e451,false,none,0,false,false,false,false,false
forward_poll_2026h2,USB-PA,2026-07,2026-07-16,2026-07-16,V3,52ccafc1737b323b,52ccafc1737b323b,false,none,0,true,true,false,false,false
forward_poll_2026h2,USB-PH,2026-07,2026-07-16,2026-07-16,V3,425a1b3bbdfaa781,425a1b3bbdfaa781,false,none,0,true,true,false,false,false
forward_poll_2026h2,USB-PP,2026-07,2026-07-16,2026-07-16,V3,93a02952f9dc90be,93a02952f9dc90be,false,none,0,true,true,false,false,false
forward_poll_2026h2,USB-PQ,2026-07,2026-07-16,2026-07-16,V3,6c20af69f34f962c,6c20af69f34f962c,false,none,0,true,true,false,false,false
forward_poll_2026h2,USB-PR,2026-07,2026-07-16,2026-07-16,V3,1c917c1b3b7b950f,1c917c1b3b7b950f,false,none,0,true,true,false,false,false
forward_poll_2026h2,USB-PS,2026-07,2026-07-16,2026-07-16,V3,4825e782e503135e,4825e782e503135e,false,none,0,true,true,false,false,false
forward_poll_2026h2,USCB,2026-07,2026-07-23,2026-07-24,V5,bb42c50aa9dd3fb9,bb42c50aa9dd3fb9,false,none,0,false,false,false,false,false
forward_poll_2026h2,USEA,2026-07,2026-07-30,2026-07-30,V3,2b45e8ea678e2613,2b45e8ea678e2613,false,none,0,true,true,false,false,false
forward_poll_2026h2,USLM,2026-07,2026-07-29,2026-08-01,V3,b5a6a0a3e140ca57,b5a6a0a3e140ca57,false,none,0,false,false,false,false,false
forward_poll_2026h2,USNA,2026-08,2026-08-04,2026-08-04,V3,138927ffca8b4d70,138927ffca8b4d70,false,none,0,false,false,false,false,false
forward_poll_2026h2,USNZY,2026-07,2026-07-30,2026-08-04,V3,b1be02517e210ff4,b1be02517e210ff4,false,none,0,true,true,false,false,false
forward_poll_2026h2,USSJF,2026-08,2026-08-04,2026-08-04,V5,2de69ae988d261da,2de69ae988d261da,false,none,0,,,false,,false
forward_poll_2026h2,UTL,2026-08,2026-08-03,2026-08-03,V5,3f80b2666cadc8b7,3f80b2666cadc8b7,false,none,0,true,true,false,false,false
forward_poll_2026h2,UTMD,2026-07,2026-07-23,2026-07-23,V5,470bef6e1d08b4e1,470bef6e1d08b4e1,false,none,0,,,false,,false
forward_poll_2026h2,UUICF,2026-07,2026-07-16,2026-07-17,V3,8b3dee345894e33a,8b3dee345894e33a,false,none,0,false,false,false,false,false
forward_poll_2026h2,UUICF,2026-07,2026-07-17,2026-07-17,V3,8b3dee345894e33a,8b3dee345894e33a,false,none,0,false,false,false,false,false
forward_poll_2026h2,UURAF,2026-06,2026-06-05,2026-06-05,V3,cfa4c0f48d829020,cfa4c0f48d829020,false,none,0,false,false,false,false,false
forward_poll_2026h2,UURAF,2026-06,2026-06-07,2026-06-07,V3,cfa4c0f48d829020,cfa4c0f48d829020,false,none,0,false,false,false,false,false
forward_poll_2026h2,UURAF,2026-06,2026-06-09,2026-06-09,V3,cfa4c0f48d829020,cfa4c0f48d829020,false,none,0,false,false,false,false,false
forward_poll_2026h2,UURAF,2026-06,2026-06-10,2026-06-10,V3,cfa4c0f48d829020,cfa4c0f48d829020,false,none,0,false,false,false,false,false
forward_poll_2026h2,UURAF,2026-06,2026-06-11,2026-06-11,V3,cfa4c0f48d829020,cfa4c0f48d829020,false,none,0,false,false,false,false,false
forward_poll_2026h2,UURAF,2026-06,2026-06-14,2026-06-14,V3,cfa4c0f48d829020,cfa4c0f48d829020,false,none,0,false,false,false,false,false
forward_poll_2026h2,UURAF,2026-06,2026-06-16,2026-06-16,V3,cfa4c0f48d829020,cfa4c0f48d829020,false,none,0,false,false,false,false,false
forward_poll_2026h2,UURAF,2026-06,2026-06-17,2026-06-17,V3,cfa4c0f48d829020,cfa4c0f48d829020,false,none,0,false,false,false,false,false
forward_poll_2026h2,UURAF,2026-06,2026-06-18,2026-06-18,V3,cfa4c0f48d829020,cfa4c0f48d829020,false,none,0,false,false,false,false,false
forward_poll_2026h2,UURAF,2026-06,2026-06-21,2026-06-21,V3,cfa4c0f48d829020,cfa4c0f48d829020,false,none,0,false,false,false,false,false
forward_poll_2026h2,UURAF,2026-06,2026-06-23,2026-06-23,V3,cfa4c0f48d829020,cfa4c0f48d829020,false,none,0,false,false,false,false,false
forward_poll_2026h2,UURAF,2026-06,2026-06-24,2026-06-24,V3,cfa4c0f48d829020,cfa4c0f48d829020,false,none,0,false,false,false,false,false
forward_poll_2026h2,UURAF,2026-06,2026-06-25,2026-06-25,V3,cfa4c0f48d829020,cfa4c0f48d829020,false,none,0,false,false,false,false,false
forward_poll_2026h2,UURAF,2026-07,2026-07-05,2026-07-05,V3,89d5b987e82c0d63,89d5b987e82c0d63,false,none,0,false,false,false,false,false
forward_poll_2026h2,UURAF,2026-07,2026-07-07,2026-07-07,V3,89d5b987e82c0d63,89d5b987e82c0d63,false,none,0,false,false,false,false,false
forward_poll_2026h2,UURAF,2026-07,2026-07-08,2026-07-08,V3,89d5b987e82c0d63,89d5b987e82c0d63,false,none,0,false,false,false,false,false
forward_poll_2026h2,UURAF,2026-07,2026-07-12,2026-07-12,V3,89d5b987e82c0d63,89d5b987e82c0d63,false,none,0,false,false,false,false,false
forward_poll_2026h2,UURAF,2026-07,2026-07-14,2026-07-14,V3,89d5b987e82c0d63,89d5b987e82c0d63,false,none,0,false,false,false,false,false
forward_poll_2026h2,UURAF,2026-07,2026-07-15,2026-07-15,V3,89d5b987e82c0d63,89d5b987e82c0d63,false,none,0,false,false,false,false,false
forward_poll_2026h2,UURAF,2026-07,2026-07-16,2026-07-16,V3,89d5b987e82c0d63,89d5b987e82c0d63,false,none,0,false,false,false,false,false
forward_poll_2026h2,UURAF,2026-07,2026-07-20,2026-07-20,V3,89d5b987e82c0d63,89d5b987e82c0d63,false,none,0,false,false,false,false,false
forward_poll_2026h2,UURAF,2026-07,2026-07-21,2026-07-21,V3,89d5b987e82c0d63,89d5b987e82c0d63,false,none,0,false,false,false,false,false
forward_poll_2026h2,UURAF,2026-07,2026-07-22,2026-07-22,V3,89d5b987e82c0d63,89d5b987e82c0d63,false,none,0,false,false,false,false,false
forward_poll_2026h2,UURAF,2026-07,2026-07-23,2026-07-23,V3,89d5b987e82c0d63,89d5b987e82c0d63,false,none,0,false,false,false,false,false
forward_poll_2026h2,UURAF,2026-07,2026-07-26,2026-07-26,V3,89d5b987e82c0d63,89d5b987e82c0d63,false,none,0,false,false,false,false,false
forward_poll_2026h2,UURAF,2026-07,2026-07-28,2026-07-28,V3,89d5b987e82c0d63,89d5b987e82c0d63,false,none,0,false,false,false,false,false
forward_poll_2026h2,UURAF,2026-07,2026-07-29,2026-07-29,V3,89d5b987e82c0d63,89d5b987e82c0d63,false,none,0,false,false,false,false,false
forward_poll_2026h2,UURAF,2026-07,2026-07-30,2026-07-30,V3,89d5b987e82c0d63,89d5b987e82c0d63,false,none,0,false,false,false,false,false
forward_poll_2026h2,UUU,2026-07,2026-07-04,2026-07-04,V5,06ff0d5143bf5d6f,06ff0d5143bf5d6f,false,none,0,,,false,,true
forward_poll_2026h2,UVE,2026-07,2026-07-23,2026-07-30,V3,1ff1ab842c8d2e4a,1ff1ab842c8d2e4a,false,none,0,true,true,false,false,false
forward_poll_2026h2,UVSP,2026-07,2026-07-22,2026-07-22,V5,08240413008b0db6,08240413008b0db6,false,none,0,false,false,false,false,false
forward_poll_2026h2,UXIN,2026-06,2026-06-18,2026-06-18,V3,c7a2b27b4b8fefff,265dddf9f7fa93f1,true,down,"[0.01,0.05)",,,false,,true
forward_poll_2026h2,V,2026-07,2026-07-28,2026-08-01,V5,5c2502df7aeaabc5,5c2502df7aeaabc5,false,none,0,false,false,false,false,false
forward_poll_2026h2,VABK,2026-07,2026-07-23,2026-07-23,V5,1d8314363b858f08,1d8314363b858f08,false,none,0,,,false,,false
forward_poll_2026h2,VAIAF,2026-07,2026-07-22,2026-07-22,V3,4d49f046c9022e94,a194b6edeb13390b,true,down,"(0,0.01)",false,true,true,false,false
forward_poll_2026h2,VALE,2026-07,2026-07-31,2026-08-01,V3,954a85f856aebc1d,d44c36be59e87abe,true,up,"[0.01,0.05)",false,false,false,false,false
forward_poll_2026h2,VALU,2026-07,2026-07-29,2026-07-31,V5,e5f36a027d972e73,e5f36a027d972e73,false,none,0,,,false,,false
forward_poll_2026h2,VANTF,2026-06,2026-07-04,2026-07-04,V5,2f4d750d11e43b6a,2f4d750d11e43b6a,false,none,0,,,false,,true
forward_poll_2026h2,VAUCF,2026-06,2026-07-04,2026-07-04,V5,86e54b1bd4a925af,86e54b1bd4a925af,false,none,0,,,false,,true
forward_poll_2026h2,VBNK,2026-06,2026-06-05,2026-06-05,V5,933f22688beea66e,933f22688beea66e,false,none,0,false,false,false,false,true
forward_poll_2026h2,VC,2026-07,2026-07-23,2026-07-29,V5,55ad382e33dcbe6f,55ad382e33dcbe6f,false,none,0,false,false,false,false,false
forward_poll_2026h2,VCCLF,2026-07,2026-07-30,2026-07-30,V5,a52123d9ff052de8,a52123d9ff052de8,false,none,0,,,false,,false
forward_poll_2026h2,VCCTF,2026-07,2026-07-29,2026-07-29,V5,aea641f7417f0f52,aea641f7417f0f52,false,none,0,,,false,,false
forward_poll_2026h2,VCEL,2026-07,2026-07-30,2026-08-02,V3,3069a84a0407c28a,3069a84a0407c28a,false,none,0,true,true,false,false,false
forward_poll_2026h2,VCGMF,2026-06,2026-06-05,2026-06-05,V5,43a6fc379c7833ca,43a6fc379c7833ca,false,none,0,,,false,,true
forward_poll_2026h2,VCISF,2026-07,2026-07-30,2026-07-30,V5,3b9cebc3af9e0b3f,e9651e13adbd9250,true,up,"[0.05,0.25)",false,false,false,false,false
forward_poll_2026h2,VCISY,2026-07,2026-07-30,2026-07-30,V5,2698663c6c30a624,8f12001b1a3864af,true,up,"[0.01,0.05)",false,false,false,false,false
forward_poll_2026h2,VCYT,2026-07,2026-07-30,2026-08-02,V5,accae76faedea477,accae76faedea477,false,none,0,true,true,false,false,false
forward_poll_2026h2,VDRFF,2026-07,2026-07-22,2026-07-25,V5,056ee05d6070d0d4,acaab6f457b9289b,true,up,"[0.25,1.00)",,,false,,false
forward_poll_2026h2,VEEV,2026-06,2026-06-05,2026-06-06,V5,83cd12ee2a79b9f4,83cd12ee2a79b9f4,false,none,0,false,false,false,false,true
forward_poll_2026h2,VEOEF,2026-07,2026-07-30,2026-07-30,V3,444886f3090d6cfd,444886f3090d6cfd,false,none,0,,,false,,false
forward_poll_2026h2,VEOEY,2026-07,2026-07-30,2026-07-31,V3,0150526275121f47,bfee66b8d46573f1,true,up,"(0,0.01)",true,true,false,false,false
forward_poll_2026h2,VEON,2026-07,2026-07-31,2026-07-31,V5,bb7977902fa7027a,bb7977902fa7027a,false,none,0,false,true,true,false,false
forward_poll_2026h2,VERX,2026-08,2026-08-03,2026-08-04,V5,df50642486004089,df50642486004089,false,none,0,false,false,false,false,false
forward_poll_2026h2,VESTF,2026-07,2026-07-22,2026-07-22,V3,2cdda4fe42de069f,2cdda4fe42de069f,false,none,0,true,true,false,false,false
forward_poll_2026h2,VET,2026-07,2026-07-29,2026-08-01,V3,40bc3add32c04a87,40bc3add32c04a87,false,none,0,true,true,false,false,false
forward_poll_2026h2,VFC,2026-07,2026-07-29,2026-07-31,V5,9b17d78185361805,9b17d78185361805,false,none,0,false,false,false,false,false
forward_poll_2026h2,VFS,2026-06,2026-06-07,2026-06-09,V3,cf40f13240bdf63b,46d111544076d601,true,down,"[0.05,0.25)",true,false,true,true,false
forward_poll_2026h2,VFSWW,2026-06,2026-06-11,2026-06-11,V3,21c7316485af6c1b,21c7316485af6c1b,false,none,0,false,false,false,false,true
forward_poll_2026h2,VGNT,2026-08,2026-08-04,2026-08-04,V5,cef0e2089ae9be90,459289fff2a9f352,true,down,"[0.25,1.00)",true,true,false,false,false
forward_poll_2026h2,VGZ,2026-07,2026-07-29,2026-07-30,V5,3bd4c110a4958892,3bd4c110a4958892,false,none,0,,,false,,false
forward_poll_2026h2,VICI,2026-07,2026-07-29,2026-07-30,V3,4912f1d6b2f1381d,4e5c7e94143dbfb5,true,down,"[0.05,0.25)",false,false,false,false,false
forward_poll_2026h2,VICR,2026-07,2026-07-21,2026-07-23,V3,1a7619f1553a2e63,1a7619f1553a2e63,false,none,0,true,true,false,false,false
forward_poll_2026h2,VIMGF,2026-07,2026-07-20,2026-07-23,V3,f751800a64b6a3d4,04ddd72767445d95,true,up,"(0,0.01)",false,false,false,false,true
forward_poll_2026h2,VIRC,2026-06,2026-06-05,2026-06-05,V3,c35688d7f26dc257,c35688d7f26dc257,false,none,0,false,false,false,false,true
forward_poll_2026h2,VIRDY,2026-07,2026-08-02,2026-08-02,V3,8f5c24ff71f8cccd,8f5c24ff71f8cccd,false,none,0,false,false,false,false,true
forward_poll_2026h2,VIRT,2026-07,2026-07-29,2026-07-29,V5,8a55b146a8a00b8f,8a55b146a8a00b8f,false,none,0,false,false,false,false,false
forward_poll_2026h2,VIST,2026-07,2026-07-17,2026-07-23,V5,a5c727cdf55af55a,a5c727cdf55af55a,false,none,0,false,false,false,false,false
forward_poll_2026h2,VIV,2026-07,2026-07-27,2026-07-28,V3,fe4f9b10f5049dd6,fe4f9b10f5049dd6,false,none,0,false,false,false,false,false
forward_poll_2026h2,VIVS,2026-07,2026-07-15,2026-07-15,V3,dc7c5b57316d3551,dc7c5b57316d3551,false,none,0,false,false,false,false,false
forward_poll_2026h2,VKTX,2026-07,2026-07-30,2026-07-31,V5,676cd62353e06d47,676cd62353e06d47,false,none,0,false,true,true,false,false
forward_poll_2026h2,VLBOF,2026-07,2026-08-01,2026-08-01,V5,19048add8911b387,19048add8911b387,false,none,0,,,false,,true
forward_poll_2026h2,VLEEF,2026-07,2026-07-23,2026-07-23,V5,6babeb23052788e2,6babeb23052788e2,false,none,0,false,false,false,false,false
forward_poll_2026h2,VLEEY,2026-07,2026-07-23,2026-07-23,V3,227a11d2804313c4,cfa64576b7b8298b,true,down,"[0.25,1.00)",false,false,false,false,false
forward_poll_2026h2,VLEEY,2026-07,2026-07-24,2026-07-24,V3,227a11d2804313c4,227a11d2804313c4,false,none,0,false,false,false,false,false
forward_poll_2026h2,VLGEA,2026-06,2026-06-05,2026-06-05,V5,585cce21b60b05f9,585cce21b60b05f9,false,none,0,,,false,,true
forward_poll_2026h2,VLKAF,2026-07,2026-07-24,2026-07-24,V3,7026cb47038a97e9,086ade98fc15192e,true,up,"[0.05,0.25)",false,false,false,false,false
forward_poll_2026h2,VLKPF,2026-07,2026-07-24,2026-07-24,V3,c331acf0c26c5ffd,c331acf0c26c5ffd,false,none,0,false,false,false,false,false
forward_poll_2026h2,VLMGF,2026-07,2026-08-01,2026-08-01,V5,5be44d8d19d9f8e2,5be44d8d19d9f8e2,false,none,0,,,false,,true
forward_poll_2026h2,VLNSF,2026-07,2026-07-11,2026-07-11,V5,9a95a00b498f11e3,9a95a00b498f11e3,false,none,0,,,false,,true
forward_poll_2026h2,VLO,2026-07,2026-07-30,2026-08-04,V5,341bd1948f174640,341bd1948f174640,false,none,0,true,true,false,false,false
forward_poll_2026h2,VLOUF,2026-07,2026-08-01,2026-08-01,V5,ac7e031f3cea44ec,ac7e031f3cea44ec,false,none,0,,,false,,true
forward_poll_2026h2,VLOWY,2026-07,2026-07-30,2026-07-30,V5,a75a5bd8a815967f,a75a5bd8a815967f,false,none,0,,,false,,false
forward_poll_2026h2,VLPNF,2026-06,2026-06-05,2026-06-09,V3,d44fe54d5cfb1bd8,9aca2236747a1995,true,up,"[0.25,1.00)",false,true,true,true,true
forward_poll_2026h2,VLPNY,2026-06,2026-06-05,2026-06-05,V3,098654cb8d50655b,098654cb8d50655b,false,none,0,true,true,false,false,true
forward_poll_2026h2,VLPNY,2026-08,2026-08-05,2026-08-05,V3,ac5f2c300a0d55c4,ac5f2c300a0d55c4,false,none,0,false,false,false,false,false
forward_poll_2026h2,VLRS,2026-07,2026-07-22,2026-07-23,V5,a721d674ea164db2,a721d674ea164db2,false,none,0,false,false,false,false,false
forward_poll_2026h2,VLTO,2026-07,2026-07-28,2026-07-28,V5,b3135d3fc9f539e7,b3135d3fc9f539e7,false,none,0,false,false,false,false,false
forward_poll_2026h2,VLVLY,2026-07,2026-07-17,2026-07-18,V3,c7d84cc651318a27,9042abfe4c135736,true,up,"[0.01,0.05)",false,false,false,false,false
forward_poll_2026h2,VLVOF,2026-07,2026-07-18,2026-07-22,V3,9228739750c857fc,36f3231c7d40bc18,true,down,"(0,0.01)",true,true,false,false,false
forward_poll_2026h2,VLY,2026-07,2026-07-23,2026-07-23,V5,607a319e159607ef,607a319e159607ef,false,none,0,false,false,false,false,false
forward_poll_2026h2,VLYPN,2026-07,2026-07-23,2026-07-23,V3,0cf04c548eb246e9,0cf04c548eb246e9,false,none,0,false,false,false,false,false
forward_poll_2026h2,VLYPO,2026-07,2026-07-23,2026-07-23,V3,11b01f0c7a267299,11b01f0c7a267299,false,none,0,false,false,false,false,false
forward_poll_2026h2,VLYPP,2026-07,2026-07-23,2026-07-23,V3,a25373c2110dbfc1,a25373c2110dbfc1,false,none,0,false,false,false,false,false
forward_poll_2026h2,VMAR,2026-07,2026-07-14,2026-07-14,V3,c0bc896a110beced,c0bc896a110beced,false,none,0,true,true,false,false,false
forward_poll_2026h2,VMC,2026-07,2026-07-29,2026-08-01,V5,b4635f0ece70b893,b4635f0ece70b893,false,none,0,false,false,false,false,false
forward_poll_2026h2,VMD,2026-08,2026-08-03,2026-08-03,V3,52f6d374377688f6,52f6d374377688f6,false,none,0,false,false,false,false,false
forward_poll_2026h2,VMI,2026-07,2026-07-21,2026-07-21,V5,58037e5c2677f234,58037e5c2677f234,false,none,0,false,false,false,false,false
forward_poll_2026h2,VNCE,2026-06,2026-06-16,2026-06-17,V3,8c101c519f5d6093,2bd70cf15c80beb4,true,down,"[0.05,0.25)",true,false,true,true,false
forward_poll_2026h2,VNO,2026-08,2026-08-03,2026-08-04,V5,81c0ef69be4bcb1b,81c0ef69be4bcb1b,false,none,0,true,true,false,false,false
forward_poll_2026h2,VNO-PL,2026-08,2026-08-03,2026-08-03,V3,413c8e8cf8e917fb,413c8e8cf8e917fb,false,none,0,true,true,false,false,false
forward_poll_2026h2,VNO-PM,2026-08,2026-08-03,2026-08-03,V3,0f251500ef85800b,0f251500ef85800b,false,none,0,true,true,false,false,false
forward_poll_2026h2,VNO-PN,2026-08,2026-08-03,2026-08-03,V3,8f83fec875d564ce,8f83fec875d564ce,false,none,0,true,true,false,false,false
forward_poll_2026h2,VNO-PO,2026-08,2026-08-03,2026-08-03,V3,e16fea23e1c89fc5,e16fea23e1c89fc5,false,none,0,true,true,false,false,false
forward_poll_2026h2,VNOM,2026-08,2026-08-03,2026-08-04,V5,a27cc9156d808d77,0791a1172d44429b,true,down,>=1.00,true,false,true,true,false
forward_poll_2026h2,VNORP,2026-08,2026-08-03,2026-08-03,V3,bfc88ed917dc1704,bfc88ed917dc1704,false,none,0,true,true,false,false,false
forward_poll_2026h2,VOLAF,2026-07,2026-07-17,2026-07-17,V3,52f61506051f2dea,cb70e994915e697b,true,down,"(0,0.01)",false,false,false,false,false
forward_poll_2026h2,VOLVF,2026-07,2026-07-17,2026-07-17,V3,51c50b4d6da894c7,320109d95a635c0c,true,down,"(0,0.01)",false,false,false,false,false
forward_poll_2026h2,VONHF,2026-07,2026-07-27,2026-07-27,V3,45b4d81e1c52f4a1,45b4d81e1c52f4a1,false,none,0,,,false,,true
forward_poll_2026h2,VONOY,2026-08,2026-08-05,2026-08-05,V3,c3029b99fab8a3ab,c3029b99fab8a3ab,false,none,0,true,true,false,false,false
forward_poll_2026h2,VOPKF,2026-07,2026-08-03,2026-08-03,V5,b8b3f3a5f14c819f,b8b3f3a5f14c819f,false,none,0,,,false,,true
forward_poll_2026h2,VOPKY,2026-07,2026-07-30,2026-07-30,V5,6be4ddb67f464d45,6be4ddb67f464d45,false,none,0,,,false,,false
forward_poll_2026h2,VOSSF,2026-07,2026-07-24,2026-07-24,V3,dde43708cf6fe16c,14edf8926feb1745,true,up,"(0,0.01)",false,false,false,false,false
forward_poll_2026h2,VOYA,2026-08,2026-08-04,2026-08-04,V5,b81a6e0c3eeb2837,b81a6e0c3eeb2837,false,none,0,false,false,false,false,false
forward_poll_2026h2,VOYA-PB,2026-08,2026-08-04,2026-08-04,V3,5ef480e7451bceeb,5ef480e7451bceeb,false,none,0,false,false,false,false,false
forward_poll_2026h2,VOYG,2026-08,2026-08-03,2026-08-04,V5,1e5dd6c8da8aa789,1e5dd6c8da8aa789,false,none,0,true,true,false,false,false
forward_poll_2026h2,VOYJF,2026-07,2026-07-25,2026-07-25,V3,1dc32394044d1216,1dc32394044d1216,false,none,0,false,false,false,false,false
forward_poll_2026h2,VPRIF,2026-06,2026-07-04,2026-07-04,V5,ed2d76ee42e3fc68,ed2d76ee42e3fc68,false,none,0,,,false,,true
forward_poll_2026h2,VRA,2026-06,2026-06-11,2026-06-11,V3,e33750c71a29932c,e33750c71a29932c,false,none,0,true,true,false,false,false
forward_poll_2026h2,VRM,2026-08,2026-08-04,2026-08-04,V5,81f90ac89d23975c,81f90ac89d23975c,false,none,0,,,false,,false
forward_poll_2026h2,VRNS,2026-07,2026-07-28,2026-08-03,V5,93c47d1e3887c591,93c47d1e3887c591,false,none,0,true,true,false,false,false
forward_poll_2026h2,VRRCF,2026-08,2026-08-03,2026-08-03,V5,1fb34eaccc77179f,1fb34eaccc77179f,false,none,0,,,false,,false
forward_poll_2026h2,VRSK,2026-07,2026-07-29,2026-08-03,V5,2d0319934d502052,2d0319934d502052,false,none,0,false,false,false,false,false
forward_poll_2026h2,VRSN,2026-07,2026-07-23,2026-07-30,V5,edeb58340424fd08,edeb58340424fd08,false,none,0,false,false,false,false,false
forward_poll_2026h2,VRT,2026-07,2026-07-29,2026-08-03,V5,cf792383ed8c58fc,cf792383ed8c58fc,false,none,0,false,false,false,false,false
forward_poll_2026h2,VRTS,2026-07,2026-07-30,2026-07-30,V5,d34bd18982991ce3,d34bd18982991ce3,false,none,0,false,false,false,false,false
forward_poll_2026h2,VRTX,2026-08,2026-08-03,2026-08-05,V5,f351f860f7672ee0,f351f860f7672ee0,false,none,0,false,false,false,false,false
forward_poll_2026h2,VS,2026-07,2026-07-10,2026-07-10,V3,963081cc4af23dd1,963081cc4af23dd1,false,none,0,,,false,,true
forward_poll_2026h2,VSAT,2026-08,2026-08-04,2026-08-04,V5,66b3ec992f5e8763,73e1410336d0b6f2,true,up,"[0.25,1.00)",false,true,true,true,false
forward_poll_2026h2,VSCO,2026-06,2026-06-05,2026-06-05,V5,53cc5adc44ed3976,53cc5adc44ed3976,false,none,0,true,true,false,false,true
forward_poll_2026h2,VSOGF,2026-07,2026-07-18,2026-07-22,V3,2a481b80867d4f70,2a481b80867d4f70,false,none,0,false,true,true,false,true
forward_poll_2026h2,VSQTF,2026-06,2026-06-05,2026-06-05,V5,82c0caf6a83d7b75,82c0caf6a83d7b75,false,none,0,,,false,,true
forward_poll_2026h2,VSTD,2026-07,2026-07-13,2026-07-13,V5,a8d07b10a00b086b,a8d07b10a00b086b,false,none,0,,,false,,true
forward_poll_2026h2,VSTKF,2026-07,2026-07-15,2026-07-15,V5,b487b077f91f592b,b487b077f91f592b,false,none,0,,,false,,false
forward_poll_2026h2,VSXY,2026-06,2026-06-05,2026-06-09,V5,c9f5afde7540d82b,548c07d86e4d68c3,true,down,"[0.25,1.00)",true,false,true,true,true
forward_poll_2026h2,VTGN,2026-06,2026-06-16,2026-06-22,V5,7f810016ae84c209,7f810016ae84c209,false,none,0,false,true,true,true,false
forward_poll_2026h2,VTIAF,2026-05,2026-06-05,2026-06-05,V5,f089cdbe50539d64,f089cdbe50539d64,false,none,0,,,false,,true
forward_poll_2026h2,VTIX,2026-06,2026-06-05,2026-06-05,V3,956b7a1f30ed8f3e,956b7a1f30ed8f3e,false,none,0,false,false,false,false,true
forward_poll_2026h2,VTMX,2026-07,2026-07-22,2026-07-22,V3,f825234387736651,f825234387736651,false,none,0,true,true,false,false,false
forward_poll_2026h2,VTOL,2026-08,2026-08-04,2026-08-04,V3,da56c34f50c99d2d,da56c34f50c99d2d,false,none,0,false,false,false,false,false
forward_poll_2026h2,VTR,2026-07,2026-07-29,2026-08-01,V3,9fd1456ee0eb6880,f8b3a43794af2dcc,true,down,"[0.25,1.00)",true,false,true,true,false
forward_poll_2026h2,VTS,2026-08,2026-08-03,2026-08-04,V3,ca6eb4030027714a,7c1bd2cecdbf6586,true,down,"[0.25,1.00)",true,false,true,true,false
forward_poll_2026h2,VTSYF,2026-06,2026-06-24,2026-06-24,V5,025733629ea4ba04,025733629ea4ba04,false,none,0,,,false,,false
forward_poll_2026h2,VTTGF,2026-07,2026-07-22,2026-07-22,V3,2c5e1a79b09474fe,2c5e1a79b09474fe,false,none,0,false,false,false,false,false
forward_poll_2026h2,VTWRF,2026-05,2026-06-05,2026-06-05,V3,db0f8f5d2c50b8be,db0f8f5d2c50b8be,false,none,0,,,false,,true
forward_poll_2026h2,VULMF,2026-06,2026-06-05,2026-06-05,V5,2c2843fbbdb7ec46,2c2843fbbdb7ec46,false,none,0,,,false,,true
forward_poll_2026h2,VVX,2026-08,2026-08-03,2026-08-04,V5,75e5c6a8ab5746d9,75e5c6a8ab5746d9,false,none,0,true,true,false,false,false
forward_poll_2026h2,VWAGY,2026-07,2026-07-24,2026-07-30,V3,1a20b344eb8582ad,129dd482a03e02b8,true,up,"(0,0.01)",false,false,false,false,false
forward_poll_2026h2,VWAPY,2026-07,2026-07-24,2026-07-24,V3,620bb19b15c5d8bb,47dbe9ee203b35b7,true,up,"(0,0.01)",false,false,false,false,false
forward_poll_2026h2,VYYRF,2026-07,2026-07-28,2026-07-28,V5,770de75a22d33c81,770de75a22d33c81,false,none,0,,,false,,false
forward_poll_2026h2,VZ,2026-07,2026-07-24,2026-07-31,V5,5537af89507af9fe,5537af89507af9fe,false,none,0,false,false,false,false,false
forward_poll_2026h2,VZLA,2026-07,2026-07-20,2026-07-24,V5,206c204bf34d875b,206c204bf34d875b,false,none,0,false,false,false,false,true
forward_poll_2026h2,VZLA,2026-07,2026-07-19,2026-07-20,V5,206c204bf34d875b,206c204bf34d875b,false,none,0,false,false,false,false,false
forward_poll_2026h2,W,2026-08,2026-08-04,2026-08-04,V5,65b689db11bc4499,65b689db11bc4499,false,none,0,false,false,false,false,false
forward_poll_2026h2,WAB,2026-07,2026-07-22,2026-07-24,V5,de4d3bbda0284858,de4d3bbda0284858,false,none,0,false,false,false,false,false
forward_poll_2026h2,WABC,2026-07,2026-07-16,2026-07-21,V5,25308582f5eefb87,25308582f5eefb87,false,none,0,false,false,false,false,false
forward_poll_2026h2,WACMF,2026-07,2026-07-30,2026-07-30,V3,9adf159176f9c627,9adf159176f9c627,false,none,0,true,true,false,false,false
forward_poll_2026h2,WAFD,2026-07,2026-07-17,2026-07-21,V5,454ed3a685635f32,2a831cb767705085,true,down,"[0.01,0.05)",false,false,false,true,false
forward_poll_2026h2,WAFDP,2026-07,2026-07-17,2026-07-21,V3,8a3d1bbca9a2d06c,8a3d1bbca9a2d06c,false,none,0,true,true,false,false,false
forward_poll_2026h2,WAFU,2026-07,2026-08-01,2026-08-01,V3,779ebb4b38195e59,779ebb4b38195e59,false,none,0,,,false,,true
forward_poll_2026h2,WAL,2026-07,2026-07-21,2026-07-24,V5,64a7ae7236a208ea,d1f2d2ea802e3b93,true,up,"[0.05,0.25)",false,false,false,false,false
forward_poll_2026h2,WAL-PA,2026-07,2026-07-22,2026-07-24,V3,03f62a332e7a72b3,03f62a332e7a72b3,false,none,0,false,false,false,false,false
forward_poll_2026h2,WASH,2026-07,2026-07-21,2026-07-27,V5,d60274cf1aaf6f81,d60274cf1aaf6f81,false,none,0,false,false,false,false,false
forward_poll_2026h2,WAST,2026-07,2026-07-16,2026-07-17,V5,60cfbf2a0c138339,be25aa3183b35972,true,up,"(0,0.01)",,,false,,true
forward_poll_2026h2,WAT,2026-08,2026-08-04,2026-08-04,V5,ea438a178f778610,ea438a178f778610,false,none,0,false,false,false,false,false
forward_poll_2026h2,WAY,2026-07,2026-07-29,2026-07-31,V5,bcfc9c10138847a7,bcfc9c10138847a7,false,none,0,false,false,false,false,false
forward_poll_2026h2,WBS,2026-07,2026-07-21,2026-07-26,V5,c044f42cad8f159f,c044f42cad8f159f,false,none,0,false,false,false,false,false
forward_poll_2026h2,WBS-PF,2026-07,2026-07-22,2026-07-22,V3,5da01deb23b1b4b8,5da01deb23b1b4b8,false,none,0,false,false,false,false,false
forward_poll_2026h2,WBS-PG,2026-07,2026-07-22,2026-07-22,V3,2b58165e8cc5de27,2b58165e8cc5de27,false,none,0,false,false,false,false,false
forward_poll_2026h2,WCC,2026-07,2026-07-30,2026-08-02,V5,2ec0196396fa243d,2ec0196396fa243d,false,none,0,true,true,false,false,false
forward_poll_2026h2,WCCB,2026-07,2026-07-21,2026-07-21,V5,712ca9d66a4c6bfc,712ca9d66a4c6bfc,false,none,0,false,false,false,false,false
forward_poll_2026h2,WCN,2026-07,2026-07-22,2026-07-29,V5,432f4b0d617013e2,432f4b0d617013e2,false,none,0,true,true,false,false,false
forward_poll_2026h2,WCPRF,2026-07,2026-07-30,2026-07-31,V3,75689d7ebadf2964,75689d7ebadf2964,false,none,0,true,true,false,false,false
forward_poll_2026h2,WDFC,2026-07,2026-07-10,2026-07-10,V5,212a9af46b5ce74a,212a9af46b5ce74a,false,none,0,true,true,false,false,false
forward_poll_2026h2,WDH,2026-06,2026-06-16,2026-06-17,V3,69d6e1a2b1c639af,30e5a77e84e4267b,true,up,"[0.01,0.05)",,,false,,false
forward_poll_2026h2,WDPSF,2026-07,2026-07-31,2026-08-01,V3,2d49305b89634518,c0b5991999387fa8,true,up,"(0,0.01)",false,false,false,false,false
forward_poll_2026h2,WEC,2026-07,2026-07-29,2026-07-29,V5,8e6881c7f9cc2053,8e6881c7f9cc2053,false,none,0,true,true,false,false,false
forward_poll_2026h2,WEEEF,2026-07,2026-07-28,2026-07-28,V3,4f14b79f27ea1d11,4f14b79f27ea1d11,false,none,0,false,false,false,false,false
forward_poll_2026h2,WEGYF,2026-07,2026-07-14,2026-07-14,V5,940cf366dc18cb68,940cf366dc18cb68,false,none,0,,,false,,false
forward_poll_2026h2,WEGZY,2026-07,2026-07-22,2026-07-24,V3,728eb9782bda32f9,7cc6d46892fa55ec,true,up,"[0.05,0.25)",false,true,true,true,false
forward_poll_2026h2,WEIGF,2026-07,2026-07-30,2026-07-30,V5,1af104ccbd93a0c7,1af104ccbd93a0c7,false,none,0,false,false,false,false,false
forward_poll_2026h2,WELL,2026-07,2026-07-27,2026-07-29,V3,2371a5f031ece5c7,65744ed30f96b11f,true,down,"[0.25,1.00)",true,false,true,true,false
forward_poll_2026h2,WELX,2026-07,2026-08-01,2026-08-01,V5,1c80bf655991a5fb,1c80bf655991a5fb,false,none,0,,,false,,false
forward_poll_2026h2,WERN,2026-07,2026-07-28,2026-08-02,V5,4f6feb55fbaf8efa,4f6feb55fbaf8efa,false,none,0,false,false,false,false,false
forward_poll_2026h2,WESMF,2026-06,2026-06-20,2026-06-20,V5,c715412421396065,c715412421396065,false,none,0,,,false,,true
forward_poll_2026h2,WETF,2026-07,2026-08-01,2026-08-01,V5,9667967fd0987bb9,9667967fd0987bb9,false,none,0,,,false,,false
forward_poll_2026h2,WEX,2026-07,2026-07-22,2026-07-23,V5,e95e8c65df99e1d5,e95e8c65df99e1d5,false,none,0,false,false,false,false,false
forward_poll_2026h2,WEYS,2026-08,2026-08-04,2026-08-04,V5,490324de5f4a4d7b,490324de5f4a4d7b,false,none,0,,,false,,false
forward_poll_2026h2,WF,2026-07,2026-07-24,2026-07-30,V3,528f6fad767ce9a0,743d3eeaa0818876,true,up,"[0.05,0.25)",false,true,true,true,false
forward_poll_2026h2,WFC,2026-07,2026-07-14,2026-07-20,V5,c0342c77c6a35575,eee0daddbefd6a52,true,down,"[0.01,0.05)",true,true,false,false,false
forward_poll_2026h2,WFC-PA,2026-07,2026-07-14,2026-07-14,V3,29b1ac869ad206b2,29b1ac869ad206b2,false,none,0,true,true,false,false,false
forward_poll_2026h2,WFC-PC,2026-07,2026-07-14,2026-07-14,V3,e7c5746f32e84e4b,e7c5746f32e84e4b,false,none,0,true,true,false,false,false
forward_poll_2026h2,WFC-PD,2026-07,2026-07-14,2026-07-14,V3,e15da64ab724a843,e15da64ab724a843,false,none,0,true,true,false,false,false
forward_poll_2026h2,WFC-PL,2026-07,2026-07-14,2026-07-14,V3,4a3cb95c2fb3004f,4a3cb95c2fb3004f,false,none,0,true,true,false,false,false
forward_poll_2026h2,WFC-PY,2026-07,2026-07-14,2026-07-14,V3,96a79ebb174a7512,96a79ebb174a7512,false,none,0,true,true,false,false,false
forward_poll_2026h2,WFC-PZ,2026-07,2026-07-14,2026-07-14,V3,d856edfa6a7b85bc,d856edfa6a7b85bc,false,none,0,true,true,false,false,false
forward_poll_2026h2,WFCNP,2026-07,2026-07-14,2026-07-14,V3,952a77e58f8e5dd2,952a77e58f8e5dd2,false,none,0,true,true,false,false,false
forward_poll_2026h2,WFG,2026-07,2026-07-29,2026-08-01,V5,f205a4305fb99d02,f205a4305fb99d02,false,none,0,false,false,false,false,false
forward_poll_2026h2,WFICF,2026-06,2026-06-15,2026-06-15,V5,35f5e87307b72d1b,35f5e87307b72d1b,false,none,0,,,false,,false
forward_poll_2026h2,WFRD,2026-07,2026-07-21,2026-07-23,V5,4b844178cbbd7919,4b844178cbbd7919,false,none,0,false,false,false,false,false
forward_poll_2026h2,WGO,2026-06,2026-06-25,2026-06-25,V5,6da8fa11240891ae,6da8fa11240891ae,false,none,0,false,false,false,false,false
forward_poll_2026h2,WGS,2026-08,2026-08-03,2026-08-04,V5,53f6ae2530a08f29,53f6ae2530a08f29,false,none,0,true,true,false,false,false
forward_poll_2026h2,WGSWW,2026-08,2026-08-04,2026-08-04,V3,6d818170839ba487,6d818170839ba487,false,none,0,false,false,false,false,false
forward_poll_2026h2,WH,2026-07,2026-07-22,2026-07-29,V5,b2cad91d8b0783ef,b2cad91d8b0783ef,false,none,0,false,false,false,false,false
forward_poll_2026h2,WHD,2026-07,2026-07-29,2026-07-29,V5,6fa23891290fb263,6fa23891290fb263,false,none,0,true,true,false,false,false
forward_poll_2026h2,WHGOF,2026-06,2026-06-05,2026-06-05,V5,0b7fc5b3460889bc,0b7fc5b3460889bc,false,none,0,,,false,,true
forward_poll_2026h2,WHLT,2026-07,2026-07-29,2026-07-29,V5,1de203195b92bb83,1de203195b92bb83,false,none,0,,,false,,false
forward_poll_2026h2,WHR,2026-08,2026-08-03,2026-08-04,V5,553f7c5debe0dc4e,553f7c5debe0dc4e,false,none,0,false,false,false,false,false
forward_poll_2026h2,WHSI,2026-06,2026-06-05,2026-06-05,V5,d217b069aff19223,d217b069aff19223,false,none,0,,,false,,true
forward_poll_2026h2,WHTAF,2026-08,2026-08-05,2026-08-05,V3,910ed51335916abe,910ed51335916abe,false,none,0,false,false,false,false,false
forward_poll_2026h2,WILC,2026-08,2026-08-04,2026-08-04,V5,76c0856572c12f09,76c0856572c12f09,false,none,0,,,false,,false
forward_poll_2026h2,WINA,2026-07,2026-07-15,2026-07-15,V3,fc3eb2bfef03362f,fc3eb2bfef03362f,false,none,0,false,false,false,false,false
forward_poll_2026h2,WING,2026-07,2026-07-29,2026-08-02,V5,a9909190c63644cc,a9909190c63644cc,false,none,0,true,true,false,false,false
forward_poll_2026h2,WIPKF,2026-07,2026-07-23,2026-07-23,V3,ccbee197044f2468,ccbee197044f2468,false,none,0,true,true,false,false,false
forward_poll_2026h2,WIT,2026-07,2026-07-16,2026-07-18,V3,a941fa8c0be390de,e3e41c9e461d1226,true,down,"(0,0.01)",true,false,true,true,false
forward_poll_2026h2,WIX,2026-08,2026-08-04,2026-08-04,V5,14c1add66cf3d976,14c1add66cf3d976,false,none,0,true,true,false,false,false
forward_poll_2026h2,WJRYY,2026-08,2026-08-05,2026-08-05,V3,230f1755bfe217db,230f1755bfe217db,false,none,0,true,true,false,false,false
forward_poll_2026h2,WK,2026-08,2026-08-04,2026-08-04,V5,6e4dad68926ef9b0,6e4dad68926ef9b0,false,none,0,true,true,false,false,false
forward_poll_2026h2,WKC,2026-07,2026-07-23,2026-07-30,V5,7fa1b606c8af9e84,7fa1b606c8af9e84,false,none,0,true,true,false,false,false
forward_poll_2026h2,WKCMF,2026-07,2026-07-31,2026-08-02,V3,11349d54de6502ae,11349d54de6502ae,false,none,0,false,true,true,true,false
forward_poll_2026h2,WKPPF,2026-06,2026-06-11,2026-06-11,V5,0078fd8c084cf6ec,0078fd8c084cf6ec,false,none,0,,,false,,false
forward_poll_2026h2,WLFC,2026-08,2026-08-04,2026-08-04,V3,efa0f599c2830420,efa0f599c2830420,false,none,0,true,true,false,false,false
forward_poll_2026h2,WLFCP,2026-08,2026-08-04,2026-08-04,V5,ed2360e299b4cb20,ed2360e299b4cb20,false,none,0,true,true,false,false,false
forward_poll_2026h2,WLK,2026-08,2026-08-04,2026-08-04,V5,b514021c12c1c7fd,b514021c12c1c7fd,false,none,0,false,false,false,false,false
forward_poll_2026h2,WLKP,2026-08,2026-08-04,2026-08-04,V3,8c2cb2fab5f8c6e2,8c2cb2fab5f8c6e2,false,none,0,false,false,false,false,false
forward_poll_2026h2,WLRMF,2026-07,2026-07-13,2026-07-16,V5,6d997ff85fbfcb43,1f34bf70de8463af,true,down,"(0,0.01)",,,false,,false
forward_poll_2026h2,WLTH,2026-06,2026-06-05,2026-06-05,V3,bf8d1aef18884dde,bf8d1aef18884dde,false,none,0,false,false,false,false,false
forward_poll_2026h2,WLY,2026-06,2026-06-16,2026-06-16,V3,ad34eb38d561fac7,ad34eb38d561fac7,false,none,0,false,false,false,false,false
forward_poll_2026h2,WLYB,2026-06,2026-06-16,2026-06-16,V3,2ec61e40d1a59f33,2ec61e40d1a59f33,false,none,0,false,false,false,false,false
forward_poll_2026h2,WM,2026-07,2026-07-28,2026-08-04,V5,bb86035d5ebf7299,bb86035d5ebf7299,false,none,0,false,false,false,false,false
forward_poll_2026h2,WMB,2026-08,2026-08-03,2026-08-04,V5,bcf755df4b43851e,bcf755df4b43851e,false,none,0,false,false,false,false,false
forward_poll_2026h2,WMK,2026-08,2026-08-04,2026-08-04,V5,f025561b0c373299,f025561b0c373299,false,none,0,,,false,,false
forward_poll_2026h2,WMLLF,2026-07,2026-07-28,2026-07-28,V3,f2c41774429e3b25,f2c41774429e3b25,false,none,0,,,false,,false
forward_poll_2026h2,WMMVF,2026-07,2026-07-23,2026-07-28,V3,f53b94db4b3e4eda,fdc0c85f9a15ffa6,true,up,"(0,0.01)",false,false,false,false,false
forward_poll_2026h2,WMMVY,2026-07,2026-07-22,2026-07-23,V3,6509085c81a4841b,b8956bf2a5e86a81,true,down,"[0.25,1.00)",true,false,true,true,false
forward_poll_2026h2,WNC,2026-07,2026-07-29,2026-07-29,V5,74e39f90828d1ce6,74e39f90828d1ce6,false,none,0,false,false,false,false,false
forward_poll_2026h2,WNDLF,2026-07,2026-07-31,2026-07-31,V5,7fcb77d0e1ff42b0,7fcb77d0e1ff42b0,false,none,0,,,false,,false
forward_poll_2026h2,WNDW,2026-07,2026-07-14,2026-07-14,V5,bcea275519fc94b1,bcea275519fc94b1,false,none,0,,,false,,false
forward_poll_2026h2,WNEB,2026-07,2026-07-28,2026-07-29,V5,62440e79bab16ec2,62440e79bab16ec2,false,none,0,false,false,false,false,false
forward_poll_2026h2,WNGRF,2026-07,2026-07-31,2026-07-31,V3,9b9ad312066c3191,9b9ad312066c3191,false,none,0,false,false,false,false,false
forward_poll_2026h2,WNWSF,2026-07,2026-07-10,2026-07-10,V5,58a9ca857af37f0b,58a9ca857af37f0b,false,none,0,,,false,,false
forward_poll_2026h2,WOOF,2026-06,2026-06-05,2026-06-05,V5,5b1b5dc2512cbbdd,5b1b5dc2512cbbdd,false,none,0,true,true,false,false,true
forward_poll_2026h2,WOR,2026-06,2026-06-23,2026-06-25,V5,426ddcad9e775e26,426ddcad9e775e26,false,none,0,false,false,false,false,false
forward_poll_2026h2,WOSGF,2026-07,2026-07-15,2026-07-15,V3,5f613b009de42e02,5f613b009de42e02,false,none,0,true,true,false,false,false
forward_poll_2026h2,WPC,2026-07,2026-07-28,2026-07-31,V5,c3f9844e87dac71b,2ebe78ca607c1fe3,true,down,"[0.05,0.25)",true,true,false,false,false
forward_poll_2026h2,WRB,2026-07,2026-07-21,2026-07-23,V5,99ca90da849b22d2,0f9ca4872ff16cb7,true,up,"[0.05,0.25)",false,true,true,false,false
forward_poll_2026h2,WRB-PE,2026-07,2026-07-21,2026-07-21,V3,aad88dc66e411741,aad88dc66e411741,false,none,0,true,true,false,false,false
forward_poll_2026h2,WRB-PF,2026-07,2026-07-21,2026-07-21,V3,7d827c9d6a208a08,7d827c9d6a208a08,false,none,0,true,true,false,false,false
forward_poll_2026h2,WRB-PG,2026-07,2026-07-21,2026-07-21,V3,d0139d582b1673bd,d0139d582b1673bd,false,none,0,true,true,false,false,false
forward_poll_2026h2,WRB-PH,2026-07,2026-07-21,2026-07-21,V3,9ff2c2f702c10cf1,9ff2c2f702c10cf1,false,none,0,true,true,false,false,false
forward_poll_2026h2,WRDEF,2026-07,2026-07-22,2026-07-22,V5,575a72bd1b872b2b,575a72bd1b872b2b,false,none,0,,,false,,false
forward_poll_2026h2,WRDLY,2026-07,2026-08-02,2026-08-02,V3,1c86f7dabe5ccbb8,1c86f7dabe5ccbb8,false,none,0,true,true,false,false,true
forward_poll_2026h2,WRLD,2026-07,2026-07-24,2026-07-24,V3,46650d99849104c5,46650d99849104c5,false,none,0,true,true,false,false,false
forward_poll_2026h2,WRRZF,2026-07,2026-08-01,2026-08-01,V5,427bd898e3101201,427bd898e3101201,false,none,0,,,false,,true
forward_poll_2026h2,WRTBF,2026-07,2026-07-21,2026-07-21,V3,58a1d5d943c8dcbf,02e0a65cbb723016,true,up,"(0,0.01)",false,false,false,false,false
forward_poll_2026h2,WRTBY,2026-07,2026-07-22,2026-07-22,V5,7233a7524b962f9f,7233a7524b962f9f,false,none,0,,,false,,true
forward_poll_2026h2,WRTBY,2026-07,2026-07-21,2026-07-21,V5,2b94748a66ce1188,2b94748a66ce1188,false,none,0,,,false,,false
forward_poll_2026h2,WS,2026-06,2026-06-25,2026-06-25,V3,7c973b2e7db7fcec,7c973b2e7db7fcec,false,none,0,false,false,false,false,false
forward_poll_2026h2,WSBC,2026-07,2026-07-22,2026-07-24,V5,32379c32f180be66,32379c32f180be66,false,none,0,false,false,false,false,false
forward_poll_2026h2,WSBCO,2026-07,2026-07-22,2026-07-22,V3,08dad8b6ebaf6265,08dad8b6ebaf6265,false,none,0,true,true,false,false,false
forward_poll_2026h2,WSBF,2026-07,2026-07-23,2026-07-29,V3,1d59b1203228866a,1d59b1203228866a,false,none,0,false,false,false,false,false
forward_poll_2026h2,WSBK,2026-07,2026-08-02,2026-08-02,V5,aae48379ef7372ae,aae48379ef7372ae,false,none,0,,,false,,true
forward_poll_2026h2,WSFS,2026-07,2026-07-23,2026-07-24,V5,ec095d290f4b7201,ec095d290f4b7201,false,none,0,true,true,false,false,false
forward_poll_2026h2,WSO,2026-07,2026-07-29,2026-07-31,V5,30dc5070391ad801,30dc5070391ad801,false,none,0,false,false,false,false,false
forward_poll_2026h2,WSO-B,2026-07,2026-07-29,2026-07-29,V3,d4e2d8a421be99bd,d4e2d8a421be99bd,false,none,0,false,false,false,false,false
forward_poll_2026h2,WSPCF,2026-06,2026-06-11,2026-06-11,V5,b664e4898d9c356e,e4b479c3e29d5c31,true,up,"(0,0.01)",,,false,,false
forward_poll_2026h2,WST,2026-07,2026-07-23,2026-07-24,V5,bfafdf456aa013fe,bfafdf456aa013fe,false,none,0,true,true,false,false,false
forward_poll_2026h2,WT,2026-07,2026-07-31,2026-08-02,V5,dbf27476ec802a4a,dbf27476ec802a4a,false,none,0,true,true,false,false,false
forward_poll_2026h2,WTBA,2026-07,2026-07-23,2026-07-23,V5,ad42182b369ad1a2,ad42182b369ad1a2,false,none,0,false,false,false,false,false
forward_poll_2026h2,WTCRF,2026-07,2026-07-17,2026-07-17,V5,eeca294847834c55,eeca294847834c55,false,none,0,,,false,,false
forward_poll_2026h2,WTFC,2026-07,2026-07-21,2026-07-22,V5,777a001068173e23,a7fa26b78f8db7c7,true,up,"[0.05,0.25)",false,false,false,false,false
forward_poll_2026h2,WTLLF,2026-06,2026-06-19,2026-06-19,V5,323c8e09f5a32888,323c8e09f5a32888,false,none,0,,,false,,false
forward_poll_2026h2,WTRG,2026-08,2026-08-04,2026-08-04,V3,37d9bd54c56c46f4,37d9bd54c56c46f4,false,none,0,true,true,false,false,false
forward_poll_2026h2,WTTR,2026-08,2026-08-04,2026-08-04,V3,29063061aa897c97,29063061aa897c97,false,none,0,true,true,false,false,false
forward_poll_2026h2,WTW,2026-07,2026-07-30,2026-08-04,V5,2594e0ad1ce1582b,2594e0ad1ce1582b,false,none,0,false,false,false,false,false
forward_poll_2026h2,WU,2026-07,2026-07-30,2026-08-02,V5,407e5935f4f446d5,407e5935f4f446d5,false,none,0,false,false,false,false,false
forward_poll_2026h2,WUXAY,2026-08,2026-08-03,2026-08-04,V3,0502cb6fcb484535,0c448f71d139bb2e,true,up,"[0.05,0.25)",false,true,true,false,false
forward_poll_2026h2,WUXIF,2026-08,2026-08-03,2026-08-04,V3,d979d682ffde2129,c8937b282db66dd7,true,up,"[0.05,0.25)",false,true,true,false,false
forward_poll_2026h2,WVE,2026-07,2026-07-30,2026-08-02,V5,a22cfc00322c8923,a22cfc00322c8923,false,none,0,false,false,false,false,false
forward_poll_2026h2,WVFC,2026-07,2026-07-23,2026-07-23,V5,0bb4187468ec8b74,0bb4187468ec8b74,false,none,0,,,false,,false
forward_poll_2026h2,WW,2026-06,2026-06-15,2026-06-22,V5,d23ad9dd8bb28691,d23ad9dd8bb28691,false,none,0,false,false,false,false,false
forward_poll_2026h2,WWACU,2026-06,2026-06-09,2026-06-09,V5,d31c4bf7d15ea745,d31c4bf7d15ea745,false,none,0,,,false,,false
forward_poll_2026h2,WWD,2026-07,2026-07-29,2026-07-30,V5,c26237f3efcb9a17,c26237f3efcb9a17,false,none,0,false,false,false,false,false
forward_poll_2026h2,WWLNF,2026-07,2026-08-01,2026-08-01,V5,b863054473966e4d,b863054473966e4d,false,none,0,true,true,false,false,true
forward_poll_2026h2,WWNTF,2026-06,2026-07-04,2026-07-04,V3,36ba167e412bd07d,84ead1c1db3079c4,true,up,"(0,0.01)",false,false,false,false,true
forward_poll_2026h2,WY,2026-07,2026-07-30,2026-08-01,V5,975654b675a18705,975654b675a18705,false,none,0,true,true,false,false,false
forward_poll_2026h2,WYNN,2026-08,2026-08-04,2026-08-04,V5,6b0ad298e89cae96,6b0ad298e89cae96,false,none,0,true,true,false,false,false
forward_poll_2026h2,WZZAF,2026-06,2026-06-12,2026-06-12,V3,1d573ca2f049ce1d,1d573ca2f049ce1d,false,none,0,,,false,,false
forward_poll_2026h2,XAARF,2026-08,2026-08-03,2026-08-04,V5,9024bd42baf19d83,3513a5624e31b583,true,up,"(0,0.01)",,,false,,false
forward_poll_2026h2,XBOTF,2026-05,2026-06-05,2026-06-05,V3,f2f7a0294266bce8,f2f7a0294266bce8,false,none,0,true,true,false,false,true
forward_poll_2026h2,XCUR,2026-05,2026-06-05,2026-06-05,V3,b5ed349394262c74,b5ed349394262c74,false,none,0,true,true,false,false,true
forward_poll_2026h2,XE,2026-06,2026-06-05,2026-06-09,V5,17592aa13cffb268,7f6f3ae75ae61fa8,true,down,"[0.01,0.05)",true,true,false,false,false
forward_poll_2026h2,XEL,2026-07,2026-07-30,2026-07-30,V5,9c35020a0be0848c,9c35020a0be0848c,false,none,0,true,true,false,false,false
forward_poll_2026h2,XFABF,2026-07,2026-08-01,2026-08-01,V3,7792e8e72d869643,7792e8e72d869643,false,none,0,false,false,false,false,true
forward_poll_2026h2,XGN,2026-08,2026-08-04,2026-08-04,V5,e7eea4dc43daa787,e7eea4dc43daa787,false,none,0,true,true,false,false,false
forward_poll_2026h2,XHR,2026-07,2026-07-30,2026-08-04,V5,a0fd1af904d38479,a0fd1af904d38479,false,none,0,false,false,false,false,false
forward_poll_2026h2,XIFR,2026-07,2026-07-28,2026-07-28,V3,09214618a133997e,09214618a133997e,false,none,0,true,true,false,false,false
forward_poll_2026h2,XMTR,2026-08,2026-08-04,2026-08-04,V5,6fdfcafc63d8a20a,6fdfcafc63d8a20a,false,none,0,false,false,false,false,false
forward_poll_2026h2,XNYIF,2026-07,2026-07-30,2026-07-31,V3,264bb19a014a1401,b0ec025fba51dd75,true,down,"(0,0.01)",true,true,false,false,false
forward_poll_2026h2,XOM,2026-07,2026-07-31,2026-08-02,V5,b7264d29faddf704,b7264d29faddf704,false,none,0,false,false,false,false,false
forward_poll_2026h2,XPDI,2026-07,2026-07-28,2026-07-28,V5,d6efe65a9c7a043b,d6efe65a9c7a043b,false,none,0,,,false,,false
forward_poll_2026h2,XPER,2026-08,2026-08-04,2026-08-04,V5,35f9321b23da6750,35f9321b23da6750,false,none,0,false,false,false,false,false
forward_poll_2026h2,XPO,2026-07,2026-07-30,2026-08-02,V5,bedab602f01c4d32,bedab602f01c4d32,false,none,0,true,true,false,false,false
forward_poll_2026h2,XPPLF,2026-08,2026-08-04,2026-08-04,V5,48bb54951e102b31,7117e2e0b7c5d326,true,down,"(0,0.01)",true,true,false,false,false
forward_poll_2026h2,XPRO,2026-07,2026-07-28,2026-07-29,V3,b8b89531233a5554,b8b89531233a5554,false,none,0,false,false,false,false,false
forward_poll_2026h2,XRX,2026-07,2026-07-30,2026-07-30,V5,f150f20fd5d75adb,f150f20fd5d75adb,false,none,0,true,true,false,false,false
forward_poll_2026h2,XRXDW,2026-07,2026-07-30,2026-07-31,V3,35db69dc35379584,9223c8af2557249e,true,up,"[0.25,1.00)",true,true,false,false,false
forward_poll_2026h2,XVIPF,2026-07,2026-07-15,2026-07-15,V3,04aae49b4c64f603,a9502fb2979695c8,true,down,"(0,0.01)",false,false,false,false,false
forward_poll_2026h2,XXMMF,2026-05,2026-06-05,2026-06-05,V5,4c1e17baf0f31eb3,4c1e17baf0f31eb3,false,none,0,,,false,,true
forward_poll_2026h2,XYIGF,2026-07,2026-08-01,2026-08-01,V5,41d01295972af2f2,41d01295972af2f2,false,none,0,,,false,,false
forward_poll_2026h2,XYL,2026-07,2026-07-28,2026-08-04,V5,56fb7f41cffc45e6,56fb7f41cffc45e6,false,none,0,false,false,false,false,false
forward_poll_2026h2,YAHOF,2026-08,2026-08-03,2026-08-03,V3,8409e07da7b2c46e,17a125eb81e73346,true,up,"(0,0.01)",true,true,false,false,false
forward_poll_2026h2,YAHOY,2026-08,2026-08-03,2026-08-03,V5,fcea368c07a2fa2d,fcea368c07a2fa2d,false,none,0,,,false,,false
forward_poll_2026h2,YAMCF,2026-08,2026-08-04,2026-08-04,V5,2834af49449ee997,daa431cacc0bfa3e,true,down,"(0,0.01)",,,false,,false
forward_poll_2026h2,YAMCY,2026-08,2026-08-04,2026-08-05,V5,17e3d7b728bd54ee,1666113a2594637d,true,down,"(0,0.01)",,,false,,false
forward_poll_2026h2,YAMHF,2026-08,2026-08-04,2026-08-04,V3,2a373180a2786500,b58373d91faeb386,true,down,"(0,0.01)",true,true,false,false,false
forward_poll_2026h2,YARIY,2026-07,2026-07-17,2026-07-18,V5,d85ada7b6eee6f22,d85ada7b6eee6f22,false,none,0,false,false,false,false,false
forward_poll_2026h2,YASKF,2026-07,2026-07-10,2026-07-10,V3,31559ce27d31f936,98ae9a099e41f39d,true,down,"(0,0.01)",false,false,false,false,false
forward_poll_2026h2,YASKY,2026-07,2026-07-11,2026-07-11,V5,21ca39d58973e367,21ca39d58973e367,false,none,0,,,false,,false
forward_poll_2026h2,YATRF,2026-08,2026-08-03,2026-08-03,V3,73c007ce45773711,c4ff813e1ecaff16,true,down,"(0,0.01)",true,true,false,false,false
forward_poll_2026h2,YB,2026-06,2026-06-10,2026-06-11,V5,90645673c93c76f8,2e146e9a758a7661,true,up,>=1.00,,,false,,false
forward_poll_2026h2,YEXT,2026-06,2026-06-05,2026-06-05,V5,419658199082a6be,419658199082a6be,false,none,0,false,false,false,false,true
forward_poll_2026h2,YGRAF,2026-07,2026-07-31,2026-07-31,V3,cb9273db2c50e1de,60cfd7933e61ddcd,true,up,"(0,0.01)",true,true,false,false,false
forward_poll_2026h2,YI,2026-06,2026-06-06,2026-06-06,V5,47611e569e1e0160,47611e569e1e0160,false,none,0,,,false,,true
forward_poll_2026h2,YKLTF,2026-07,2026-07-31,2026-07-31,V3,2c8fabaf5b726691,67f9ee44f669776c,true,down,"(0,0.01)",true,true,false,false,false
forward_poll_2026h2,YLLXF,2026-07,2026-07-18,2026-07-18,V5,4e37d0bb208408b8,4e37d0bb208408b8,false,none,0,,,false,,true
forward_poll_2026h2,YMHAY,2026-08,2026-08-04,2026-08-04,V3,811ca157c7bcbef1,811ca157c7bcbef1,false,none,0,,,false,,false
forward_poll_2026h2,YMTKF,2026-07,2026-07-31,2026-07-31,V5,d164510916fc56ca,d164510916fc56ca,false,none,0,,,false,,false
forward_poll_2026h2,YMZBY,2026-07,2026-07-31,2026-07-31,V3,cdfb30d038d632d1,cdfb30d038d632d1,false,none,0,false,false,false,false,false
forward_poll_2026h2,YNVYF,2026-06,2026-06-05,2026-06-05,V5,a4866ef29b0dea29,a4866ef29b0dea29,false,none,0,,,false,,true
forward_poll_2026h2,YOKEF,2026-08,2026-08-04,2026-08-04,V3,181eaceb56115723,f37a1129da6f9ad5,true,down,"(0,0.01)",false,false,false,false,false
forward_poll_2026h2,YOOIF,2026-06,2026-06-05,2026-06-05,V5,017f31f5079e8ca1,017f31f5079e8ca1,false,none,0,,,false,,true
forward_poll_2026h2,YOU,2026-08,2026-08-05,2026-08-05,V3,723a95d0eefb9bd0,723a95d0eefb9bd0,false,none,0,true,true,false,false,false
forward_poll_2026h2,YQ,2026-06,2026-06-19,2026-06-19,V3,d95677ea2a65f46e,d95677ea2a65f46e,false,none,0,true,true,false,false,true
forward_poll_2026h2,YRAIF,2026-07,2026-07-17,2026-07-18,V3,efb62c4f0ed9c42b,efb62c4f0ed9c42b,false,none,0,false,false,false,false,false
forward_poll_2026h2,YRCCF,2026-07,2026-07-28,2026-07-28,V5,1e64e62c3c9152a3,91f95e99195a64e1,true,down,"(0,0.01)",,,false,,false
forward_poll_2026h2,YRD,2026-06,2026-06-18,2026-06-18,V3,ed1fa0e96e1ff7c8,ed1fa0e96e1ff7c8,false,none,0,true,true,false,false,true
forward_poll_2026h2,YSWY,2026-06,2026-06-05,2026-06-05,V5,735d2699bcd5e3f7,735d2699bcd5e3f7,false,none,0,false,false,false,false,true
forward_poll_2026h2,YUM,2026-07,2026-07-30,2026-08-02,V5,1c8787dafba3718e,1c8787dafba3718e,false,none,0,false,false,false,false,false
forward_poll_2026h2,YUMC,2026-07,2026-07-30,2026-08-01,V3,3a24df92cfe86e3a,3a24df92cfe86e3a,false,none,0,true,true,false,false,false
forward_poll_2026h2,YUMSF,2026-07,2026-07-19,2026-07-19,V5,4ee01895349f1ccd,4ee01895349f1ccd,false,none,0,,,false,,true
forward_poll_2026h2,ZBRA,2026-08,2026-08-04,2026-08-04,V5,e2e761fc949481c6,e2e761fc949481c6,false,none,0,true,true,false,false,false
forward_poll_2026h2,ZCAR,2026-07,2026-07-15,2026-07-15,V5,450a3055ede68605,cc9d2dbca63f0d2a,true,up,>=1.00,,,false,,false
forward_poll_2026h2,ZCTSF,2026-06,2026-06-05,2026-06-05,V5,5e0b34c8284d5740,5e0b34c8284d5740,false,none,0,,,false,,true
forward_poll_2026h2,ZDGE,2026-06,2026-06-11,2026-06-11,V3,e4b7d802890816ba,e4b7d802890816ba,false,none,0,true,true,false,false,false
forward_poll_2026h2,ZENA,2026-06,2026-06-05,2026-06-05,V3,37953106fb0bedfe,7acbf4f3b8569baf,true,down,"[0.25,1.00)",false,false,false,false,true
forward_poll_2026h2,ZEOOF,2026-07,2026-07-29,2026-07-29,V5,7fbc2a9e41c72fa2,7fbc2a9e41c72fa2,false,none,0,,,false,,false
forward_poll_2026h2,ZEOX,2026-06,2026-06-16,2026-06-16,V5,3b6b83966ab6e048,3b6b83966ab6e048,false,none,0,,,false,,false
forward_poll_2026h2,ZEPP,2026-06,2026-06-09,2026-06-09,V3,b471f0b016a27293,b471f0b016a27293,false,none,0,,,false,,false
forward_poll_2026h2,ZEPP,2026-06,2026-06-09,2026-06-10,V3,b471f0b016a27293,66210b6a091d9454,true,down,>=1.00,,,false,,false
forward_poll_2026h2,ZETA,2026-08,2026-08-04,2026-08-05,V5,ff2adabbcfec0f97,578c4f0963db7a70,true,up,"[0.05,0.25)",false,false,false,false,false
forward_poll_2026h2,ZH,2026-06,2026-06-05,2026-06-05,V3,dc5abd37c6bb3a4b,dc5abd37c6bb3a4b,false,none,0,,,false,,true
forward_poll_2026h2,ZION,2026-07,2026-07-21,2026-07-27,V5,0badabd0158b6d51,0badabd0158b6d51,false,none,0,true,true,false,false,false
forward_poll_2026h2,ZIONP,2026-07,2026-07-21,2026-07-21,V3,7ba82e5189f39863,7ba82e5189f39863,false,none,0,true,true,false,false,false
forward_poll_2026h2,ZLDSF,2026-08,2026-08-04,2026-08-04,V3,8dfcb4675e652d30,ed793249fbbb8997,true,down,"(0,0.01)",false,false,false,false,false
forward_poll_2026h2,ZLNDY,2026-08,2026-08-04,2026-08-04,V3,2827c377db1d03d9,2827c377db1d03d9,false,none,0,false,false,false,false,false
forward_poll_2026h2,ZONNF,2026-07,2026-07-24,2026-07-24,V3,1cbfb29d25ed879d,9f1acb6599096e4a,true,up,"(0,0.01)",false,false,false,false,false
forward_poll_2026h2,ZPTAF,2026-07,2026-07-31,2026-07-31,V3,7fefac459d62c837,7fefac459d62c837,false,none,0,true,true,false,false,true
forward_poll_2026h2,ZSTK,2026-07,2026-08-01,2026-08-01,V3,94d665b12b89f122,94d665b12b89f122,false,none,0,false,false,false,false,false
forward_poll_2026h2,ZTMUF,2026-07,2026-07-16,2026-07-16,V5,1a88ca11c40f38d1,1a88ca11c40f38d1,false,none,0,,,false,,true
forward_poll_2026h2,ZUMZ,2026-06,2026-06-05,2026-06-05,V5,5f5b588be7e80f05,5f5b588be7e80f05,false,none,0,false,false,false,false,false
forward_poll_2026h2,ZVOI,2026-05,2026-06-05,2026-06-05,V3,c2fdf64977603023,c2fdf64977603023,false,none,0,,,false,,true
forward_poll_2026h2,ZWS,2026-07,2026-07-28,2026-08-04,V5,5d91b7a96200d367,5d91b7a96200d367,false,none,0,false,false,false,false,false
