dataset,symbol,period,first_seen_date,final_ref_date,router,first_seen_hash,final_hash,eps_differs,direction,magnitude_bucket,first_seen_tradeable,final_tradeable,decision_flipped,surprise_sign_flipped,first_seen_stale
qt_pit_2026h1,AAOI,2026-02,2026-02-27,2026-06-04,V5,6a0062bfe2ab977e,20d7a8a8941677b8,true,up,"[0.25,1.00)",false,true,true,true,false
qt_pit_2026h1,AAON,2026-03,2026-03-03,2026-06-04,V5,331af992da111a54,331af992da111a54,false,none,0,false,false,false,false,false
qt_pit_2026h1,AAP,2026-02,2026-02-13,2026-06-04,V5,3090e63d209508df,2b89bc93d905ee50,true,up,"[0.25,1.00)",false,true,true,true,false
qt_pit_2026h1,AAP,2026-05,2026-05-21,2026-06-04,V5,f26995330d02923b,f26995330d02923b,false,none,0,true,true,false,false,false
qt_pit_2026h1,ABCL,2026-02,2026-02-25,2026-06-04,V5,86baa4a977810380,86baa4a977810380,false,none,0,true,true,false,false,false
qt_pit_2026h1,ABCL,2026-05,2026-05-10,2026-06-04,V5,fddac9b7a45f3ddd,fddac9b7a45f3ddd,false,none,0,true,true,false,false,false
qt_pit_2026h1,ABG,2026-02,2026-02-05,2026-06-04,V5,7f08b70b67c5b538,086f1b3acda769ea,true,up,>=1.00,false,false,false,false,false
qt_pit_2026h1,ABG,2026-04,2026-04-28,2026-06-04,V5,c4b86349f14e81e9,c4b86349f14e81e9,false,none,0,false,false,false,false,false
qt_pit_2026h1,ABM,2026-03,2026-03-10,2026-06-04,V5,36f0c583daf8884b,b86417e5f06a0e05,true,up,"[0.05,0.25)",false,false,false,false,false
qt_pit_2026h1,ABUS,2026-05,2026-05-13,2026-06-04,V5,a627f61fa26248dc,90b5fe447a234c28,true,down,"[0.01,0.05)",true,true,false,false,false
qt_pit_2026h1,ACA,2026-02,2026-02-27,2026-06-04,V5,47f85af6677426cf,12ab39869751d953,true,up,"[0.05,0.25)",true,true,false,false,false
qt_pit_2026h1,ACA,2026-04,2026-04-30,2026-06-04,V5,3b59b9be9902ac19,01be1933f094caa5,true,down,"[0.25,1.00)",true,true,false,false,false
qt_pit_2026h1,ACAD,2026-02,2026-02-26,2026-06-04,V5,36fd0f976d82977b,36fd0f976d82977b,false,none,0,true,true,false,false,false
qt_pit_2026h1,ACAD,2026-05,2026-05-07,2026-06-04,V5,133fe7e320d1134b,133fe7e320d1134b,false,none,0,false,false,false,false,false
qt_pit_2026h1,ACDC,2026-05,2026-05-08,2026-06-04,V5,6360db017e3a47db,69129302e993afaa,true,down,"[0.05,0.25)",false,false,false,false,false
qt_pit_2026h1,ACEL,2026-03,2026-03-03,2026-06-04,V5,7bfb559e3eb43505,7bfb559e3eb43505,false,none,0,false,false,false,false,false
qt_pit_2026h1,ACEL,2026-05,2026-05-06,2026-06-04,V5,fc31b63486ebef2a,258c66993b1bade9,true,down,"[0.05,0.25)",true,false,true,false,false
qt_pit_2026h1,ACHC,2026-02,2026-02-25,2026-06-04,V5,1356b259c4b6f836,436f213f450af88a,true,up,>=1.00,false,true,true,true,false
qt_pit_2026h1,ACHC,2026-04,2026-04-29,2026-06-04,V5,a53e797778258e65,e24eb401aa586349,true,up,"[0.25,1.00)",false,true,true,true,false
qt_pit_2026h1,ACHR,2026-03,2026-03-03,2026-06-04,V5,8cb5e9ee9834772f,8cb5e9ee9834772f,false,none,0,false,false,false,false,false
qt_pit_2026h1,ACHR,2026-05,2026-05-12,2026-06-04,V5,960f54f1adcb19d8,960f54f1adcb19d8,false,none,0,false,false,false,false,false
qt_pit_2026h1,ACIC,2026-02,2026-02-20,2026-06-04,V5,3521fdf1b507aef3,7863581a8952e02d,true,down,"[0.01,0.05)",true,true,false,false,false
qt_pit_2026h1,ACIC,2026-05,2026-05-06,2026-06-04,V5,c259b8d094d94879,c259b8d094d94879,false,none,0,false,false,false,false,false
qt_pit_2026h1,ACIW,2026-02,2026-02-26,2026-06-04,V5,6d14ce5f40e0c2b8,a14d68f2494818f1,true,up,"[0.01,0.05)",false,false,false,false,false
qt_pit_2026h1,ACIW,2026-05,2026-05-07,2026-06-04,V5,81bb221cc0d0a98d,584bc7c6f7a3b6f5,true,up,"[0.05,0.25)",false,true,true,true,false
qt_pit_2026h1,ACLS,2026-02,2026-02-17,2026-06-04,V5,e20cc2776dd73331,dafe45bab046f15f,true,up,"[0.25,1.00)",false,true,true,true,false
qt_pit_2026h1,ACLS,2026-05,2026-05-07,2026-06-04,V5,bd7a3b58768b0bf5,bd7a3b58768b0bf5,false,none,0,false,false,false,false,false
qt_pit_2026h1,ACLX,2026-02,2026-02-27,2026-06-04,V5,4ab8aec4b28acad0,f9bc448a94287105,true,up,"[0.01,0.05)",false,false,false,false,false
qt_pit_2026h1,ACMR,2026-02,2026-02-26,2026-06-04,V5,737a56cee43f32fa,036028d5e340bf75,true,up,"[0.05,0.25)",false,false,false,false,false
qt_pit_2026h1,ACMR,2026-05,2026-05-07,2026-06-04,V5,9f9da59603f85988,9f9da59603f85988,false,none,0,true,true,false,false,false
qt_pit_2026h1,ACT,2026-02,2026-02-04,2026-06-04,V5,04e2a17a10e90cdf,04e2a17a10e90cdf,false,none,0,true,true,false,false,false
qt_pit_2026h1,ACT,2026-05,2026-05-05,2026-06-04,V5,a1e3bfa5fdef1147,0e04c75b306d4d87,true,up,"[0.01,0.05)",false,false,false,false,false
qt_pit_2026h1,ACVA,2026-05,2026-05-07,2026-06-04,V5,e3e4cf1d0326fbe5,e3e4cf1d0326fbe5,false,none,0,true,true,false,false,false
qt_pit_2026h1,ADEA,2026-02,2026-02-23,2026-06-04,V5,15b17910617eef3e,78f3c6f411f31f7d,true,up,"[0.05,0.25)",false,true,true,true,false
qt_pit_2026h1,ADEA,2026-05,2026-05-05,2026-06-04,V5,29a19abccd7faf45,29a19abccd7faf45,false,none,0,false,true,true,false,false
qt_pit_2026h1,ADMA,2026-02,2026-03-02,2026-06-04,V5,eb26ecd148cdbf7d,eb26ecd148cdbf7d,false,none,0,false,false,false,true,true
qt_pit_2026h1,ADMA,2026-05,2026-05-06,2026-06-04,V5,9aa05bed31bdca01,9aa05bed31bdca01,false,none,0,false,false,false,false,false
qt_pit_2026h1,ADNT,2026-02,2026-02-04,2026-06-04,V5,9737154a4a30cf88,9737154a4a30cf88,false,none,0,true,true,false,false,false
qt_pit_2026h1,ADNT,2026-05,2026-05-06,2026-06-04,V5,e98822f83a67cb81,7a9e4f6eabbc33ef,true,up,"[0.05,0.25)",false,true,true,true,false
qt_pit_2026h1,ADPT,2026-02,2026-02-06,2026-06-04,V5,2788e9d762d11751,2788e9d762d11751,false,none,0,true,true,false,false,false
qt_pit_2026h1,ADPT,2026-05,2026-05-06,2026-06-04,V5,14b91fe1faef4717,14b91fe1faef4717,false,none,0,true,true,false,false,false
qt_pit_2026h1,ADSE,2026-05,2026-04-30,2026-06-04,V3,fe2ebd8810b6d60e,f5f3df4d2b1ec16f,true,down,"[0.05,0.25)",false,false,false,false,false
qt_pit_2026h1,ADT,2026-04,2026-04-30,2026-06-04,V5,a17f96d0cd2f8c6a,7a7f4d9b6e9eedcc,true,up,"[0.01,0.05)",false,false,false,true,false
qt_pit_2026h1,ADTN,2026-02,2026-02-26,2026-06-04,V5,9b6bce0dedf9adca,9b6bce0dedf9adca,false,none,0,true,true,false,false,false
qt_pit_2026h1,ADTN,2026-05,2026-05-05,2026-06-04,V5,bd6e319fea8dcf1c,bd6e319fea8dcf1c,false,none,0,true,true,false,false,false
qt_pit_2026h1,ADUS,2026-02,2026-02-23,2026-06-04,V5,df447c42fb9799fd,224d34ce9cddb5bc,true,up,"[0.05,0.25)",false,false,false,true,false
qt_pit_2026h1,ADUS,2026-05,2026-05-05,2026-06-04,V5,6c42b540a2adafe5,6c42b540a2adafe5,false,none,0,false,false,false,false,false
qt_pit_2026h1,ADV,2026-05,2026-05-06,2026-06-04,V5,8e4a1ef62cdec9c3,223a9c77e7e05e29,true,down,"(0,0.01)",false,false,false,false,false
qt_pit_2026h1,AEO,2026-03,2026-03-04,2026-06-04,V5,edf21255fae0a1ea,edf21255fae0a1ea,false,none,0,false,false,false,false,false
qt_pit_2026h1,AEO,2026-05,2026-05-28,2026-06-04,V5,a61a908dbe41bb7f,a61a908dbe41bb7f,false,none,0,true,true,false,false,false
qt_pit_2026h1,AESI,2026-02,2026-02-23,2026-06-04,V5,036ef16aea46af10,097979e5a6bb0ed7,true,down,"[0.01,0.05)",true,false,true,true,false
qt_pit_2026h1,AESI,2026-05,2026-05-05,2026-06-04,V5,766bde6d2574fce6,766bde6d2574fce6,false,none,0,false,false,false,false,false
qt_pit_2026h1,AFYA,2026-05,2026-05-10,2026-06-04,V5,82c83310749b209f,82c83310749b209f,false,none,0,false,false,false,false,true
qt_pit_2026h1,AGCO,2026-02,2026-02-05,2026-06-04,V5,6d39513d99dd5e3e,6d39513d99dd5e3e,false,none,0,true,true,false,false,false
qt_pit_2026h1,AGCO,2026-05,2026-05-05,2026-06-04,V5,d557485e6dbb8b81,d557485e6dbb8b81,false,none,0,true,true,false,false,false
qt_pit_2026h1,AGIO,2026-02,2026-02-13,2026-06-04,V5,880eb8d1dffab517,4c6ec433d9b7b7ba,true,up,"[0.01,0.05)",false,false,false,false,false
qt_pit_2026h1,AGIO,2026-04,2026-04-29,2026-06-04,V5,1bc3f7a14f44d6f1,1bc3f7a14f44d6f1,false,none,0,false,false,false,false,false
qt_pit_2026h1,AGL,2026-02,2026-02-26,2026-06-04,V5,ce587bfbed20f63a,d3a48d4c3cc84c64,true,down,>=1.00,false,false,false,false,false
qt_pit_2026h1,AGL,2026-05,2026-05-07,2026-06-04,V5,f1733afa68971b8e,f1733afa68971b8e,false,none,0,true,true,false,false,false
qt_pit_2026h1,AGX,2026-03,2026-03-27,2026-06-04,V5,3d2a8d5dad7ceec2,ef185a37245f3948,true,down,"[0.05,0.25)",true,true,false,false,false
qt_pit_2026h1,AGYS,2026-05,2026-05-18,2026-06-04,V5,5bd3398bdadf962c,c2b4c82874e8aadc,true,up,"[0.05,0.25)",false,true,true,true,false
qt_pit_2026h1,AHCO,2026-02,2026-02-25,2026-06-04,V5,9d47640765b58b7a,154117902dd8a33e,true,up,>=1.00,false,false,false,false,false
qt_pit_2026h1,AHCO,2026-05,2026-05-05,2026-06-04,V5,1802b40b63bfeae4,6c8ecc4c60f1b99c,true,up,"[0.05,0.25)",false,false,false,false,false
qt_pit_2026h1,AI,2026-02,2026-02-26,2026-06-04,V5,72f778c090231de5,221f345a90a77397,true,up,"[0.25,1.00)",false,false,false,false,false
qt_pit_2026h1,AI,2026-06,2026-06-03,2026-06-04,V5,5e36576259426e5a,5e36576259426e5a,false,none,0,true,true,false,false,false
qt_pit_2026h1,AIN,2026-02,2026-02-25,2026-06-04,V5,4bd50b57a354268d,d23c07e020583161,true,down,"[0.01,0.05)",false,false,false,false,false
qt_pit_2026h1,AIN,2026-04,2026-04-30,2026-06-04,V5,21dda3329f48ed22,21dda3329f48ed22,false,none,0,false,false,false,false,false
qt_pit_2026h1,AIOT,2026-02,2026-02-09,2026-06-04,V5,96b64438d700332b,951f1518e2ddd94f,true,up,"[0.05,0.25)",false,false,false,false,false
qt_pit_2026h1,AIR,2026-03,2026-03-25,2026-06-04,V3,9ad9837d3f3f0740,254253d65784104b,true,down,"[0.25,1.00)",true,true,false,false,false
qt_pit_2026h1,AL,2026-02,2026-02-13,2026-06-04,V5,4aae14ee6cf4285d,6f76af829d1fcf5e,true,down,"[0.05,0.25)",true,true,false,false,false
qt_pit_2026h1,ALG,2026-03,2026-03-03,2026-06-04,V5,da2364b846a4f9f0,da2364b846a4f9f0,false,none,0,false,false,false,false,false
qt_pit_2026h1,ALG,2026-05,2026-05-05,2026-06-04,V5,4a7f40a73848cd7f,24f3e1c0a8958d8b,true,up,"[0.05,0.25)",false,true,true,false,false
qt_pit_2026h1,ALGM,2026-01,2026-02-03,2026-06-04,V5,8ce5ad8cdb4f22e7,8ce5ad8cdb4f22e7,false,none,0,false,false,false,false,true
qt_pit_2026h1,ALGM,2026-05,2026-05-07,2026-06-04,V5,986cfd4af5e6cd39,8f9b9da4cd82fc45,true,up,"[0.25,1.00)",false,false,false,true,false
qt_pit_2026h1,ALGT,2026-02,2026-02-05,2026-06-04,V5,19318e39be93d0f8,6337ea52946ae676,true,up,>=1.00,false,true,true,true,false
qt_pit_2026h1,ALGT,2026-04,2026-04-30,2026-06-04,V5,7e89681a127d2b5c,25c5c84faa123d35,true,up,>=1.00,false,true,true,true,false
qt_pit_2026h1,ALHC,2026-02,2026-02-27,2026-06-04,V5,8cc24f7cf2af23b3,8cc24f7cf2af23b3,false,none,0,true,true,false,false,false
qt_pit_2026h1,ALIT,2026-02,2026-02-19,2026-06-04,V5,784b8619d6a7a1fa,784b8619d6a7a1fa,false,none,0,false,false,false,false,false
qt_pit_2026h1,ALIT,2026-05,2026-05-06,2026-06-04,V5,8e47726c9fe9e112,8e47726c9fe9e112,false,none,0,true,true,false,false,false
qt_pit_2026h1,ALK,2026-04,2026-04-21,2026-06-04,V5,96963ec5ca9e8abc,96963ec5ca9e8abc,false,none,0,false,false,false,false,false
qt_pit_2026h1,ALKS,2026-02,2026-02-25,2026-06-04,V5,d1e1572f5daf4e5f,e1244c026f42e3b9,true,up,"[0.05,0.25)",false,false,false,false,false
qt_pit_2026h1,ALKS,2026-05,2026-05-05,2026-06-04,V5,ec6951b40ca23fe3,ec6951b40ca23fe3,false,none,0,true,true,false,false,false
qt_pit_2026h1,ALKT,2026-02,2026-02-26,2026-06-04,V5,53effecb1b981958,4d5a4776758f0a63,true,up,"[0.05,0.25)",false,false,false,false,false
qt_pit_2026h1,ALKT,2026-04,2026-04-29,2026-06-04,V5,d9c690dd3f1dae43,b185407a2c845209,true,up,"[0.05,0.25)",false,false,false,false,false
qt_pit_2026h1,ALRM,2026-02,2026-02-23,2026-06-04,V5,96df5dd82e2dece8,96df5dd82e2dece8,false,none,0,false,false,false,false,true
qt_pit_2026h1,ALRM,2026-05,2026-05-08,2026-06-04,V5,7f3ffaf0ab7155d5,e37a6e4037e5fc24,true,up,"[0.05,0.25)",false,false,false,true,false
qt_pit_2026h1,ALSN,2026-02,2026-02-24,2026-06-04,V5,848124a0a09592f7,4e614543f2b6c5be,true,down,"[0.25,1.00)",false,false,false,true,false
qt_pit_2026h1,ALV,2026-01,2026-02-03,2026-06-04,V5,aa40653b7fb7e95e,aa40653b7fb7e95e,false,none,0,true,true,false,false,true
qt_pit_2026h1,ALV,2026-04,2026-04-17,2026-06-04,V5,a692feb19531b612,a692feb19531b612,false,none,0,true,true,false,false,false
qt_pit_2026h1,ALVO,2026-05,2026-05-07,2026-06-04,V5,403f25efa5e9bf7a,403f25efa5e9bf7a,false,none,0,false,false,false,false,false
qt_pit_2026h1,AM,2026-02,2026-02-11,2026-06-04,V5,f6bc96699e8cfdc9,f6bc96699e8cfdc9,false,none,0,false,false,false,false,false
qt_pit_2026h1,AMAL,2026-04,2026-04-23,2026-06-04,V5,b042cf14efac4b87,b042cf14efac4b87,false,none,0,false,false,false,false,false
qt_pit_2026h1,AMBA,2026-02,2026-02-27,2026-06-04,V5,bd2f49ca558d99a3,3bbaf3f9b8f1637d,true,up,"[0.25,1.00)",false,true,true,true,false
qt_pit_2026h1,AMC,2026-02,2026-02-25,2026-06-04,V5,293ea44c84135911,293ea44c84135911,false,none,0,true,true,false,false,true
qt_pit_2026h1,AMC,2026-05,2026-05-06,2026-06-04,V5,fc75490ad9c043e7,560a1ef8334ed62d,true,down,"[0.05,0.25)",true,false,true,true,false
qt_pit_2026h1,AMN,2026-02,2026-02-20,2026-06-04,V5,8b93fc4ddd5199dc,8b93fc4ddd5199dc,false,none,0,false,false,false,false,false
qt_pit_2026h1,AMN,2026-05,2026-05-08,2026-06-04,V5,04b974e598111e6f,04b974e598111e6f,false,none,0,true,true,false,false,false
qt_pit_2026h1,AMPH,2026-02,2026-02-27,2026-06-04,V5,d402657ffa9febb8,f7cb93c4dd647728,true,up,"[0.05,0.25)",false,false,false,false,false
qt_pit_2026h1,AMPH,2026-05,2026-05-08,2026-06-04,V5,972ac9f5fae85bae,7e0c2137faa1e582,true,up,"[0.25,1.00)",false,false,false,false,false
qt_pit_2026h1,AMPL,2026-02,2026-02-19,2026-06-04,V5,c5f1796f1883ef89,6db6903b4c9e0a69,true,up,"[0.05,0.25)",false,false,false,false,false
qt_pit_2026h1,AMR,2026-05,2026-05-10,2026-06-04,V5,beaa0f2d6ebe0aa6,beaa0f2d6ebe0aa6,false,none,0,false,false,false,false,true
qt_pit_2026h1,AMRC,2026-03,2026-03-03,2026-06-04,V5,c43a1cef31ba52e9,bddb413230ed53e7,true,up,"[0.05,0.25)",false,true,true,false,false
qt_pit_2026h1,AMRC,2026-05,2026-05-05,2026-06-04,V5,9d9cb4c21eb53635,9d9cb4c21eb53635,false,none,0,false,false,false,false,false
qt_pit_2026h1,AMRK,2026-02,2026-02-06,2026-06-04,V5,7c3d855bfe213303,225b55b8c2f4dd27,true,down,"(0,0.01)",false,,false,,false
qt_pit_2026h1,AMRX,2026-02,2026-02-27,2026-06-04,V5,6322219f372075ea,a16b92695ba12a3f,true,up,"[0.05,0.25)",false,true,true,true,false
qt_pit_2026h1,AMRX,2026-05,2026-05-01,2026-06-04,V5,444637763739afd0,444637763739afd0,false,none,0,true,true,false,false,false
qt_pit_2026h1,AMRX,2026-05,2026-05-10,2026-06-04,V5,444637763739afd0,444637763739afd0,false,none,0,true,true,false,false,true
qt_pit_2026h1,AMSC,2026-02,2026-02-05,2026-06-04,V5,0e999c3842aa4324,0e999c3842aa4324,false,none,0,true,true,false,false,false
qt_pit_2026h1,AMSC,2026-05,2026-05-27,2026-06-04,V5,b0e2e1468b0f20ab,24be061a97d024a3,true,down,"[0.01,0.05)",true,true,false,false,false
qt_pit_2026h1,AMTM,2026-02,2026-02-11,2026-06-04,V5,a96a8ce85f96776f,a96a8ce85f96776f,false,none,0,false,false,false,false,true
qt_pit_2026h1,AMTM,2026-05,2026-05-12,2026-06-04,V5,361e7822fbc41bcc,361e7822fbc41bcc,false,none,0,false,false,false,false,false
qt_pit_2026h1,AMWD,2026-02,2026-02-27,2026-06-04,V5,582a8c8bd835e400,d2b012861008edd4,true,up,>=1.00,false,true,true,true,false
qt_pit_2026h1,AN,2026-02,2026-02-06,2026-06-04,V5,a71c640014aacf81,9779e2d8e1b2fd9e,true,up,"[0.25,1.00)",false,false,false,true,false
qt_pit_2026h1,AN,2026-05,2026-05-01,2026-06-04,V5,c50f9f35f532113a,c50f9f35f532113a,false,none,0,false,false,false,false,false
qt_pit_2026h1,ANDE,2026-02,2026-02-19,2026-06-04,V5,d6cc420c7c328f39,c1a6a863e6851e12,true,down,"[0.05,0.25)",true,true,false,false,true
qt_pit_2026h1,ANDE,2026-05,2026-05-05,2026-06-04,V5,3d13636203ca9afb,295cdfd58ace9c8a,true,up,"[0.05,0.25)",true,true,false,false,false
qt_pit_2026h1,ANF,2026-03,2026-03-04,2026-06-04,V5,75c63a4c6c594dfd,75c63a4c6c594dfd,false,none,0,false,false,false,false,false
qt_pit_2026h1,ANF,2026-05,2026-05-27,2026-06-04,V5,6b0cf685ff8b6ffd,6b0cf685ff8b6ffd,false,none,0,true,true,false,false,false
qt_pit_2026h1,ANIP,2026-02,2026-02-27,2026-06-04,V5,77643185a7dc969e,3e9dc81f234cd48b,true,up,"[0.25,1.00)",false,true,true,true,false
qt_pit_2026h1,ANIP,2026-05,2026-05-08,2026-06-04,V5,b5b4995e76a47186,b5b4995e76a47186,false,none,0,true,true,false,false,false
qt_pit_2026h1,AORT,2026-02,2026-02-13,2026-06-04,V5,95e3b6cbd1fa5251,95e3b6cbd1fa5251,false,none,0,true,true,false,false,false
qt_pit_2026h1,AORT,2026-05,2026-05-08,2026-06-04,V5,ce6fc2f2c195ecab,4015973466897b4f,true,up,"[0.05,0.25)",false,true,true,true,false
qt_pit_2026h1,AOS,2026-04,2026-04-30,2026-06-04,V5,4149e8837f0d6604,4149e8837f0d6604,false,none,0,false,false,false,false,false
qt_pit_2026h1,AOSL,2026-02,2026-02-06,2026-06-04,V5,1ff96121e4f87280,1ff96121e4f87280,false,none,0,false,false,false,false,false
qt_pit_2026h1,AOSL,2026-05,2026-05-06,2026-06-04,V5,16fc01b9c5c28661,f90173f5291d4063,true,up,"[0.05,0.25)",false,true,true,true,false
qt_pit_2026h1,APA,2026-02,2026-02-26,2026-06-04,V5,62acf8016b81bd5e,41efbf98e9f65983,true,up,"[0.05,0.25)",true,true,false,false,false
qt_pit_2026h1,APGE,2026-03,2026-03-03,2026-06-04,V5,6fd02dd5a3e9d57b,6fd02dd5a3e9d57b,false,none,0,false,false,false,false,false
qt_pit_2026h1,APGE,2026-05,2026-05-10,2026-06-04,V5,6b4ab2c8c27158ac,6b4ab2c8c27158ac,false,none,0,false,false,false,false,false
qt_pit_2026h1,APLD,2026-04,2026-04-08,2026-06-04,V5,9662d5a6648aac56,052114b8c501d7c4,true,up,"[0.01,0.05)",false,false,false,false,false
qt_pit_2026h1,APLE,2026-02,2026-02-23,2026-06-04,V5,1dbad551bb19bb3b,9eae603917a94912,true,up,"[0.05,0.25)",false,true,true,true,false
qt_pit_2026h1,APLE,2026-05,2026-05-05,2026-06-04,V5,1dbad551bb19bb3b,3f4b4c98ff071910,true,up,"[0.05,0.25)",false,true,true,false,false
qt_pit_2026h1,APLS,2026-05,2026-05-08,2026-06-04,V5,c9543358ffc9e6db,c9543358ffc9e6db,false,none,0,true,true,false,false,false
qt_pit_2026h1,APOG,2026-04,2026-04-24,2026-06-04,V5,613f3e8996003a10,7c935da2f737f6ef,true,up,"[0.05,0.25)",false,false,false,true,false
qt_pit_2026h1,APPF,2026-01,2026-02-03,2026-06-04,V5,5955942100cd6233,5955942100cd6233,false,none,0,true,true,false,false,true
qt_pit_2026h1,APPF,2026-04,2026-04-23,2026-06-04,V5,3f72ff29e1a784b4,aa0683049e98e810,true,up,"[0.25,1.00)",false,true,true,true,false
qt_pit_2026h1,APPN,2026-02,2026-02-23,2026-06-04,V5,9c8db093f7951e36,9c8db093f7951e36,false,none,0,true,true,false,false,true
qt_pit_2026h1,APPN,2026-05,2026-05-07,2026-06-04,V5,955760f77c0a8020,955760f77c0a8020,false,none,0,true,true,false,false,false
qt_pit_2026h1,AQN,2026-03,2026-03-06,2026-06-04,V5,c6bd9ec8621d1b1e,c6bd9ec8621d1b1e,false,none,0,true,true,false,false,false
qt_pit_2026h1,AQN,2026-05,2026-05-10,2026-06-04,V5,ab8214e7c79d8b93,ab8214e7c79d8b93,false,none,0,true,true,false,false,true
qt_pit_2026h1,ARCB,2026-01,2026-02-03,2026-06-04,V5,815cc143e8a359a6,815cc143e8a359a6,false,none,0,false,false,false,false,true
qt_pit_2026h1,ARCB,2026-04,2026-04-28,2026-06-04,V5,8383735053add64d,8383735053add64d,false,none,0,true,true,false,false,false
qt_pit_2026h1,ARCO,2026-03,2026-03-19,2026-06-04,V5,f9485e97672f81b6,ce3551f45e1bfc79,true,down,"[0.05,0.25)",false,false,false,false,false
qt_pit_2026h1,ARCO,2026-05,2026-05-20,2026-06-04,V5,e5270a648fac6ded,e5270a648fac6ded,false,none,0,true,true,false,false,false
qt_pit_2026h1,ARDT,2026-03,2026-03-05,2026-06-04,V5,305cc811ea0f0c7f,305cc811ea0f0c7f,false,none,0,false,false,false,false,false
qt_pit_2026h1,ARDT,2026-05,2026-05-06,2026-06-04,V5,c9675bf9c6e61f4d,c9675bf9c6e61f4d,false,none,0,true,true,false,false,false
qt_pit_2026h1,ARDX,2026-02,2026-02-23,2026-06-04,V5,b45edab6f8c6d754,448b2929f34be85e,true,up,"[0.01,0.05)",false,false,false,false,true
qt_pit_2026h1,ARDX,2026-04,2026-04-30,2026-06-04,V5,893767a1ec2dfa4d,893767a1ec2dfa4d,false,none,0,false,false,false,false,false
qt_pit_2026h1,ARIS,2026-05,2026-05-07,2026-06-04,V5,31e4fe7c804987dd,31e4fe7c804987dd,false,none,0,false,false,false,false,false
qt_pit_2026h1,ARKO,2026-05,2026-05-07,2026-06-04,V5,6fbecd1be44f5237,6fbecd1be44f5237,false,none,0,true,true,false,false,false
qt_pit_2026h1,ARLO,2026-02,2026-02-27,2026-06-04,V5,e97d01d39f1e3594,e4ab1a998f2ca7b2,true,up,"[0.05,0.25)",false,true,true,true,false
qt_pit_2026h1,ARLO,2026-05,2026-05-08,2026-06-04,V5,c205975562c26dca,c205975562c26dca,false,none,0,true,true,false,false,false
qt_pit_2026h1,ARLP,2026-02,2026-02-03,2026-06-04,V5,cf43be102756fafe,9280492f247d0d28,true,up,"[0.05,0.25)",false,true,true,false,false
qt_pit_2026h1,ARLP,2026-04,2026-04-27,2026-06-04,V5,b201aad07401e340,5daa648b0c4270b8,true,up,"[0.25,1.00)",false,true,true,true,false
qt_pit_2026h1,AROC,2026-02,2026-02-25,2026-06-04,V5,198f3ee3933000d9,6da93b8dc8bdecba,true,up,"[0.01,0.05)",true,true,false,false,false
qt_pit_2026h1,AROC,2026-05,2026-05-06,2026-06-04,V5,f93f97d81170e723,f93f97d81170e723,false,none,0,false,false,false,false,false
qt_pit_2026h1,ARQT,2026-02,2026-02-26,2026-06-04,V5,31d9de50fcb7ca14,31d9de50fcb7ca14,false,none,0,true,true,false,false,false
qt_pit_2026h1,ARQT,2026-05,2026-05-06,2026-06-04,V5,b1ae331eb8d72b51,b1ae331eb8d72b51,false,none,0,false,false,false,false,false
qt_pit_2026h1,ARRY,2026-05,2026-05-07,2026-06-04,V5,1cff3d22c142f53a,1cff3d22c142f53a,false,none,0,true,true,false,false,false
qt_pit_2026h1,ARVN,2026-02,2026-02-24,2026-06-04,V5,785a29758a77565b,f9c582262fc823d0,true,down,"[0.05,0.25)",false,false,false,false,false
qt_pit_2026h1,ARVN,2026-05,2026-05-12,2026-06-04,V5,86a7e9c17d6969d4,86a7e9c17d6969d4,false,none,0,false,false,false,false,false
qt_pit_2026h1,ARW,2026-02,2026-02-06,2026-06-04,V5,a6d2a72899b62ac9,a6d2a72899b62ac9,false,none,0,true,true,false,false,false
qt_pit_2026h1,ARW,2026-05,2026-05-07,2026-06-04,V5,404177e938657d5f,f0fcad7225739a22,true,up,"[0.25,1.00)",true,true,false,false,false
qt_pit_2026h1,ARWR,2026-02,2026-02-06,2026-06-04,V5,0b7d8c67b04b6559,0b7d8c67b04b6559,false,none,0,false,false,false,false,false
qt_pit_2026h1,ASAN,2026-03,2026-03-03,2026-06-04,V5,692316f670e488f9,692316f670e488f9,false,none,0,true,true,false,false,false
qt_pit_2026h1,ASAN,2026-05,2026-05-28,2026-06-04,V5,25dd2dc05e037b1b,25dd2dc05e037b1b,false,none,0,true,true,false,false,false
qt_pit_2026h1,ASGN,2026-02,2026-02-05,2026-06-04,V5,19d498ff432e49b7,19d498ff432e49b7,false,none,0,false,false,false,false,false
qt_pit_2026h1,ASGN,2026-04,2026-04-23,2026-06-04,V5,0c484f34e67e249b,0c484f34e67e249b,false,none,0,false,false,false,false,false
qt_pit_2026h1,ASH,2026-02,2026-02-03,2026-06-04,V5,8719dc40c76b366e,8719dc40c76b366e,false,none,0,true,true,false,false,false
qt_pit_2026h1,ASH,2026-04,2026-04-29,2026-06-04,V5,5df1a9059519a1f9,5df1a9059519a1f9,false,none,0,false,false,false,false,false
qt_pit_2026h1,ASIX,2026-02,2026-02-20,2026-06-04,V5,43a9688c583687d9,72cc6ccc99215c3c,true,up,"[0.05,0.25)",true,true,false,false,false
qt_pit_2026h1,ASIX,2026-05,2026-05-08,2026-06-04,V5,d7f31a3e82ea2bd7,d7f31a3e82ea2bd7,false,none,0,false,false,false,false,false
qt_pit_2026h1,ASO,2026-03,2026-03-17,2026-06-04,V5,6bf69f9e024236e4,a7c43ac1ada65967,true,down,"[0.01,0.05)",false,false,false,false,false
qt_pit_2026h1,ASPN,2026-02,2026-02-25,2026-06-04,V5,44481b452fbfda06,33e5e8046b1ff63f,true,up,"[0.25,1.00)",false,false,false,false,false
qt_pit_2026h1,ASPN,2026-05,2026-05-07,2026-06-04,V5,b76b302859202f89,3f8be8e6e533d7e5,true,up,"[0.01,0.05)",false,false,false,false,false
qt_pit_2026h1,ASTE,2026-02,2026-02-25,2026-06-04,V5,53b6fb66cb2f22c9,b93c6e35cef771f0,true,up,"[0.25,1.00)",false,true,true,true,false
qt_pit_2026h1,ASTE,2026-05,2026-05-06,2026-06-04,V5,8646dbc7b7869149,2bdadb2ce669025a,true,up,"[0.25,1.00)",false,false,false,false,false
qt_pit_2026h1,ASTH,2026-03,2026-03-03,2026-06-04,V5,c48fd70cef217e57,14cf8d1d631640de,true,up,"[0.25,1.00)",false,true,true,true,false
qt_pit_2026h1,ASTH,2026-05,2026-05-08,2026-06-04,V5,a1663d4d2f67fe57,829ab542759b21bc,true,up,"[0.25,1.00)",false,true,true,true,false
qt_pit_2026h1,ASTL,2026-05,2026-05-13,2026-06-04,V5,a8f5aadf82970748,a8f5aadf82970748,false,none,0,false,false,false,false,false
qt_pit_2026h1,ATAT,2026-05,2026-05-13,2026-06-04,V5,699ce0bc70c0f723,98fe7439c076719f,true,up,"[0.25,1.00)",false,true,true,true,false
qt_pit_2026h1,ATEC,2026-02,2026-02-25,2026-06-04,V5,d8dc7672233e01a2,5e1aee0405e39046,true,up,"[0.05,0.25)",false,true,true,true,false
qt_pit_2026h1,ATEN,2026-02,2026-02-05,2026-06-04,V5,9c6dc6bd470d1057,9c6dc6bd470d1057,false,none,0,false,false,false,true,false
qt_pit_2026h1,ATEN,2026-04,2026-04-28,2026-06-04,V5,d35365d16887482a,55f2f47731827990,true,up,"[0.05,0.25)",false,false,false,true,false
qt_pit_2026h1,ATKR,2026-02,2026-02-04,2026-06-04,V5,620fe7d3e59d9d42,5b9681a9a42590d4,true,up,"[0.25,1.00)",false,true,true,true,false
qt_pit_2026h1,ATKR,2026-05,2026-05-05,2026-06-04,V5,e0f96daa6354e4c6,e5bc151341f53603,true,up,>=1.00,false,true,true,true,false
qt_pit_2026h1,ATMU,2026-02,2026-02-13,2026-06-04,V5,801553a47151e90a,8725cc923d50af15,true,up,"[0.05,0.25)",false,true,true,false,false
qt_pit_2026h1,ATMU,2026-05,2026-05-01,2026-06-04,V5,55a37dfbaf029a00,55a37dfbaf029a00,false,none,0,false,false,false,false,false
qt_pit_2026h1,ATRC,2026-02,2026-02-17,2026-06-04,V5,9693957753ffac19,f3df510a62db211f,true,up,"[0.01,0.05)",true,true,false,false,false
qt_pit_2026h1,ATRC,2026-05,2026-05-06,2026-06-04,V5,594261ac1bbc4086,ba0a4b10de448b86,true,up,"(0,0.01)",true,true,false,false,false
qt_pit_2026h1,ATS,2026-02,2026-02-04,2026-06-04,V5,a90c46726daa8f6d,1a3da84ca7616f6d,true,down,"[0.01,0.05)",true,true,false,false,false
qt_pit_2026h1,ATS,2026-05,2026-05-28,2026-06-04,V5,3f2b8a1c22b09061,3f2b8a1c22b09061,false,none,0,false,false,false,false,false
qt_pit_2026h1,ATUS,2026-02,2026-02-15,2026-06-04,V5,53ad8e6f3c1171fc,0cc122a97db37654,true,down,"(0,0.01)",false,false,false,false,true
qt_pit_2026h1,AUPH,2026-02,2026-02-27,2026-06-04,V5,276f49469da146b7,b06f69815e686a12,true,down,>=1.00,true,true,false,false,false
qt_pit_2026h1,AUPH,2026-05,2026-05-10,2026-06-04,V5,cacf73cc9a9e6139,cacf73cc9a9e6139,false,none,0,true,true,false,false,true
qt_pit_2026h1,AUR,2026-02,2026-02-11,2026-06-04,V5,7a2ee64d23f19f4c,d023e80dcc8385e9,true,down,"[0.01,0.05)",false,false,false,true,false
qt_pit_2026h1,AVA,2026-02,2026-02-26,2026-06-04,V5,4f84b861c4317116,4f84b861c4317116,false,none,0,false,false,false,false,false
qt_pit_2026h1,AVA,2026-05,2026-05-05,2026-06-04,V5,cb3c1a104cfadf3e,8c85c5dd41ae00da,true,down,"[0.01,0.05)",false,false,false,false,false
qt_pit_2026h1,AVAH,2026-05,2026-05-14,2026-06-04,V5,59ebdc218376a769,cb41ccfa1ab5c558,true,down,"[0.01,0.05)",true,true,false,false,false
qt_pit_2026h1,AVBP,2026-03,2026-03-06,2026-06-04,V5,6a30927354330790,6a30927354330790,false,none,0,true,true,false,false,false
qt_pit_2026h1,AVBP,2026-05,2026-05-12,2026-06-04,V5,6bd0f49b4d3fb71a,6bd0f49b4d3fb71a,false,none,0,false,false,false,false,false
qt_pit_2026h1,AVNS,2026-02,2026-02-25,2026-06-04,V5,e0f50154e66469ce,66c8c4ac349e5596,true,up,"[0.05,0.25)",false,true,true,true,false
qt_pit_2026h1,AVNS,2026-05,2026-05-05,2026-06-04,V3,d766430bf3f7d337,d766430bf3f7d337,false,none,0,true,true,false,false,false
qt_pit_2026h1,AVNT,2026-02,2026-02-13,2026-06-04,V5,8c25c20c4e6f5e29,6c39fa24be784e83,true,up,"[0.25,1.00)",false,false,false,true,false
qt_pit_2026h1,AVNT,2026-05,2026-05-07,2026-06-04,V5,782814c95f0efcce,782814c95f0efcce,false,none,0,false,false,false,false,false
qt_pit_2026h1,AVO,2026-03,2026-03-12,2026-06-04,V5,64bf7b4c1840875f,1ee6d789913e9c3e,true,up,"[0.05,0.25)",false,true,true,true,false
qt_pit_2026h1,AVPT,2026-02,2026-02-27,2026-06-04,V5,c383f9492e827147,ed47af78458a63a1,true,up,"[0.01,0.05)",false,true,true,true,false
qt_pit_2026h1,AVPT,2026-05,2026-05-08,2026-06-04,V5,c383f9492e827147,ed47af78458a63a1,true,up,"[0.01,0.05)",false,true,true,true,false
qt_pit_2026h1,AVT,2026-04,2026-04-29,2026-06-04,V5,a904c10ebb57a93c,a904c10ebb57a93c,false,none,0,true,true,false,false,false
qt_pit_2026h1,AVXL,2026-02,2026-02-09,2026-06-04,V5,f98052937e73016b,f98052937e73016b,false,none,0,true,true,false,false,false
qt_pit_2026h1,AWI,2026-02,2026-02-24,2026-06-04,V5,6f0c2e7740315392,cd9c0bbce5ea9f0b,true,up,"[0.05,0.25)",false,false,false,false,false
qt_pit_2026h1,AWI,2026-04,2026-04-28,2026-06-04,V5,9db16248e62c4052,e83c0f10ecb204eb,true,up,"[0.05,0.25)",false,false,false,false,false
qt_pit_2026h1,AWR,2026-02,2026-02-19,2026-06-04,V5,850fb21367628f93,850fb21367628f93,false,none,0,false,false,false,false,false
qt_pit_2026h1,AWR,2026-05,2026-05-07,2026-06-04,V5,57fac67eed01988f,57fac67eed01988f,false,none,0,false,false,false,false,false
qt_pit_2026h1,AXGN,2026-02,2026-02-24,2026-06-04,V5,07fa33c89df810b8,a5bae243e00b10ca,true,up,"[0.25,1.00)",false,false,false,false,false
qt_pit_2026h1,AXGN,2026-04,2026-04-28,2026-06-04,V5,a5bae243e00b10ca,a5bae243e00b10ca,false,none,0,false,false,false,false,false
qt_pit_2026h1,AXSM,2026-02,2026-02-23,2026-06-04,V5,693607537c0c1a4d,58c5b6133a59e672,true,down,"[0.05,0.25)",true,false,true,true,false
qt_pit_2026h1,AXTA,2026-02,2026-02-10,2026-06-04,V5,ef44d29a0b5451c2,ef44d29a0b5451c2,false,none,0,false,false,false,false,false
qt_pit_2026h1,AXTA,2026-04,2026-04-30,2026-06-04,V5,1a4d65fac126f9a2,9630aa112b4e185a,true,up,"[0.05,0.25)",false,true,true,true,false
qt_pit_2026h1,AYI,2026-04,2026-04-01,2026-06-04,V5,70099d7eb6784347,97f8717e048d0f36,true,up,"[0.25,1.00)",false,false,false,true,false
qt_pit_2026h1,AZTA,2026-02,2026-02-04,2026-06-04,V5,ce5a57ec54959a8a,ce5a57ec54959a8a,false,none,0,false,false,false,false,false
qt_pit_2026h1,AZTA,2026-05,2026-05-06,2026-06-04,V5,6aaca2cf996b7c45,6aaca2cf996b7c45,false,none,0,false,false,false,false,false
qt_pit_2026h1,AZZ,2026-04,2026-04-23,2026-06-04,V5,baddee15e562546b,baddee15e562546b,false,none,0,true,true,false,false,false
qt_pit_2026h1,BALY,2026-03,2026-03-18,2026-06-04,V5,ddba2c6c09ff9539,3c52c8430887591a,true,up,"(0,0.01)",true,true,false,false,true
qt_pit_2026h1,BALY,2026-05,2026-05-18,2026-06-04,V5,ad133a4bd2fb70d6,8f2093078b4929a0,true,down,>=1.00,false,false,false,true,false
qt_pit_2026h1,BATRK,2026-05,2026-05-10,2026-06-04,V5,f631b739264c1c1b,f631b739264c1c1b,false,none,0,true,true,false,false,false
qt_pit_2026h1,BB,2026-04,2026-04-09,2026-06-04,V5,671fb443c93693d2,d6beb4b3d958bb5e,true,up,"[0.01,0.05)",false,true,true,true,false
qt_pit_2026h1,BBAI,2026-03,2026-03-03,2026-06-04,V5,b890fba1b8d8f8a9,47a5cc87d07080b9,true,down,"[0.01,0.05)",true,true,false,false,false
qt_pit_2026h1,BBAI,2026-05,2026-05-06,2026-06-04,V5,a2d9382b03985b0b,33de1a7dbc61afb5,true,up,"[0.01,0.05)",false,false,false,false,false
qt_pit_2026h1,BBSI,2026-02,2026-02-26,2026-06-04,V5,de69d00146b126a3,de69d00146b126a3,false,none,0,false,false,false,false,false
qt_pit_2026h1,BBSI,2026-05,2026-05-07,2026-06-04,V5,d3e2244295c28360,1beefdb86b9a1b67,true,up,"[0.25,1.00)",false,true,true,true,false
qt_pit_2026h1,BBUC,2026-05,2026-05-10,2026-06-04,V5,27dc9250ea586496,27dc9250ea586496,false,none,0,false,false,false,false,true
qt_pit_2026h1,BBW,2026-03,2026-03-12,2026-06-04,V5,08eed0c136d68919,b827354c5dd4c015,true,up,"[0.01,0.05)",false,false,false,false,false
qt_pit_2026h1,BBW,2026-05,2026-05-28,2026-06-04,V5,33a0f0eb45741438,b65827710e5c2760,true,down,"[0.25,1.00)",true,true,false,false,false
qt_pit_2026h1,BBWI,2026-03,2026-03-04,2026-06-04,V5,fdc7a049f7abcc65,fdc7a049f7abcc65,false,none,0,true,true,false,false,false
qt_pit_2026h1,BBWI,2026-05,2026-05-27,2026-06-04,V5,27ac963713cd68c5,9c080cead752d1f6,true,down,"[0.25,1.00)",true,true,false,false,false
qt_pit_2026h1,BC,2026-01,2026-02-03,2026-06-04,V5,1f222c7d6964ada9,1f222c7d6964ada9,false,none,0,false,false,false,false,true
qt_pit_2026h1,BC,2026-04,2026-04-30,2026-06-04,V5,542e057791d632c7,542e057791d632c7,false,none,0,true,true,false,false,false
qt_pit_2026h1,BCAX,2026-05,2026-05-10,2026-06-04,V5,f14251a287d14633,f14251a287d14633,false,none,0,false,false,false,false,false
qt_pit_2026h1,BCC,2026-02,2026-02-23,2026-06-04,V5,7fe1815cbc2a4af1,e351526f36e4ad58,true,down,"[0.05,0.25)",true,true,false,false,false
qt_pit_2026h1,BCC,2026-05,2026-05-05,2026-06-04,V5,ec3a810657efd0c4,ec3a810657efd0c4,false,none,0,true,true,false,false,false
qt_pit_2026h1,BCO,2026-02,2026-02-27,2026-06-04,V5,dd08365e066be743,dd08365e066be743,false,none,0,false,false,false,false,false
qt_pit_2026h1,BCO,2026-05,2026-05-06,2026-06-04,V5,bac924065591fc4c,bac924065591fc4c,false,none,0,true,true,false,false,false
qt_pit_2026h1,BCPC,2026-02,2026-02-20,2026-06-04,V5,8281893909eb063b,48ddfd27ac1ff144,true,up,"[0.05,0.25)",false,false,false,true,false
qt_pit_2026h1,BCPC,2026-04,2026-04-30,2026-06-04,V5,07f3ea204e1d876e,3ee64028706561c2,true,down,"[0.05,0.25)",false,false,false,false,false
qt_pit_2026h1,BCRX,2026-02,2026-02-26,2026-06-04,V5,bab25f1089c008b1,bab25f1089c008b1,false,none,0,true,true,false,false,false
qt_pit_2026h1,BCRX,2026-05,2026-05-06,2026-06-04,V5,ba194b7968e84b5a,3d9a485b1f228bd6,true,up,>=1.00,false,false,false,false,false
qt_pit_2026h1,BDC,2026-02,2026-02-13,2026-06-04,V5,6430a9f4002f0d2c,6430a9f4002f0d2c,false,none,0,false,false,false,false,false
qt_pit_2026h1,BDC,2026-04,2026-04-30,2026-06-04,V5,4f3dd28e60a73ccf,994b4c278bf41740,true,up,"[0.25,1.00)",false,false,false,true,false
qt_pit_2026h1,BEAM,2026-02,2026-02-24,2026-06-04,V5,70203d5c5cca7c61,a02d448649596f5b,true,down,>=1.00,true,true,false,false,false
qt_pit_2026h1,BEAM,2026-05,2026-05-07,2026-06-04,V5,ad09ca6f22f90d14,ad09ca6f22f90d14,false,none,0,true,false,true,true,false
qt_pit_2026h1,BELFB,2026-02,2026-02-17,2026-06-04,V5,054649b612e9e3ba,eb5de29a187f288e,true,up,>=1.00,false,true,true,true,false
qt_pit_2026h1,BELFB,2026-04,2026-04-29,2026-06-04,V5,7c7b1c88ccc649e3,048e3c3a03b627ed,true,up,"[0.25,1.00)",false,true,true,true,false
qt_pit_2026h1,BEP,2026-01,2026-02-03,2026-06-04,V5,de444b98ebb2ddab,de444b98ebb2ddab,false,none,0,true,true,false,false,true
qt_pit_2026h1,BEP,2026-05,2026-05-04,2026-06-04,V5,a16bfe727eb4e6be,a16bfe727eb4e6be,false,none,0,false,false,false,false,true
qt_pit_2026h1,BEPC,2026-05,2026-05-01,2026-06-04,V5,de1fd0a25074f06c,f0e3a020ad83716f,true,down,"(0,0.01)",false,false,false,false,false
qt_pit_2026h1,BFAM,2026-02,2026-02-13,2026-06-04,V5,0f1078f4920a4c53,0f1078f4920a4c53,false,none,0,false,false,false,false,false
qt_pit_2026h1,BFAM,2026-05,2026-05-06,2026-06-04,V5,9134b2e657722457,9134b2e657722457,false,none,0,false,false,false,false,false
qt_pit_2026h1,BFC,2026-04,2026-04-18,2026-06-04,V5,83092f71666716b9,83092f71666716b9,false,none,0,false,false,false,false,true
qt_pit_2026h1,BFH,2026-01,2026-02-03,2026-06-04,V5,a6ceb9d2e9bd6a1f,a6ceb9d2e9bd6a1f,false,none,0,true,true,false,false,true
qt_pit_2026h1,BFH,2026-04,2026-04-23,2026-06-04,V5,7d6ff335fcceb7fc,7d6ff335fcceb7fc,false,none,0,true,true,false,false,false
qt_pit_2026h1,BFST,2026-04,2026-04-27,2026-06-04,V5,89cffeadc562ab03,89cffeadc562ab03,false,none,0,false,false,false,false,false
qt_pit_2026h1,BGC,2026-02,2026-02-13,2026-06-04,V5,4fb51679c5ed0141,4fb51679c5ed0141,false,none,0,false,false,false,false,false
qt_pit_2026h1,BGC,2026-05,2026-05-07,2026-06-04,V5,4aa18c1755cd45f2,4aa18c1755cd45f2,false,none,0,false,false,false,false,false
qt_pit_2026h1,BHC,2026-02,2026-02-19,2026-06-04,V5,5540a4d0e0f24421,ab8c27cd8a8c5c15,true,up,"[0.01,0.05)",false,false,false,false,false
qt_pit_2026h1,BHC,2026-04,2026-04-30,2026-06-04,V5,3a0e2c4a915a4a9d,be6f261b2a5c0536,true,up,"[0.01,0.05)",false,false,false,false,false
qt_pit_2026h1,BHE,2026-02,2026-02-04,2026-06-04,V5,779a826ba369a742,779a826ba369a742,false,none,0,true,true,false,false,false
qt_pit_2026h1,BHE,2026-04,2026-04-29,2026-06-04,V5,cdf9b123c2059d58,b158c3c3a888e401,true,up,"[0.05,0.25)",false,false,false,true,false
qt_pit_2026h1,BHF,2026-02,2026-02-23,2026-06-04,V5,8a3ef6095e95fcdc,8a3ef6095e95fcdc,false,none,0,false,false,false,false,false
qt_pit_2026h1,BHF,2026-05,2026-05-07,2026-06-04,V5,296851515ac89280,296851515ac89280,false,none,0,false,false,false,false,false
qt_pit_2026h1,BHRB,2026-04,2026-04-24,2026-06-04,V5,09673dbffd52d517,09673dbffd52d517,false,none,0,false,false,false,false,false
qt_pit_2026h1,BHVN,2026-03,2026-03-03,2026-06-04,V5,6d6dd730ca736b51,6d6dd730ca736b51,false,none,0,false,false,false,false,false
qt_pit_2026h1,BHVN,2026-05,2026-05-06,2026-06-04,V5,19d9917d37d4d219,19d9917d37d4d219,false,none,0,false,false,false,false,true
qt_pit_2026h1,BILI,2026-05,2026-05-19,2026-06-04,V5,9fefa526a00ec9df,9fefa526a00ec9df,false,none,0,true,true,false,false,false
qt_pit_2026h1,BILL,2026-02,2026-02-06,2026-06-04,V5,3a2d5799435532f1,3a2d5799435532f1,false,none,0,true,true,false,false,false
qt_pit_2026h1,BILL,2026-05,2026-05-08,2026-06-04,V5,8b9e65446d611baf,48aa1a8a4d036cdd,true,up,"[0.25,1.00)",false,true,true,true,false
qt_pit_2026h1,BIO,2026-02,2026-02-13,2026-06-04,V5,e0c9b55fda7f14a0,e0c9b55fda7f14a0,false,none,0,false,false,false,false,false
qt_pit_2026h1,BIO,2026-04,2026-04-30,2026-06-04,V5,20f60b7d948a3887,b36696c0a24f7f6f,true,up,>=1.00,false,false,false,false,false
qt_pit_2026h1,BIPC,2026-01,2026-02-03,2026-06-04,V5,66525121bdd337d5,66525121bdd337d5,false,none,0,false,false,false,false,true
qt_pit_2026h1,BIPC,2026-04,2026-04-30,2026-06-04,V3,150a5bd9c54e00da,cc71281269c07aec,true,up,"[0.05,0.25)",false,false,false,false,false
qt_pit_2026h1,BJRI,2026-02,2026-02-26,2026-06-04,V5,55dbc6d7030b1adc,9a5bb0ef0defa9aa,true,up,"[0.05,0.25)",false,true,true,true,false
qt_pit_2026h1,BJRI,2026-05,2026-05-06,2026-06-04,V5,bc266f929c780b3c,bc266f929c780b3c,false,none,0,false,false,false,false,false
qt_pit_2026h1,BKD,2026-02,2026-02-19,2026-06-04,V5,1645f4f44714b1dd,1645f4f44714b1dd,false,none,0,false,false,false,false,false
qt_pit_2026h1,BKD,2026-05,2026-05-07,2026-06-04,V5,83dc0e566909b58b,83dc0e566909b58b,false,none,0,false,false,false,false,false
qt_pit_2026h1,BKE,2026-03,2026-03-13,2026-06-04,V5,4d1fb61d3283af39,4d1fb61d3283af39,false,none,0,false,false,false,false,false
qt_pit_2026h1,BKE,2026-05,2026-05-29,2026-06-04,V5,5fffcb1bcaf7ad56,5fffcb1bcaf7ad56,false,none,0,true,true,false,false,false
qt_pit_2026h1,BKH,2026-02,2026-02-05,2026-06-04,V5,b90d971e3ff3e3f8,b90d971e3ff3e3f8,false,none,0,false,false,false,false,false
qt_pit_2026h1,BKH,2026-05,2026-05-07,2026-06-04,V5,7052465128a67e73,7052465128a67e73,false,none,0,false,false,false,false,false
qt_pit_2026h1,BKV,2026-02,2026-02-25,2026-06-04,V5,bed03ed6a3305441,75f983684fedb0ff,true,down,"[0.25,1.00)",true,false,true,true,false
qt_pit_2026h1,BKV,2026-05,2026-05-07,2026-06-04,V5,df6178d49826ce47,103ccf9f5e41a2a0,true,down,"[0.05,0.25)",true,false,true,true,false
qt_pit_2026h1,BL,2026-02,2026-02-11,2026-06-04,V5,8f250d259d86082f,8f250d259d86082f,false,none,0,false,false,false,false,false
qt_pit_2026h1,BL,2026-05,2026-05-05,2026-06-04,V5,73ef5eb87939146c,73ef5eb87939146c,false,none,0,true,true,false,false,false
qt_pit_2026h1,BLBD,2026-02,2026-02-05,2026-06-04,V5,51b51023dd6cb88f,51b51023dd6cb88f,false,none,0,true,true,false,false,false
qt_pit_2026h1,BLBD,2026-05,2026-05-06,2026-06-04,V5,6da3ff5adb2971ae,51b51023dd6cb88f,true,up,"[0.05,0.25)",false,true,true,false,false
qt_pit_2026h1,BLCO,2026-02,2026-02-17,2026-06-04,V5,0d103e4524df9c5e,0d103e4524df9c5e,false,none,0,false,false,false,false,false
qt_pit_2026h1,BLCO,2026-04,2026-04-29,2026-06-04,V5,30a1ce4004fb620b,6ae6748af5795e76,true,up,"[0.25,1.00)",false,true,true,true,false
qt_pit_2026h1,BLFS,2026-02,2026-02-27,2026-06-04,V5,cc7374f94090ceed,3f758c196f56a0da,true,down,"[0.01,0.05)",true,true,false,false,false
qt_pit_2026h1,BLKB,2026-02,2026-02-11,2026-06-04,V5,65bae4ac386b2b26,65bae4ac386b2b26,false,none,0,false,false,false,false,false
qt_pit_2026h1,BLKB,2026-04,2026-04-29,2026-06-04,V5,4fe2cc16716c2983,4fe2cc16716c2983,false,none,0,false,false,false,false,false
qt_pit_2026h1,BLMN,2026-02,2026-02-26,2026-06-04,V5,a7fb03c6024049d3,700bc61fab170081,true,up,"[0.25,1.00)",false,false,false,true,false
qt_pit_2026h1,BLMN,2026-05,2026-05-06,2026-06-04,V5,f322173134ce1c0a,850e2ddb65ee4282,true,up,"[0.01,0.05)",true,true,false,false,false
qt_pit_2026h1,BLTE,2026-03,2026-03-03,2026-06-04,V5,864ad1868c9d4fe6,864ad1868c9d4fe6,false,none,0,true,true,false,false,false
qt_pit_2026h1,BLTE,2026-05,2026-05-20,2026-06-04,V5,d4ec10bcd5f3a35a,d4ec10bcd5f3a35a,false,none,0,true,true,false,false,false
qt_pit_2026h1,BMBL,2026-05,2026-05-06,2026-06-04,V5,ecbb46d4661bb8cb,ecbb46d4661bb8cb,false,none,0,true,true,false,false,false
qt_pit_2026h1,BMI,2026-04,2026-04-17,2026-06-04,V5,a36c5f1cef78589b,a36c5f1cef78589b,false,none,0,false,false,false,false,false
qt_pit_2026h1,BOOT,2026-02,2026-02-05,2026-06-04,V5,05d833fd3020bf81,05d833fd3020bf81,false,none,0,false,false,false,false,false
qt_pit_2026h1,BOOT,2026-05,2026-05-14,2026-06-04,V5,e913371b952ac687,e913371b952ac687,false,none,0,false,false,false,false,false
qt_pit_2026h1,BORR,2026-02,2026-02-23,2026-06-04,V5,a3aed9ba11782eaf,83e7733e674c3673,true,down,"(0,0.01)",true,true,false,false,true
qt_pit_2026h1,BORR,2026-05,2026-05-21,2026-06-04,V5,aa6af6355bf33db1,aa6af6355bf33db1,false,none,0,false,false,false,false,false
qt_pit_2026h1,BOX,2026-03,2026-03-03,2026-06-04,V5,0a3e1e8dcc5f0d1a,02f7c99887b5976f,true,up,"[0.01,0.05)",true,true,false,false,false
qt_pit_2026h1,BOX,2026-05,2026-05-26,2026-06-04,V5,7406023741636759,72bf72eb342290e5,true,up,"[0.25,1.00)",false,false,false,true,false
qt_pit_2026h1,BRBR,2026-02,2026-02-04,2026-06-04,V5,4536cdad1a413cd4,4ad31bd498b002d5,true,up,"[0.01,0.05)",true,true,false,false,false
qt_pit_2026h1,BRBR,2026-05,2026-05-05,2026-06-04,V5,c9c479eaafc9cdf1,c9c479eaafc9cdf1,false,none,0,false,false,false,false,false
qt_pit_2026h1,BRC,2026-02,2026-02-19,2026-06-04,V5,9f35f19a593dd448,eb4ccc1786b15c7b,true,up,"[0.05,0.25)",false,false,false,false,false
qt_pit_2026h1,BRC,2026-05,2026-05-18,2026-06-04,V5,d98b955d2b4d9f8c,d98b955d2b4d9f8c,false,none,0,true,true,false,false,false
qt_pit_2026h1,BRKR,2026-02,2026-02-13,2026-06-04,V5,33041608d600d6cf,33041608d600d6cf,false,none,0,false,false,false,false,false
qt_pit_2026h1,BRKR,2026-05,2026-05-06,2026-06-04,V5,f9825bf2e6c78f43,f9825bf2e6c78f43,false,none,0,true,true,false,false,false
qt_pit_2026h1,BROS,2026-02,2026-02-13,2026-06-04,V5,d0c966f9d9f27c5f,d0c966f9d9f27c5f,false,none,0,true,true,false,false,false
qt_pit_2026h1,BROS,2026-05,2026-05-07,2026-06-04,V5,b1985339f6f3152b,b1985339f6f3152b,false,none,0,false,false,false,false,false
qt_pit_2026h1,BRZE,2026-03,2026-03-24,2026-06-04,V5,6f0f271b96522f9e,d33c3d4142e78b7c,true,up,"[0.25,1.00)",false,false,false,false,false
qt_pit_2026h1,BRZE,2026-05,2026-05-27,2026-06-04,V5,86fb95f877f6122d,d33c3d4142e78b7c,true,down,"[0.05,0.25)",true,false,true,true,false
qt_pit_2026h1,BSM,2026-02,2026-02-24,2026-06-04,V5,ba0dddeea31b2d97,ba0dddeea31b2d97,false,none,0,true,true,false,false,false
qt_pit_2026h1,BSM,2026-05,2026-05-05,2026-06-04,V5,ab2f3d0c97742f1e,ab2f3d0c97742f1e,false,none,0,true,true,false,false,false
qt_pit_2026h1,BTDR,2026-02,2026-02-12,2026-06-04,V5,b2f2f1410983987d,7fcc0a36d8b11309,true,down,"[0.25,1.00)",false,false,false,false,false
qt_pit_2026h1,BTDR,2026-05,2026-05-14,2026-06-04,V5,38f81cef2d200aaf,9a2c28accf4de0a9,true,down,"[0.05,0.25)",false,false,false,true,false
qt_pit_2026h1,BTE,2026-03,2026-03-04,2026-06-04,V5,9e433e190258027b,435f3091730c6e10,true,up,"[0.25,1.00)",false,false,false,false,false
qt_pit_2026h1,BTG,2026-02,2026-02-19,2026-06-04,V5,79c42f905424d2df,79c42f905424d2df,false,none,0,false,false,false,false,false
qt_pit_2026h1,BTG,2026-05,2026-05-07,2026-06-04,V5,20e727a40ffdd24e,20e727a40ffdd24e,false,none,0,true,true,false,false,false
qt_pit_2026h1,BTSG,2026-02,2026-02-27,2026-06-04,V5,c5a9cef8fc0c6917,c985bf3325267b87,true,down,"[0.01,0.05)",false,false,false,true,false
qt_pit_2026h1,BTSG,2026-05,2026-05-05,2026-06-04,V5,191834bfcebdc322,191834bfcebdc322,false,none,0,true,true,false,false,true
qt_pit_2026h1,BTU,2026-02,2026-02-05,2026-06-04,V5,9f9b320025b57330,9f9b320025b57330,false,none,0,false,false,false,false,false
qt_pit_2026h1,BTU,2026-05,2026-05-05,2026-06-04,V5,97a670684ffc0c16,97a670684ffc0c16,false,none,0,false,false,false,false,false
qt_pit_2026h1,BV,2026-02,2026-02-04,2026-06-04,V5,32e770915f3a1661,32e770915f3a1661,false,none,0,false,false,false,false,false
qt_pit_2026h1,BV,2026-05,2026-05-06,2026-06-04,V5,9b6a42481f6d4ede,9b6a42481f6d4ede,false,none,0,true,true,false,false,false
qt_pit_2026h1,BVN,2026-04,2026-04-30,2026-06-04,V5,10c319c1489f9c1d,cf36c7ddbaae7c4f,true,down,"[0.05,0.25)",true,true,false,false,false
qt_pit_2026h1,BVS,2026-03,2026-03-05,2026-06-04,V5,25bbf34559f300eb,4396c27c02f35764,true,up,"[0.01,0.05)",false,false,false,true,false
qt_pit_2026h1,BVS,2026-05,2026-05-06,2026-06-04,V5,571bdec8e5b2abb0,571bdec8e5b2abb0,false,none,0,true,true,false,false,false
qt_pit_2026h1,BWIN,2026-02,2026-02-27,2026-06-04,V5,1feaf032ea763dd6,1feaf032ea763dd6,false,none,0,false,false,false,false,false
qt_pit_2026h1,BWIN,2026-05,2026-05-05,2026-06-04,V5,3c10da7e715fd9c6,3c10da7e715fd9c6,false,none,0,false,false,false,false,false
qt_pit_2026h1,BWLP,2026-03,2026-03-03,2026-06-04,V5,c10ecc5d43389976,c10ecc5d43389976,false,none,0,true,true,false,false,false
qt_pit_2026h1,BWLP,2026-06,2026-06-02,2026-06-04,V3,0e17fbb1164faf77,0e17fbb1164faf77,false,none,0,false,false,false,false,false
qt_pit_2026h1,BXC,2026-02,2026-02-27,2026-06-04,V5,815eb91054193c90,815eb91054193c90,false,none,0,false,false,false,false,true
qt_pit_2026h1,BXC,2026-05,2026-05-06,2026-06-04,V5,9690e1f7447a2b9c,533fcef7a0f70bca,true,up,"[0.25,1.00)",true,true,false,false,false
qt_pit_2026h1,BYD,2026-02,2026-02-06,2026-06-04,V5,6b86400a8574eb7a,6b86400a8574eb7a,false,none,0,true,true,false,false,false
qt_pit_2026h1,BYD,2026-04,2026-04-23,2026-06-04,V5,42f2d73198777482,42f2d73198777482,false,none,0,false,false,false,false,false
qt_pit_2026h1,BYRN,2026-02,2026-02-05,2026-06-04,V5,9d7a768163a53a72,9d7a768163a53a72,false,none,0,false,false,false,false,false
qt_pit_2026h1,BYRN,2026-04,2026-04-09,2026-06-04,V5,7cbd773c244c1c5c,aa12f3f8e2a92a95,true,down,"[0.01,0.05)",false,false,false,false,false
qt_pit_2026h1,BZ,2026-03,2026-03-18,2026-06-04,V5,483c3d84c2b33872,483c3d84c2b33872,false,none,0,false,false,false,false,false
qt_pit_2026h1,BZ,2026-05,2026-05-20,2026-06-04,V5,483c3d84c2b33872,483c3d84c2b33872,false,none,0,false,false,false,false,false
qt_pit_2026h1,BZH,2026-01,2026-02-03,2026-06-04,V5,cb026810d7c808e2,c1da57517eb01ac8,true,up,"[0.05,0.25)",false,false,false,false,true
qt_pit_2026h1,BZH,2026-04,2026-04-30,2026-06-04,V5,1a2b2e08b9f1616b,1a2b2e08b9f1616b,false,none,0,true,true,false,false,false
qt_pit_2026h1,CABO,2026-02,2026-02-27,2026-06-04,V5,5c0e734ee4bbcdd4,5c0e734ee4bbcdd4,false,none,0,false,false,false,false,false
qt_pit_2026h1,CABO,2026-04,2026-04-30,2026-06-04,V5,e5938dc2b36dec52,273f7cfbe78de969,true,down,"[0.05,0.25)",false,false,false,false,false
qt_pit_2026h1,CAE,2026-02,2026-02-13,2026-06-04,V5,aa10b9ec4b08d862,91c5873923d5f937,true,down,"[0.01,0.05)",true,false,true,false,false
qt_pit_2026h1,CAE,2026-05,2026-05-22,2026-06-04,V5,2f3f0e8bc82f3483,2f3f0e8bc82f3483,false,none,0,false,false,false,false,false
qt_pit_2026h1,CAKE,2026-02,2026-02-19,2026-06-04,V5,e56961226f4ca613,8eb2de06f4fdb465,true,up,"[0.25,1.00)",false,false,false,true,false
qt_pit_2026h1,CAKE,2026-04,2026-04-29,2026-06-04,V5,eeff536a0403ca7b,9095c98d70170295,true,up,>=1.00,false,false,false,true,false
qt_pit_2026h1,CAL,2026-03,2026-03-22,2026-06-04,V5,349df186b12dbaa4,349df186b12dbaa4,false,none,0,true,true,false,false,true
qt_pit_2026h1,CAL,2026-06,2026-06-03,2026-06-04,V5,debe259a7b228c4e,debe259a7b228c4e,false,none,0,false,false,false,false,false
qt_pit_2026h1,CALM,2026-04,2026-04-01,2026-06-04,V5,f87190400decad8e,b0af34426b60cb2a,true,down,"[0.01,0.05)",true,true,false,false,false
qt_pit_2026h1,CALX,2026-04,2026-04-22,2026-06-04,V5,a844d45c55e01b73,a844d45c55e01b73,false,none,0,false,false,false,false,false
qt_pit_2026h1,CAMT,2026-02,2026-02-19,2026-06-04,V5,9ce04d726b2a2a6c,9ce04d726b2a2a6c,false,none,0,false,false,false,false,false
qt_pit_2026h1,CAMT,2026-05,2026-05-12,2026-06-04,V5,549299e1ee1689f1,549299e1ee1689f1,false,none,0,false,false,false,false,false
qt_pit_2026h1,CAPL,2026-02,2026-02-26,2026-06-04,V5,ce3037098f03a9d5,30231cf80fce77aa,true,down,"[0.05,0.25)",true,true,false,false,false
qt_pit_2026h1,CAPL,2026-05,2026-05-07,2026-06-04,V3,a799a8ddb26f04b1,82ca84dc24abb99d,true,down,"[0.05,0.25)",true,true,false,false,false
qt_pit_2026h1,CAPR,2026-05,2026-05-13,2026-06-04,V5,542d6b5816083810,542d6b5816083810,false,none,0,false,false,false,false,false
qt_pit_2026h1,CARG,2026-02,2026-02-20,2026-06-04,V5,edf723df65ba01a2,f13355f5abef12ac,true,up,"[0.05,0.25)",false,false,false,true,false
qt_pit_2026h1,CARG,2026-05,2026-05-08,2026-06-04,V5,0f1f8661db48c2d1,0f1f8661db48c2d1,false,none,0,false,false,false,false,false
qt_pit_2026h1,CARS,2026-02,2026-02-26,2026-06-04,V5,b6ba9bf2b59e0266,bb99d4a9a00d0c2b,true,up,"[0.25,1.00)",false,false,false,false,false
qt_pit_2026h1,CARS,2026-05,2026-05-07,2026-06-04,V5,a187ffc918396985,63ff9c05f1387136,true,up,"[0.25,1.00)",false,false,false,false,false
qt_pit_2026h1,CBLL,2026-02,2026-02-25,2026-06-04,V5,fb596ae64abdaf7b,fb596ae64abdaf7b,false,none,0,true,true,false,false,false
qt_pit_2026h1,CBLL,2026-05,2026-05-10,2026-06-04,V5,b0a58ad4dc066b95,b0a58ad4dc066b95,false,none,0,false,false,false,false,false
qt_pit_2026h1,CBRL,2026-03,2026-03-04,2026-06-04,V5,d2c331a168597512,26214ba5e39c5eeb,true,up,"[0.05,0.25)",true,true,false,false,false
qt_pit_2026h1,CBT,2026-02,2026-02-04,2026-06-04,V5,2757a73ce33830bd,2757a73ce33830bd,false,none,0,false,false,false,false,false
qt_pit_2026h1,CBT,2026-05,2026-05-05,2026-06-04,V5,a6baa1b590f2750f,a6baa1b590f2750f,false,none,0,false,false,false,false,false
qt_pit_2026h1,CBZ,2026-02,2026-02-26,2026-06-04,V5,f9f14c563536bb8e,f9f14c563536bb8e,false,none,0,false,false,false,false,false
qt_pit_2026h1,CBZ,2026-04,2026-04-29,2026-06-04,V5,a46fc9bf661f5266,21f5d55bc719295e,true,down,"[0.05,0.25)",true,false,true,false,false
qt_pit_2026h1,CC,2026-02,2026-02-20,2026-06-04,V5,c80296cdfc174111,c80296cdfc174111,false,none,0,false,false,false,false,false
qt_pit_2026h1,CC,2026-05,2026-05-06,2026-06-04,V5,c80296cdfc174111,c80296cdfc174111,false,none,0,true,true,false,false,false
qt_pit_2026h1,CCAP,2026-02,2026-02-26,2026-06-04,V5,cb5583d827ea36f3,cb5583d827ea36f3,false,none,0,false,false,false,false,false
qt_pit_2026h1,CCAP,2026-05,2026-05-13,2026-06-04,V5,753e6428fd492f5f,753e6428fd492f5f,false,none,0,false,false,false,false,false
qt_pit_2026h1,CCB,2026-01,2026-02-03,2026-06-04,V5,d6fe156f0d71b5b2,d6fe156f0d71b5b2,false,none,0,false,false,false,false,true
qt_pit_2026h1,CCB,2026-04,2026-04-30,2026-06-04,V5,8972d3c25dae2505,8972d3c25dae2505,false,none,0,false,false,false,false,false
qt_pit_2026h1,CCO,2026-05,2026-05-06,2026-06-04,V5,0d5d08449f6d0a96,0d5d08449f6d0a96,false,none,0,false,false,false,true,false
qt_pit_2026h1,CCOI,2026-02,2026-02-20,2026-06-04,V5,49acbf325b31c88b,49acbf325b31c88b,false,none,0,true,true,false,false,false
qt_pit_2026h1,CCOI,2026-05,2026-05-04,2026-06-04,V5,1c56e03f10cceeff,1c56e03f10cceeff,false,none,0,true,true,false,false,false
qt_pit_2026h1,CCRN,2026-03,2026-03-05,2026-06-04,V5,2c0ab1e189e00550,9a0c801a066904e7,true,up,>=1.00,false,false,false,false,false
qt_pit_2026h1,CCRN,2026-05,2026-05-08,2026-06-04,V5,1bffc23431ef6107,1bffc23431ef6107,false,none,0,true,true,false,false,false
qt_pit_2026h1,CCS,2026-04,2026-04-23,2026-06-04,V5,8e5954f385040857,8e5954f385040857,false,none,0,true,true,false,false,false
qt_pit_2026h1,CDNA,2026-02,2026-02-25,2026-06-04,V5,32c1ebd21e106dbe,bcb4637c3803ff68,true,up,"[0.05,0.25)",false,true,true,true,false
qt_pit_2026h1,CDNA,2026-04,2026-04-28,2026-06-04,V5,ad2b4829937435b6,71877684a101ae27,true,up,"[0.25,1.00)",false,true,true,true,false
qt_pit_2026h1,CDRE,2026-03,2026-03-10,2026-06-04,V5,86340179dfd48ec4,86340179dfd48ec4,false,none,0,false,false,false,false,false
qt_pit_2026h1,CDRE,2026-05,2026-05-12,2026-06-04,V5,cc59ce3e0a120f67,49c2de6961fc554d,true,up,"[0.05,0.25)",false,true,true,true,false
qt_pit_2026h1,CE,2026-02,2026-02-17,2026-06-04,V5,659059808cb77bb2,ff58ddbef8987176,true,up,"[0.25,1.00)",false,false,false,false,false
qt_pit_2026h1,CE,2026-05,2026-05-06,2026-06-04,V5,72f34b5f416f4c75,72f34b5f416f4c75,false,none,0,false,false,false,false,false
qt_pit_2026h1,CECO,2026-02,2026-02-25,2026-06-04,V5,422c0b8c32757cec,254061bc50c9fd0d,true,up,"[0.05,0.25)",false,false,false,false,false
qt_pit_2026h1,CECO,2026-04,2026-04-28,2026-06-04,V5,c703a43a9869188a,c703a43a9869188a,false,none,0,true,true,false,false,false
qt_pit_2026h1,CEIX,2026-02,2026-02-13,2026-06-04,V5,ffc41cd34776ed0e,7ac49cf92e39d050,true,down,>=1.00,false,false,false,false,false
qt_pit_2026h1,CELH,2026-05,2026-05-07,2026-06-04,V5,74e4a5fcd218a46b,74e4a5fcd218a46b,false,none,0,true,true,false,false,false
qt_pit_2026h1,CENTA,2026-02,2026-02-05,2026-06-04,V5,af000d08a81002d7,af000d08a81002d7,false,none,0,true,true,false,false,false
qt_pit_2026h1,CENTA,2026-05,2026-05-07,2026-06-04,V5,39f4ee926e73d578,39f4ee926e73d578,false,none,0,true,true,false,false,false
qt_pit_2026h1,CENX,2026-02,2026-02-20,2026-06-04,V5,c3df582b0d237e10,fbf663bd5e98f4df,true,up,"[0.25,1.00)",false,false,false,false,false
qt_pit_2026h1,CENX,2026-05,2026-05-08,2026-06-04,V5,01944c593317d688,5907ebf5296875e8,true,down,"[0.25,1.00)",false,false,false,true,false
qt_pit_2026h1,CERT,2026-02,2026-02-27,2026-06-04,V5,1337d8648a8ae693,1337d8648a8ae693,false,none,0,false,false,false,false,false
qt_pit_2026h1,CERT,2026-05,2026-05-10,2026-06-04,V5,1337d8648a8ae693,1337d8648a8ae693,false,none,0,false,false,false,false,false
qt_pit_2026h1,CEVA,2026-02,2026-02-17,2026-06-04,V5,a03a5ec176c7fbcb,a03a5ec176c7fbcb,false,none,0,false,false,false,false,false
qt_pit_2026h1,CEVA,2026-05,2026-05-10,2026-06-04,V5,3d9282004d991de3,3d9282004d991de3,false,none,0,true,true,false,false,false
qt_pit_2026h1,CGAU,2026-02,2026-02-20,2026-06-04,V5,52620a30fde03890,52620a30fde03890,false,none,0,true,true,false,false,false
qt_pit_2026h1,CGAU,2026-04,2026-04-29,2026-06-04,V5,900ddb11e3afbf2d,900ddb11e3afbf2d,false,none,0,false,false,false,false,false
qt_pit_2026h1,CGBD,2026-02,2026-02-25,2026-06-04,V5,602184522bacb23b,602184522bacb23b,false,none,0,false,false,false,false,false
qt_pit_2026h1,CGBD,2026-05,2026-05-10,2026-06-04,V5,ef5fd749fe3c27e8,ef5fd749fe3c27e8,false,none,0,false,false,false,false,false
qt_pit_2026h1,CGEM,2026-05,2026-05-08,2026-06-04,V5,a0fa529c7f96b00a,a0fa529c7f96b00a,false,none,0,true,true,false,false,false
qt_pit_2026h1,CGNT,2026-03,2026-03-26,2026-06-04,V5,2ea1e3cdd53c9d97,2ea1e3cdd53c9d97,false,none,0,true,true,false,false,false
qt_pit_2026h1,CGNT,2026-06,2026-06-03,2026-06-04,V5,c8b37d7864cb653b,c8b37d7864cb653b,false,none,0,false,false,false,false,false
qt_pit_2026h1,CGNX,2026-02,2026-02-11,2026-06-04,V5,eb07a8dbf2c1fea2,eb07a8dbf2c1fea2,false,none,0,true,true,false,false,false
qt_pit_2026h1,CGON,2026-05,2026-05-10,2026-06-04,V5,a362036fb47f52fe,a362036fb47f52fe,false,none,0,false,false,false,false,true
qt_pit_2026h1,CHDN,2026-04,2026-04-23,2026-06-04,V5,e372f85d098617f4,e372f85d098617f4,false,none,0,true,true,false,false,false
qt_pit_2026h1,CHEF,2026-02,2026-02-11,2026-06-04,V5,962e01a2e0965463,540debdbae9862ec,true,up,"[0.05,0.25)",false,false,false,true,false
qt_pit_2026h1,CHEF,2026-04,2026-04-29,2026-06-04,V5,04fd4e1afd406920,62fd1d7407361b9a,true,down,"[0.05,0.25)",true,true,false,false,false
qt_pit_2026h1,CHH,2026-02,2026-02-21,2026-06-04,V5,0691bdea9bb1479f,0691bdea9bb1479f,false,none,0,false,false,false,false,true
qt_pit_2026h1,CHH,2026-04,2026-04-30,2026-06-04,V5,1cce4616d9c32fa2,a11e646fae064bf5,true,up,"[0.25,1.00)",false,false,false,false,false
qt_pit_2026h1,CHRD,2026-02,2026-02-26,2026-06-04,V5,af58ec2e103ebf74,1526cde7c33e9c86,true,down,>=1.00,true,false,true,false,false
qt_pit_2026h1,CHRD,2026-05,2026-05-06,2026-06-04,V5,6fa399a514f2250f,6fa399a514f2250f,false,none,0,true,true,false,false,false
qt_pit_2026h1,CHWY,2026-03,2026-03-25,2026-06-04,V5,f718c474ada668f5,8c89f1d8717457dc,true,up,"[0.25,1.00)",false,false,false,false,false
qt_pit_2026h1,CIFR,2026-02,2026-02-24,2026-06-04,V5,fb91c912201840c3,fb91c912201840c3,false,none,0,false,false,false,false,false
qt_pit_2026h1,CIFR,2026-05,2026-05-05,2026-06-04,V5,5d6463de5c97d8f2,5d6463de5c97d8f2,false,none,0,false,false,false,false,false
qt_pit_2026h1,CIGI,2026-02,2026-02-13,2026-06-04,V5,64c80630ce7845d8,64c80630ce7845d8,false,none,0,false,false,false,false,false
qt_pit_2026h1,CIGI,2026-05,2026-05-05,2026-06-04,V5,60bbe0dac712d2eb,d1886f5e73c261aa,true,up,"[0.01,0.05)",false,false,false,false,false
qt_pit_2026h1,CLB,2026-02,2026-02-05,2026-06-04,V5,a377f60b6099c4da,a377f60b6099c4da,false,none,0,false,false,false,false,false
qt_pit_2026h1,CLB,2026-04,2026-04-29,2026-06-04,V5,40dae8b19ca07c29,4428edf83271fcf7,true,up,"[0.05,0.25)",false,false,false,false,false
qt_pit_2026h1,CLBK,2026-02,2026-02-03,2026-06-04,V5,997c97a7b7a14a5c,997c97a7b7a14a5c,false,none,0,false,false,false,false,false
qt_pit_2026h1,CLBK,2026-04,2026-04-22,2026-06-04,V5,997c97a7b7a14a5c,997c97a7b7a14a5c,false,none,0,false,false,false,false,true
qt_pit_2026h1,CLBT,2026-02,2026-02-11,2026-06-04,V5,61552f2658346892,785acc1d629e350b,true,up,"[0.01,0.05)",false,false,false,false,false
qt_pit_2026h1,CLBT,2026-05,2026-05-15,2026-06-04,V5,0784980e8310b71a,c7a0ebc3e414c236,true,down,"[0.05,0.25)",false,false,false,true,false
qt_pit_2026h1,CLDX,2026-02,2026-02-26,2026-06-04,V5,a36f460df6db2f14,a36f460df6db2f14,false,none,0,false,false,false,false,false
qt_pit_2026h1,CLDX,2026-05,2026-05-08,2026-06-04,V5,ec4eac8cbe46ad73,ec4eac8cbe46ad73,false,none,0,false,false,false,false,false
qt_pit_2026h1,CLF,2026-02,2026-02-09,2026-06-04,V5,df6e4bd9126c7231,df6e4bd9126c7231,false,none,0,true,true,false,false,false
qt_pit_2026h1,CLF,2026-04,2026-04-20,2026-06-04,V5,220647af36f470f5,220647af36f470f5,false,none,0,false,false,false,false,false
qt_pit_2026h1,CLMT,2026-02,2026-02-27,2026-06-04,V5,99bd67d0abc3a9b8,99bd67d0abc3a9b8,false,none,0,true,true,false,false,false
qt_pit_2026h1,CLMT,2026-05,2026-05-10,2026-06-04,V5,456b5e4f29ed2123,7c2ffeccf5361ce9,true,up,>=1.00,false,false,false,false,true
qt_pit_2026h1,CLSK,2026-02,2026-02-05,2026-06-04,V5,11a8754c1f56aa6a,f37f5e17a56dc8c8,true,up,"[0.05,0.25)",false,false,false,false,false
qt_pit_2026h1,CLSK,2026-05,2026-05-12,2026-06-04,V5,66046f1342c04cca,82be5be285490039,true,up,>=1.00,false,false,false,false,false
qt_pit_2026h1,CMBT,2026-02,2026-02-26,2026-06-04,V5,aed1fb06d8276d66,aed1fb06d8276d66,false,none,0,false,false,false,false,false
qt_pit_2026h1,CMBT,2026-05,2026-05-19,2026-06-04,V5,9a388828b23e2e41,bc0120480cad5e69,true,up,"[0.01,0.05)",true,true,false,false,false
qt_pit_2026h1,CMC,2026-03,2026-03-26,2026-06-04,V5,2250769a5d9a88e8,bee924c96e78a9c5,true,up,"[0.25,1.00)",false,false,false,false,false
qt_pit_2026h1,CMCO,2026-02,2026-02-09,2026-06-04,V5,55972201a149dc4f,55972201a149dc4f,false,none,0,false,false,false,false,false
qt_pit_2026h1,CMPR,2026-04,2026-04-30,2026-06-04,V5,c8e1f6695725081a,c8e1f6695725081a,false,none,0,true,true,false,false,false
qt_pit_2026h1,CMRE,2026-02,2026-02-19,2026-06-04,V5,71a479ef9ce2cce2,71a479ef9ce2cce2,false,none,0,false,false,false,false,false
qt_pit_2026h1,CMRE,2026-04,2026-04-30,2026-06-04,V5,6c09db37ff9dabb2,df46df967e5c77e3,true,up,"[0.01,0.05)",false,false,false,false,false
qt_pit_2026h1,CNDT,2026-02,2026-02-13,2026-06-04,V5,fc18e78241bc9311,fc18e78241bc9311,false,none,0,false,false,false,false,false
qt_pit_2026h1,CNDT,2026-05,2026-05-10,2026-06-04,V3,0ac7d0c272b3cf65,0ac7d0c272b3cf65,false,none,0,true,true,false,false,false
qt_pit_2026h1,CNK,2026-02,2026-02-17,2026-06-04,V5,3a85a7617ae5df42,5160240688c22782,true,down,"[0.05,0.25)",false,false,false,true,false
qt_pit_2026h1,CNK,2026-05,2026-05-01,2026-06-04,V5,1983e8808e7847c4,1983e8808e7847c4,false,none,0,true,false,true,true,false
qt_pit_2026h1,CNM,2026-03,2026-03-24,2026-06-04,V5,9cee6fee3f5af68d,69634e5e594bc817,true,up,"[0.05,0.25)",true,false,true,false,false
qt_pit_2026h1,CNMD,2026-04,2026-04-30,2026-06-04,V5,cad42ab44e4cd7df,cad42ab44e4cd7df,false,none,0,false,false,false,false,false
qt_pit_2026h1,CNNE,2026-02,2026-02-25,2026-06-04,V5,b4c77170b241b96a,b4c77170b241b96a,false,none,0,false,false,false,false,true
qt_pit_2026h1,CNNE,2026-05,2026-05-12,2026-06-04,V5,87aaf092ea264148,9c5c7a3c9871661b,true,up,"[0.05,0.25)",false,false,false,false,false
qt_pit_2026h1,CNX,2026-01,2026-02-03,2026-06-04,V5,c379cc7cf8931be1,c379cc7cf8931be1,false,none,0,true,true,false,false,true
qt_pit_2026h1,CNX,2026-04,2026-04-30,2026-06-04,V5,67ccbc92df9ad384,67ccbc92df9ad384,false,none,0,true,true,false,false,false
qt_pit_2026h1,CNXN,2026-02,2026-02-05,2026-06-04,V5,94a5296e5df888b4,94a5296e5df888b4,false,none,0,false,false,false,false,false
qt_pit_2026h1,CNXN,2026-04,2026-04-29,2026-06-04,V3,acfebdad4c769e89,2533b11799d2b716,true,up,"[0.05,0.25)",true,true,false,false,false
qt_pit_2026h1,COCO,2026-02,2026-02-17,2026-06-04,V5,5fb018acef239220,5fb018acef239220,false,none,0,false,false,false,false,false
qt_pit_2026h1,COCO,2026-04,2026-04-29,2026-06-04,V5,b6ba8a05958b5707,3e28c06d7da1c567,true,down,"[0.01,0.05)",true,true,false,false,false
qt_pit_2026h1,COGT,2026-02,2026-02-19,2026-06-04,V5,35199f824733bc4d,35199f824733bc4d,false,none,0,false,false,false,false,true
qt_pit_2026h1,COGT,2026-05,2026-05-05,2026-06-04,V5,ad6a28a808e7435e,ad6a28a808e7435e,false,none,0,false,false,false,false,false
qt_pit_2026h1,COHU,2026-02,2026-02-13,2026-06-04,V5,dd9bd1b1b68ed0d0,dd9bd1b1b68ed0d0,false,none,0,false,false,false,false,false
qt_pit_2026h1,COHU,2026-04,2026-04-30,2026-06-04,V5,d7a1dac7eed5c761,9b6244659f0e75e3,true,up,"[0.25,1.00)",false,false,false,false,false
qt_pit_2026h1,COLL,2026-02,2026-02-26,2026-06-04,V5,18943a2aad39e935,c5ed0d17e2079f5d,true,up,>=1.00,false,false,false,false,false
qt_pit_2026h1,COLL,2026-05,2026-05-07,2026-06-04,V5,4ed6c3ade47ae3f3,b641277842822dc3,true,up,>=1.00,false,true,true,true,false
qt_pit_2026h1,COLM,2026-02,2026-02-04,2026-06-04,V5,deb6a283f28a1219,deb6a283f28a1219,false,none,0,true,true,false,false,false
qt_pit_2026h1,COLM,2026-04,2026-04-30,2026-06-04,V5,e174729b192494ed,e174729b192494ed,false,none,0,true,true,false,false,false
qt_pit_2026h1,COMP,2026-02,2026-02-27,2026-06-04,V5,4832b7ba80f2b4f5,4832b7ba80f2b4f5,false,none,0,false,false,false,false,false
qt_pit_2026h1,COMP,2026-05,2026-05-06,2026-06-04,V5,dfc68c00ddfcc5d9,dfc68c00ddfcc5d9,false,none,0,true,true,false,false,false
qt_pit_2026h1,CON,2026-05,2026-05-08,2026-06-04,V5,7ed4d29372c05e4b,7ed4d29372c05e4b,false,none,0,true,true,false,false,false
qt_pit_2026h1,CORT,2026-02,2026-02-25,2026-06-04,V5,39292f47f2e34266,39292f47f2e34266,false,none,0,false,false,false,false,false
qt_pit_2026h1,CORT,2026-04,2026-04-30,2026-06-04,V5,da8a37514aaad574,da8a37514aaad574,false,none,0,false,false,false,false,false
qt_pit_2026h1,CORZ,2026-03,2026-03-03,2026-06-04,V5,bf1a2af37ecadeb7,bf1a2af37ecadeb7,false,none,0,false,false,false,false,false
qt_pit_2026h1,CORZ,2026-05,2026-05-06,2026-06-04,V5,a9263000b9164df7,ef914c366ba5b9a3,true,up,"[0.25,1.00)",false,false,false,false,false
qt_pit_2026h1,COTY,2026-02,2026-02-06,2026-06-04,V5,63b112c3ed69c2d2,63b112c3ed69c2d2,false,none,0,false,false,false,false,false
qt_pit_2026h1,COUR,2026-02,2026-02-06,2026-06-04,V5,5cf57f62ec71596f,5cf57f62ec71596f,false,none,0,false,false,false,false,false
qt_pit_2026h1,COUR,2026-04,2026-04-23,2026-06-04,V5,f83d4d4ba15ad14b,c9f35fcfa586fb4d,true,up,"[0.05,0.25)",false,false,false,false,false
qt_pit_2026h1,CPA,2026-02,2026-02-11,2026-06-04,V5,429834f537c89a5a,429834f537c89a5a,false,none,0,false,false,false,false,false
qt_pit_2026h1,CPA,2026-05,2026-05-14,2026-06-04,V5,e8ecfe17b2ae0aa3,e8ecfe17b2ae0aa3,false,none,0,true,true,false,false,false
qt_pit_2026h1,CPK,2026-02,2026-02-26,2026-06-04,V5,12b83d5b0f290765,73d7ea73db388100,true,down,"[0.01,0.05)",false,false,false,false,false
qt_pit_2026h1,CPK,2026-05,2026-05-07,2026-06-04,V5,a135b64eff683d94,a135b64eff683d94,false,none,0,false,false,false,false,false
qt_pit_2026h1,CPRX,2026-02,2026-02-26,2026-06-04,V5,2eda3feecff6a94d,0d730321c2251b29,true,up,"[0.25,1.00)",false,true,true,true,false
qt_pit_2026h1,CPRX,2026-05,2026-05-12,2026-06-04,V5,e726c1350cd98925,9389fbaa1e9b352d,true,up,"[0.05,0.25)",false,true,true,true,false
qt_pit_2026h1,CRAI,2026-02,2026-02-26,2026-06-04,V5,4253acac2e8e0199,a108b137e40260a2,true,up,"[0.05,0.25)",false,false,false,true,false
qt_pit_2026h1,CRAI,2026-05,2026-05-07,2026-06-04,V5,4253acac2e8e0199,4253acac2e8e0199,false,none,0,false,false,false,false,false
qt_pit_2026h1,CRC,2026-03,2026-03-02,2026-06-04,V5,2d909f74a5f595d9,2d909f74a5f595d9,false,none,0,false,false,false,false,false
qt_pit_2026h1,CRC,2026-05,2026-05-05,2026-06-04,V5,49545e4417938cbe,49545e4417938cbe,false,none,0,false,false,false,true,false
qt_pit_2026h1,CRGY,2026-02,2026-02-26,2026-06-04,V5,ba3b126562e6c2ee,5b7581814defee57,true,up,"[0.25,1.00)",false,true,true,true,false
qt_pit_2026h1,CRGY,2026-05,2026-05-05,2026-06-04,V5,648e470ce727e826,648e470ce727e826,false,none,0,true,true,false,false,false
qt_pit_2026h1,CRI,2026-02,2026-03-02,2026-06-04,V5,5fa634b3b8d13e07,5fa634b3b8d13e07,false,none,0,true,true,false,false,true
qt_pit_2026h1,CRI,2026-05,2026-05-06,2026-06-04,V5,fb609d01cc16c382,fb609d01cc16c382,false,none,0,true,true,false,false,false
qt_pit_2026h1,CRK,2026-02,2026-02-12,2026-06-04,V5,b20e98ae75bc08dd,b20e98ae75bc08dd,false,none,0,true,true,false,false,false
qt_pit_2026h1,CRK,2026-05,2026-05-05,2026-06-04,V5,af8fa85a4bf5bed9,af8fa85a4bf5bed9,false,none,0,false,false,false,false,false
qt_pit_2026h1,CRL,2026-02,2026-02-19,2026-06-04,V5,8ff9bd1804385ccb,e9ffff0819732b7f,true,up,>=1.00,false,false,false,true,false
qt_pit_2026h1,CRL,2026-05,2026-05-07,2026-06-04,V5,3ce4542c4d7ea1ef,e84e20455acb4099,true,up,>=1.00,false,false,false,true,false
qt_pit_2026h1,CRML,2026-03,2026-02-26,2026-06-04,V5,9794c24caa8b5cc7,46555d8ae168843c,true,down,"[0.01,0.05)",false,false,false,false,false
qt_pit_2026h1,CRML,2026-03,2026-03-16,2026-06-04,V3,9794c24caa8b5cc7,46555d8ae168843c,true,down,"[0.01,0.05)",false,false,false,false,true
qt_pit_2026h1,CRNX,2026-02,2026-02-27,2026-06-04,V5,5accb06dcafde21c,d919ad5296290275,true,up,"[0.01,0.05)",false,false,false,false,false
qt_pit_2026h1,CRNX,2026-05,2026-05-08,2026-06-04,V5,373f853c1f03a22d,373f853c1f03a22d,false,none,0,false,false,false,false,false
qt_pit_2026h1,CROX,2026-02,2026-02-12,2026-06-04,V5,c22aa432f2d00e51,c22aa432f2d00e51,false,none,0,true,true,false,false,false
qt_pit_2026h1,CROX,2026-04,2026-04-30,2026-06-04,V5,12b21374c26e8f9e,15e79a6bd33903d6,true,up,"[0.25,1.00)",false,false,false,true,false
qt_pit_2026h1,CRSP,2026-02,2026-02-13,2026-06-04,V5,211f918db37ef714,211f918db37ef714,false,none,0,false,false,false,false,false
qt_pit_2026h1,CRSP,2026-05,2026-05-06,2026-06-04,V5,f894c909c8a518a5,f894c909c8a518a5,false,none,0,false,false,false,false,true
qt_pit_2026h1,CRSR,2026-02,2026-02-13,2026-06-04,V5,753b9ed3456710c8,753b9ed3456710c8,false,none,0,true,true,false,false,false
qt_pit_2026h1,CRSR,2026-05,2026-05-08,2026-06-04,V5,27a796f1b575e6e7,202eaf1d53526046,true,up,"[0.05,0.25)",false,true,true,true,false
qt_pit_2026h1,CRTO,2026-02,2026-02-11,2026-06-04,V5,f13a53bbd69bede2,2f2e78239777ab02,true,up,"[0.25,1.00)",false,false,false,false,false
qt_pit_2026h1,CRTO,2026-05,2026-05-06,2026-06-04,V5,514315167c775d86,262bd409ba84439f,true,up,"[0.25,1.00)",false,true,true,true,false
qt_pit_2026h1,CRUS,2026-02,2026-02-04,2026-06-04,V5,f17c60a9b97de04d,c5974f68f2dad8a2,true,up,"[0.25,1.00)",false,true,true,false,false
qt_pit_2026h1,CRUS,2026-05,2026-05-07,2026-06-04,V5,63b48a2777c63394,63b48a2777c63394,false,none,0,true,true,false,false,false
qt_pit_2026h1,CSGS,2026-02,2026-02-05,2026-06-04,V5,d7d5136d25dcc2eb,adb60a39a6686e11,true,up,"[0.05,0.25)",false,true,true,false,false
qt_pit_2026h1,CSGS,2026-05,2026-05-07,2026-06-04,V5,39bf0dbc55de1aa5,39bf0dbc55de1aa5,false,none,0,true,true,false,false,false
qt_pit_2026h1,CSIQ,2026-05,2026-05-14,2026-06-04,V5,ff8b10bedced4e89,ff8b10bedced4e89,false,none,0,true,true,false,false,false
qt_pit_2026h1,CSTL,2026-02,2026-02-27,2026-06-04,V5,442dbdc788449911,442dbdc788449911,false,none,0,true,true,false,false,false
qt_pit_2026h1,CSTL,2026-05,2026-05-06,2026-06-04,V5,379e6f4468b76e1e,379e6f4468b76e1e,false,none,0,false,false,false,false,false
qt_pit_2026h1,CSTM,2026-02,2026-02-17,2026-06-04,V5,a6cf3e3fe025f771,0bc675a4472dc3ad,true,up,"[0.05,0.25)",true,true,false,false,false
qt_pit_2026h1,CSTM,2026-04,2026-04-30,2026-06-04,V5,3846418333223cdf,3846418333223cdf,false,none,0,true,true,false,false,false
qt_pit_2026h1,CSV,2026-02,2026-02-26,2026-06-04,V5,1063e8da1a8453d8,1063e8da1a8453d8,false,none,0,false,false,false,false,false
qt_pit_2026h1,CSV,2026-05,2026-05-07,2026-06-04,V5,518bb8c3dc9f3053,518bb8c3dc9f3053,false,none,0,false,false,false,false,false
qt_pit_2026h1,CTKB,2026-02,2026-02-27,2026-06-04,V5,b1e0c2d171e34130,53c3feb62eca4ec4,true,up,"[0.25,1.00)",false,true,true,true,false
qt_pit_2026h1,CTKB,2026-05,2026-05-08,2026-06-04,V5,cc6c156e465e6013,9173623a11efac86,true,down,"[0.01,0.05)",false,false,false,false,false
qt_pit_2026h1,CTLP,2026-02,2026-02-08,2026-06-04,V5,ed66b358259b8457,ed66b358259b8457,false,none,0,false,false,false,false,true
qt_pit_2026h1,CTLP,2026-05,2026-05-14,2026-06-04,V5,db46d016f9f3cdd1,42203864d87cd71b,true,up,"(0,0.01)",false,false,false,false,true
qt_pit_2026h1,CTS,2026-02,2026-02-11,2026-06-04,V5,a708a8a32487e5cf,a708a8a32487e5cf,false,none,0,false,false,false,false,false
qt_pit_2026h1,CTS,2026-04,2026-04-29,2026-06-04,V3,1abff71b2c03af04,a708a8a32487e5cf,true,up,"[0.01,0.05)",true,true,false,false,false
qt_pit_2026h1,CUBE,2026-02,2026-02-27,2026-06-04,V5,86fc36b2a3be28fd,dd4123c21b8f05f2,true,up,"[0.25,1.00)",false,true,true,true,false
qt_pit_2026h1,CUBE,2026-04,2026-05-01,2026-06-04,V5,264045f7d5901d24,a16c02307613b4c7,true,up,"[0.25,1.00)",false,true,true,false,false
qt_pit_2026h1,CVCO,2026-01,2026-02-03,2026-06-04,V5,0616febc3ed0f160,0616febc3ed0f160,false,none,0,false,false,false,false,true
qt_pit_2026h1,CVCO,2026-05,2026-05-22,2026-06-04,V5,d081fcbb4a6eb91f,d081fcbb4a6eb91f,false,none,0,false,false,false,false,false
qt_pit_2026h1,CVI,2026-02,2026-02-19,2026-06-04,V5,4e81c7957f06c98d,4fb097962d365081,true,up,"[0.25,1.00)",false,false,false,true,false
qt_pit_2026h1,CVI,2026-04,2026-04-29,2026-06-04,V5,a4faf3411f64d28e,fbc84adc602ac1f6,true,up,"[0.25,1.00)",false,false,false,false,false
qt_pit_2026h1,CVLT,2026-04,2026-04-28,2026-06-04,V5,87226bbaa592bcab,87226bbaa592bcab,false,none,0,true,true,false,false,false
qt_pit_2026h1,CWAN,2026-02,2026-02-19,2026-06-04,V5,6a78d779bca48d1c,aee88c060993d97b,true,up,"[0.05,0.25)",false,false,false,false,false
qt_pit_2026h1,CWAN,2026-05,2026-05-08,2026-06-04,V5,9f182f02f5a4f543,0ab3a1be092b0268,true,up,"[0.05,0.25)",false,false,false,false,false
qt_pit_2026h1,CWEN,2026-02,2026-02-23,2026-06-04,V5,90ca92aa12d3ee90,246a60eef27dc064,true,down,"[0.01,0.05)",false,false,false,false,false
qt_pit_2026h1,CWEN,2026-05,2026-05-08,2026-06-04,V5,2c09964e1bda96aa,2c09964e1bda96aa,false,none,0,false,false,false,false,false
qt_pit_2026h1,CWH,2026-02,2026-02-25,2026-06-04,V5,e69d9a01acd86692,58949a7f586b5da3,true,down,>=1.00,true,false,true,true,false
qt_pit_2026h1,CWH,2026-04,2026-04-29,2026-06-04,V5,47d5e9ef45d69577,f7cb4b28878b60d7,true,up,"[0.05,0.25)",false,true,true,false,false
qt_pit_2026h1,CWST,2026-02,2026-02-21,2026-06-04,V5,44dd8fc2ca6bdf12,44dd8fc2ca6bdf12,false,none,0,true,true,false,false,true
qt_pit_2026h1,CWST,2026-04,2026-04-30,2026-06-04,V5,2f8df55505a710d9,85e4843ed71de73c,true,up,"[0.25,1.00)",false,true,true,true,false
qt_pit_2026h1,CWT,2026-02,2026-02-26,2026-06-04,V5,2b7de87c240f291b,2b7de87c240f291b,false,none,0,false,false,false,false,false
qt_pit_2026h1,CWT,2026-04,2026-04-30,2026-06-04,V5,7caf8f964f6707cb,7caf8f964f6707cb,false,none,0,false,false,false,false,false
qt_pit_2026h1,CXM,2026-03,2026-03-12,2026-06-04,V5,b6fd22ea6f58f85a,0ba52731d5807e19,true,up,"[0.05,0.25)",false,true,true,true,false
qt_pit_2026h1,CXM,2026-06,2026-06-03,2026-06-04,V5,7fc61b2e8deab2d5,7fc61b2e8deab2d5,false,none,0,false,false,false,false,false
qt_pit_2026h1,CXT,2026-02,2026-02-11,2026-06-04,V5,7fa1d2547ace3edd,ebb59edf6d1dac4e,true,up,"[0.25,1.00)",false,false,false,true,false
qt_pit_2026h1,CXT,2026-05,2026-05-07,2026-06-04,V5,fe443f6336ff1e70,fe443f6336ff1e70,false,none,0,false,false,false,false,false
qt_pit_2026h1,CYTK,2026-02,2026-02-25,2026-06-04,V5,6004f2f006b94467,6004f2f006b94467,false,none,0,false,false,false,false,false
qt_pit_2026h1,CYTK,2026-05,2026-05-05,2026-06-04,V5,289a8ca54ba42feb,289a8ca54ba42feb,false,none,0,false,false,false,false,false
qt_pit_2026h1,CZR,2026-02,2026-02-17,2026-06-04,V5,25f90abe69ac7435,25f90abe69ac7435,false,none,0,false,false,false,false,false
qt_pit_2026h1,CZR,2026-04,2026-04-28,2026-06-04,V5,903f6d0187f9d850,903f6d0187f9d850,false,none,0,false,false,false,false,false
qt_pit_2026h1,DAC,2026-02,2026-02-10,2026-06-04,V5,412fbde92e8c22eb,412fbde92e8c22eb,false,none,0,false,false,false,false,false
qt_pit_2026h1,DAC,2026-05,2026-05-10,2026-06-04,V5,726ff3bfcf2a81eb,726ff3bfcf2a81eb,false,none,0,true,true,false,false,false
qt_pit_2026h1,DAKT,2026-03,2026-03-04,2026-06-04,V5,c92085f09f748eb3,1cb327948fd485a0,true,up,"[0.01,0.05)",false,false,false,false,false
qt_pit_2026h1,DAN,2026-02,2026-02-17,2026-06-04,V5,df2415b9f8627cc9,39f201fe2294a539,true,down,"(0,0.01)",true,false,true,true,false
qt_pit_2026h1,DAN,2026-04,2026-04-30,2026-06-04,V5,f32544253e077f11,63f939ed1dfb730a,true,down,"[0.05,0.25)",false,false,false,false,false
qt_pit_2026h1,DAR,2026-02,2026-02-12,2026-06-04,V5,b6ff5eb30935a107,11e659e2ca34309f,true,up,"[0.25,1.00)",false,true,true,true,false
qt_pit_2026h1,DAR,2026-04,2026-04-30,2026-06-04,V5,509f69b74d69c547,41f7b933fd91f6b9,true,down,"[0.01,0.05)",true,true,false,false,false
qt_pit_2026h1,DAVE,2026-03,2026-03-03,2026-06-04,V5,b5396be487084502,829a120d44643107,true,down,"[0.25,1.00)",true,true,false,false,false
qt_pit_2026h1,DAVE,2026-05,2026-05-06,2026-06-04,V5,a0504ea0ad32eb76,a0504ea0ad32eb76,false,none,0,true,true,false,false,false
qt_pit_2026h1,DAWN,2026-02,2026-02-25,2026-06-04,V5,2fb218b46495f52a,d7fc7e4d9666ba59,true,up,"[0.01,0.05)",false,false,false,false,false
qt_pit_2026h1,DBD,2026-02,2026-02-13,2026-06-04,V5,e8ba122830c1a692,e8ba122830c1a692,false,none,0,true,true,false,false,false
qt_pit_2026h1,DBD,2026-04,2026-04-30,2026-06-04,V5,49229035f62f6903,daf4642d704db2fb,true,up,"[0.25,1.00)",false,false,false,false,false
qt_pit_2026h1,DBRG,2026-02,2026-02-26,2026-06-04,V5,ccbc8c4c533b0ec4,30fd7fb51a4d241b,true,down,"[0.05,0.25)",true,true,false,false,false
qt_pit_2026h1,DBRG,2026-04,2026-04-29,2026-06-04,V5,a3398389e00339ba,7f1556c08b5b3406,true,up,"[0.01,0.05)",false,true,true,true,false
qt_pit_2026h1,DBX,2026-02,2026-02-20,2026-06-04,V5,c73303aa4aeb1962,edd241f8fe7dcfa9,true,up,"[0.25,1.00)",false,false,false,true,false
qt_pit_2026h1,DBX,2026-05,2026-05-08,2026-06-04,V5,2462a2c281c40abd,2462a2c281c40abd,false,none,0,false,false,false,false,false
qt_pit_2026h1,DCBO,2026-02,2026-02-27,2026-06-04,V5,8fcc599033a892bc,8fcc599033a892bc,false,none,0,true,true,false,false,false
qt_pit_2026h1,DCBO,2026-05,2026-05-08,2026-06-04,V5,69477966e2a87fa4,db794473cd1cf762,true,up,"[0.01,0.05)",false,false,false,true,false
qt_pit_2026h1,DCI,2026-06,2026-06-02,2026-06-04,V5,a0e0bc98cc8e965b,a0e0bc98cc8e965b,false,none,0,false,false,false,false,false
qt_pit_2026h1,DCO,2026-02,2026-02-27,2026-06-04,V5,2a22f1da2eea7ad6,2a22f1da2eea7ad6,false,none,0,true,true,false,false,false
qt_pit_2026h1,DCO,2026-05,2026-05-12,2026-06-04,V5,a13644038becfe2a,a13644038becfe2a,false,none,0,true,true,false,false,false
qt_pit_2026h1,DDS,2026-02,2026-02-25,2026-06-04,V5,33178af7875024a0,33178af7875024a0,false,none,0,false,false,false,false,false
qt_pit_2026h1,DDS,2026-05,2026-05-14,2026-06-04,V5,75d97238cf33fd1e,75d97238cf33fd1e,false,none,0,true,true,false,false,false
qt_pit_2026h1,DFH,2026-02,2026-02-23,2026-06-04,V5,14bdb6931582b680,14bdb6931582b680,false,none,0,true,false,true,true,false
qt_pit_2026h1,DFH,2026-04,2026-05-01,2026-06-04,V5,198cc5185e1e14b5,198cc5185e1e14b5,false,none,0,false,false,false,false,false
qt_pit_2026h1,DFIN,2026-02,2026-02-17,2026-06-04,V5,0ddfc72c3ad2dd03,498c6cb4337b13c3,true,up,"[0.25,1.00)",false,true,true,true,false
qt_pit_2026h1,DFIN,2026-05,2026-05-05,2026-06-04,V5,5adfc241e58622d8,5adfc241e58622d8,false,none,0,false,false,false,false,false
qt_pit_2026h1,DGII,2026-02,2026-02-05,2026-06-04,V5,37cf46ab32cf9df1,37cf46ab32cf9df1,false,none,0,false,false,false,false,false
qt_pit_2026h1,DGII,2026-05,2026-05-07,2026-06-04,V5,c28b888cfc58f325,c28b888cfc58f325,false,none,0,false,false,false,false,false
qt_pit_2026h1,DHT,2026-02,2026-02-05,2026-06-04,V5,9167c720955190e1,9167c720955190e1,false,none,0,false,false,false,true,false
qt_pit_2026h1,DHT,2026-05,2026-05-06,2026-06-04,V5,1f57c4d4dd933899,8e6459f4a5fbc91a,true,down,"[0.01,0.05)",true,true,false,false,false
qt_pit_2026h1,DIOD,2026-02,2026-02-11,2026-06-04,V5,b1db09dc5c61aeb7,b1db09dc5c61aeb7,false,none,0,true,true,false,false,false
qt_pit_2026h1,DIOD,2026-05,2026-05-08,2026-06-04,V5,a20e5fcebd841ff4,a20e5fcebd841ff4,false,none,0,true,true,false,false,false
qt_pit_2026h1,DK,2026-02,2026-02-27,2026-06-04,V5,d1f64c4662856040,42a4004feda75a8e,true,down,"[0.25,1.00)",true,true,false,false,false
qt_pit_2026h1,DK,2026-04,2026-04-29,2026-06-04,V5,3f75fb4d891dc5b4,3f75fb4d891dc5b4,false,none,0,true,true,false,false,false
qt_pit_2026h1,DKL,2026-02,2026-02-27,2026-06-04,V5,a49a00bb89cc3a6e,a49a00bb89cc3a6e,false,none,0,false,false,false,false,false
qt_pit_2026h1,DKL,2026-04,2026-04-29,2026-06-04,V5,78b77aa951062ed5,78b77aa951062ed5,false,none,0,false,false,false,false,false
qt_pit_2026h1,DLB,2026-01,2026-02-03,2026-06-04,V5,f65d8341f32d591a,f65d8341f32d591a,false,none,0,false,false,false,false,true
qt_pit_2026h1,DLB,2026-04,2026-04-30,2026-06-04,V5,7ac0d79936de2b61,9b7b415c451c435a,true,up,"[0.25,1.00)",false,false,false,true,false
qt_pit_2026h1,DLO,2026-05,2026-05-15,2026-06-04,V5,7cca7bd6899095c3,7cca7bd6899095c3,false,none,0,false,false,false,false,false
qt_pit_2026h1,DLX,2026-05,2026-05-06,2026-06-04,V5,30d15fbb84ea7219,30d15fbb84ea7219,false,none,0,true,true,false,false,false
qt_pit_2026h1,DMRC,2026-03,2026-03-12,2026-06-04,V5,a0461f0d071777f1,c648c5e3434c2db7,true,up,"[0.05,0.25)",true,true,false,false,false
qt_pit_2026h1,DMRC,2026-05,2026-05-12,2026-06-04,V5,9a8845070938e6d4,be01bdde0823dab8,true,down,"[0.25,1.00)",true,true,false,false,false
qt_pit_2026h1,DNLI,2026-02,2026-02-27,2026-06-04,V5,4d30904ea64d5310,4d30904ea64d5310,false,none,0,false,false,false,false,false
qt_pit_2026h1,DNLI,2026-05,2026-05-10,2026-06-04,V5,f8cda8124158011f,f8cda8124158011f,false,none,0,false,false,false,false,true
qt_pit_2026h1,DNN,2026-03,2026-03-12,2026-06-04,V5,e4441a9767c2b0d7,70856c8dcebb7944,true,up,"(0,0.01)",false,false,false,false,false
qt_pit_2026h1,DNN,2026-05,2026-05-13,2026-06-04,V5,ae24f34d696310c3,cfda77f2436d006e,true,up,"[0.05,0.25)",false,true,true,true,false
qt_pit_2026h1,DNOW,2026-02,2026-02-20,2026-06-04,V5,bfe1a5bc8d475c22,dd44017c3edb515b,true,up,>=1.00,false,false,false,false,false
qt_pit_2026h1,DNOW,2026-05,2026-05-07,2026-06-04,V5,602dc7613c5ca64f,9d596dd1cec6b2e6,true,up,"[0.25,1.00)",false,false,false,false,false
qt_pit_2026h1,DNUT,2026-02,2026-02-26,2026-06-04,V5,6238e1c1227079e1,6238e1c1227079e1,false,none,0,true,true,false,false,false
qt_pit_2026h1,DNUT,2026-05,2026-05-07,2026-06-04,V5,791685d745907558,8183f81aa9150fea,true,up,"[0.05,0.25)",false,false,false,false,false
qt_pit_2026h1,DOCN,2026-02,2026-02-25,2026-06-04,V5,cd66aa44cd691048,1dd19aae48f72000,true,up,"[0.05,0.25)",false,true,true,true,false
qt_pit_2026h1,DOCS,2026-02,2026-02-06,2026-06-04,V5,d281aad123b19f4a,d281aad123b19f4a,false,none,0,false,false,false,false,false
qt_pit_2026h1,DOCS,2026-05,2026-05-13,2026-06-04,V5,a9c54f0c0637c37a,c17e5dbe8c98c762,true,up,"[0.05,0.25)",false,false,false,false,false
qt_pit_2026h1,DOLE,2026-02,2026-02-25,2026-06-04,V5,394b8b84cb68bbaa,5b42053e065f2853,true,down,"[0.25,1.00)",true,true,false,false,false
qt_pit_2026h1,DOLE,2026-05,2026-05-10,2026-06-04,V5,2a9e8e08f8f93248,2a9e8e08f8f93248,false,none,0,false,false,false,false,false
qt_pit_2026h1,DORM,2026-02,2026-02-26,2026-06-04,V5,dce4191fdc615170,1672e28e74dfe94b,true,up,>=1.00,false,false,false,true,false
qt_pit_2026h1,DORM,2026-05,2026-05-05,2026-06-04,V5,fcba2ac705ec9902,fcba2ac705ec9902,false,none,0,false,false,false,false,false
qt_pit_2026h1,DOX,2026-02,2026-02-04,2026-06-04,V5,4d77d5b23cc651b6,4d77d5b23cc651b6,false,none,0,false,false,false,false,false
qt_pit_2026h1,DOX,2026-05,2026-05-14,2026-06-04,V5,41407e2c5f322915,41407e2c5f322915,false,none,0,false,false,false,false,false
qt_pit_2026h1,DSGR,2026-04,2026-04-30,2026-06-04,V5,faaca2ac2db53274,bb7e208aa82c0d01,true,up,"[0.05,0.25)",false,false,false,false,false
qt_pit_2026h1,DV,2026-02,2026-02-27,2026-06-04,V5,b4e3393ffbf6216e,6baff572e0bb82da,true,up,"[0.01,0.05)",false,false,false,false,false
qt_pit_2026h1,DV,2026-05,2026-05-07,2026-06-04,V5,a54a898b3321cd48,a54a898b3321cd48,false,none,0,false,false,false,false,false
qt_pit_2026h1,DXC,2026-01,2026-02-03,2026-06-04,V5,337353a9b4ac4483,337353a9b4ac4483,false,none,0,true,true,false,false,true
qt_pit_2026h1,DXC,2026-05,2026-05-08,2026-06-04,V5,275ca14759f7b3fe,1104f2f8bedf139a,true,up,>=1.00,false,false,false,true,false
qt_pit_2026h1,DXPE,2026-02,2026-02-26,2026-06-04,V5,2154bcf8518fa8d0,2154bcf8518fa8d0,false,none,0,false,false,false,false,false
qt_pit_2026h1,DXPE,2026-05,2026-05-07,2026-06-04,V5,4718bd98e4a0b397,4718bd98e4a0b397,false,none,0,false,false,false,false,false
qt_pit_2026h1,DYN,2026-03,2026-03-02,2026-06-04,V5,b6146c310b0d12cb,b6146c310b0d12cb,false,none,0,false,false,false,false,false
qt_pit_2026h1,DYN,2026-05,2026-05-10,2026-06-04,V5,4ab99ef1e2b2549e,4ab99ef1e2b2549e,false,none,0,false,false,false,false,false
qt_pit_2026h1,EAT,2026-04,2026-04-29,2026-06-04,V5,cd8baf3239194f65,beccf1ab31579cb6,true,down,"[0.05,0.25)",false,false,false,false,false
qt_pit_2026h1,EBC,2026-04,2026-04-23,2026-06-04,V5,c19f5e16b0c270cd,c19f5e16b0c270cd,false,none,0,false,false,false,false,false
qt_pit_2026h1,ECG,2026-02,2026-02-25,2026-06-04,V5,0883919e8ff45277,0883919e8ff45277,false,none,0,true,true,false,false,false
qt_pit_2026h1,ECG,2026-05,2026-05-06,2026-06-04,V5,5f0605bb0351027a,5f0605bb0351027a,false,none,0,true,true,false,false,false
qt_pit_2026h1,ECO,2026-02,2026-02-19,2026-06-04,V5,fb934aa529527ab1,fb934aa529527ab1,false,none,0,true,true,false,false,false
qt_pit_2026h1,ECO,2026-05,2026-05-14,2026-06-04,V5,36368c65b31d0b7e,36368c65b31d0b7e,false,none,0,true,true,false,false,false
qt_pit_2026h1,ECVT,2026-02,2026-02-26,2026-06-04,V5,e6cd6a2e39e26db9,27f0c069320f60e5,true,up,"[0.01,0.05)",true,true,false,false,false
qt_pit_2026h1,ECVT,2026-05,2026-05-05,2026-06-04,V5,c191f7e9dd7a8053,c191f7e9dd7a8053,false,none,0,true,true,false,false,false
qt_pit_2026h1,ECX,2026-02,2026-02-13,2026-06-04,V5,47c44eba3f575f24,47c44eba3f575f24,false,none,0,false,false,false,false,false
qt_pit_2026h1,EDU,2026-04,2026-04-22,2026-06-04,V5,ed618b29479a8ac4,ed618b29479a8ac4,false,none,0,true,true,false,false,false
qt_pit_2026h1,EE,2026-05,2026-05-07,2026-06-04,V5,c886063c48e52b7d,c886063c48e52b7d,false,none,0,false,false,false,false,false
qt_pit_2026h1,EEX,2026-05,2026-05-10,2026-06-04,V5,e474ffcfa854d273,e474ffcfa854d273,false,none,0,false,false,false,false,false
qt_pit_2026h1,EFXT,2026-02,2026-02-26,2026-06-04,V5,234126af1b7cd53e,7dbafa54e1e76f52,true,up,"[0.25,1.00)",false,true,true,true,false
qt_pit_2026h1,EFXT,2026-05,2026-05-07,2026-06-04,V5,4d3a118b724aac71,4d3a118b724aac71,false,none,0,true,true,false,false,false
qt_pit_2026h1,EGO,2026-02,2026-02-20,2026-06-04,V5,3e858f4ce257f4c2,3e858f4ce257f4c2,false,none,0,false,false,false,true,false
qt_pit_2026h1,EGO,2026-04,2026-05-01,2026-06-04,V5,a91a8a1f58c23f51,fec8acaf97028d0d,true,up,"[0.01,0.05)",true,true,false,false,false
qt_pit_2026h1,EH,2026-03,2026-03-12,2026-06-04,V5,7cdc2a4249b837ee,3ae0b6d0a6d463d2,true,up,"[0.01,0.05)",true,true,false,false,false
qt_pit_2026h1,EHC,2026-04,2026-04-30,2026-06-04,V5,d8e2a3832b06e7c3,3edbdc79215fe86e,true,down,"[0.05,0.25)",true,false,true,false,false
qt_pit_2026h1,ELF,2026-02,2026-02-04,2026-06-04,V5,8eccc2cef5208df6,0a5f6c15ca21babd,true,up,"[0.25,1.00)",false,true,true,true,false
qt_pit_2026h1,ELF,2026-05,2026-05-20,2026-06-04,V5,88743e063bd8af90,88743e063bd8af90,false,none,0,true,true,false,false,false
qt_pit_2026h1,ELVN,2026-03,2026-03-05,2026-06-04,V5,d94ac94213eabf52,d94ac94213eabf52,false,none,0,false,false,false,false,true
qt_pit_2026h1,ELVN,2026-05,2026-05-10,2026-06-04,V5,789cf0f0d6aa935c,789cf0f0d6aa935c,false,none,0,true,true,false,false,true
qt_pit_2026h1,EMBC,2026-02,2026-02-05,2026-06-04,V5,fb994296db4c7c6c,54826a84131411bb,true,down,"[0.01,0.05)",true,false,true,false,false
qt_pit_2026h1,EMBC,2026-05,2026-05-05,2026-06-04,V5,90ded9903073c17d,90ded9903073c17d,false,none,0,false,false,false,false,false
qt_pit_2026h1,ENLT,2026-02,2026-02-17,2026-06-04,V5,d79f004feaa189f1,a203d4bd17c9a4d2,true,down,"[0.05,0.25)",true,true,false,false,false
qt_pit_2026h1,ENOV,2026-02,2026-02-26,2026-06-04,V5,b6d68b670e815afd,b6d68b670e815afd,false,none,0,true,true,false,false,false
qt_pit_2026h1,ENOV,2026-05,2026-05-07,2026-06-04,V5,bb20176146fa7820,bb20176146fa7820,false,none,0,false,false,false,false,false
qt_pit_2026h1,ENPH,2026-02,2026-02-04,2026-06-04,V5,0e1ed71403845baf,6c8d0e54d7fdeb25,true,up,"[0.25,1.00)",false,true,true,true,false
qt_pit_2026h1,ENPH,2026-04,2026-04-29,2026-06-04,V5,ecd42d7ca3b0843d,ecd42d7ca3b0843d,false,none,0,false,false,false,false,false
qt_pit_2026h1,ENR,2026-02,2026-02-05,2026-06-04,V5,de3c5e4d03c66204,1befd3f737ead445,true,up,"[0.25,1.00)",false,true,true,true,false
qt_pit_2026h1,ENR,2026-05,2026-05-05,2026-06-04,V5,83058465107bfd77,83058465107bfd77,false,none,0,true,true,false,false,false
qt_pit_2026h1,ENS,2026-02,2026-02-05,2026-06-04,V5,ec0620752064d1a2,dc370c7ec6f006df,true,up,"[0.25,1.00)",false,false,false,true,false
qt_pit_2026h1,ENS,2026-05,2026-05-20,2026-06-04,V5,13a6d9df09e66912,f81cc59dc0281bc8,true,up,>=1.00,false,false,false,true,false
qt_pit_2026h1,ENVX,2026-05,2026-05-13,2026-06-04,V5,31b4900405fc2f76,dc09fca69d30dadc,true,up,"[0.01,0.05)",false,false,false,true,false
qt_pit_2026h1,EOLS,2026-03,2026-03-03,2026-06-04,V5,2b8c6cce21c697ba,9fd7f0a8908ef8a6,true,up,"[0.01,0.05)",false,false,false,false,false
qt_pit_2026h1,EOLS,2026-05,2026-05-05,2026-06-04,V5,9f0bc698280110ae,3c8dbc94522d9b4d,true,down,"[0.05,0.25)",true,true,false,false,false
qt_pit_2026h1,EPAC,2026-03,2026-03-26,2026-06-04,V5,d06c77a9f3d000a8,d06c77a9f3d000a8,false,none,0,false,false,false,false,false
qt_pit_2026h1,EPC,2026-02,2026-02-09,2026-06-04,V5,f20024460d77ed10,4905b4f039d3b70e,true,up,>=1.00,false,true,true,true,false
qt_pit_2026h1,EPC,2026-05,2026-05-06,2026-06-04,V5,f47d2f71792dbe5c,f47d2f71792dbe5c,false,none,0,true,true,false,false,false
qt_pit_2026h1,ERAS,2026-05,2026-05-12,2026-06-04,V5,2626f22d3fd7d733,abd07524605053ce,true,up,"[0.25,1.00)",false,false,false,true,false
qt_pit_2026h1,ERII,2026-02,2026-02-26,2026-06-04,V5,5b495f0a4b546b88,5b495f0a4b546b88,false,none,0,false,false,false,false,false
qt_pit_2026h1,ERII,2026-05,2026-05-07,2026-06-04,V5,f57b00f57303a947,f57b00f57303a947,false,none,0,false,false,false,false,false
qt_pit_2026h1,ERO,2026-05,2026-05-05,2026-06-04,V5,e50a854f83f9a16d,e50a854f83f9a16d,false,none,0,true,true,false,false,false
qt_pit_2026h1,ESAB,2026-02,2026-02-23,2026-06-04,V5,09c36677e0c93df4,09c36677e0c93df4,false,none,0,false,false,false,false,true
qt_pit_2026h1,ESAB,2026-05,2026-05-07,2026-06-04,V5,58c26828043bb62b,f4b69a48b1610fbe,true,up,"[0.25,1.00)",false,false,false,false,false
qt_pit_2026h1,ESE,2026-02,2026-02-06,2026-06-04,V5,4d5a464c21ae5753,4d5a464c21ae5753,false,none,0,true,true,false,false,false
qt_pit_2026h1,ESE,2026-05,2026-05-08,2026-06-04,V5,ff4cd76470e0089d,ff4cd76470e0089d,false,none,0,false,false,false,false,false
qt_pit_2026h1,ESI,2026-02,2026-02-17,2026-06-04,V5,4f697b345b0568ac,75bc6066a8fcd888,true,up,"[0.25,1.00)",false,false,false,true,false
qt_pit_2026h1,ESI,2026-04,2026-04-28,2026-06-04,V5,1be0cd0f46092132,814ec6ae8e8eed74,true,up,"[0.05,0.25)",false,false,false,true,false
qt_pit_2026h1,ESQ,2026-04,2026-04-23,2026-06-04,V5,63bc3e91e5564a10,63bc3e91e5564a10,false,none,0,false,false,false,false,false
qt_pit_2026h1,ESTA,2026-02,2026-02-25,2026-06-04,V5,e0db6f465f9afeb1,e0db6f465f9afeb1,false,none,0,true,true,false,false,false
qt_pit_2026h1,ESTA,2026-05,2026-05-06,2026-06-04,V5,efb1a0080e6094ee,fec5e6ebbf92541b,true,up,"[0.05,0.25)",false,false,false,false,false
qt_pit_2026h1,ETD,2026-04,2026-04-29,2026-06-04,V5,f9b4131f53c4bc18,2f901de37a3755e5,true,up,"[0.01,0.05)",false,true,true,false,false
qt_pit_2026h1,ETSY,2026-02,2026-02-20,2026-06-04,V5,321fc75fbf215a28,649031a46e1e212b,true,down,>=1.00,true,false,true,false,false
qt_pit_2026h1,ETSY,2026-04,2026-04-29,2026-06-04,V5,9d084173fa49d1a7,c0134037ba9d50d3,true,up,"[0.25,1.00)",false,true,true,true,false
qt_pit_2026h1,EU,2026-05,2026-05-15,2026-06-04,V5,e31adc1711745536,e31adc1711745536,false,none,0,false,false,false,false,false
qt_pit_2026h1,EVCM,2026-05,2026-05-08,2026-06-04,V5,43f7f19f013dcc92,18f90c4f0886c92d,true,down,"[0.05,0.25)",true,false,true,true,false
qt_pit_2026h1,EVER,2026-02,2026-02-23,2026-06-04,V5,a44705321bfc5a30,cecbb513abbed2c7,true,up,"[0.01,0.05)",true,true,false,false,false
qt_pit_2026h1,EVER,2026-05,2026-05-05,2026-06-04,V5,ad3e968850525671,ad3e968850525671,false,none,0,true,true,false,false,false
qt_pit_2026h1,EVH,2026-02,2026-02-25,2026-06-04,V5,3b51c8140a9e2371,0b4bd5303843e77b,true,up,>=1.00,false,true,true,true,false
qt_pit_2026h1,EVH,2026-05,2026-05-07,2026-06-04,V5,5b83e6f4b70e7e84,38ec606dbb81a648,true,up,"[0.05,0.25)",false,true,true,true,false
qt_pit_2026h1,EVLV,2026-03,2026-03-10,2026-06-04,V5,2fafdfe446dd48a1,2fafdfe446dd48a1,false,none,0,true,true,false,false,false
qt_pit_2026h1,EVLV,2026-05,2026-05-12,2026-06-04,V5,ed746f17018227e8,23ec19dc30894a8c,true,down,"[0.01,0.05)",true,true,false,false,false
qt_pit_2026h1,EVTC,2026-05,2026-05-07,2026-06-04,V5,231b4b5c2298ebd8,231b4b5c2298ebd8,false,none,0,false,false,false,false,false
qt_pit_2026h1,EWTX,2026-02,2026-02-27,2026-06-04,V5,16e8bcfca932cd43,16e8bcfca932cd43,false,none,0,false,false,false,false,false
qt_pit_2026h1,EWTX,2026-05,2026-05-07,2026-06-04,V5,f13eb0f7bb3a0990,f13eb0f7bb3a0990,false,none,0,false,false,false,false,false
qt_pit_2026h1,EXK,2026-02,2026-03-02,2026-06-04,V5,5c3520c5e251cfeb,5c3520c5e251cfeb,false,none,0,false,false,false,false,true
qt_pit_2026h1,EXLS,2026-02,2026-02-25,2026-06-04,V5,6dffc116c856dc0d,befad7ed2405a4d0,true,up,"[0.05,0.25)",false,false,false,true,false
qt_pit_2026h1,EXLS,2026-04,2026-04-28,2026-06-04,V5,40e2f83d7fae5412,7f0556c1e4740a77,true,up,"[0.05,0.25)",false,false,false,true,false
qt_pit_2026h1,EXP,2026-01,2026-02-03,2026-06-04,V5,52003a0f29fdca36,52003a0f29fdca36,false,none,0,false,false,false,false,true
qt_pit_2026h1,EXP,2026-05,2026-05-19,2026-06-04,V5,23f80be4f474046e,f02feae8121af50b,true,down,"[0.05,0.25)",true,true,false,false,false
qt_pit_2026h1,EXPI,2026-02,2026-02-25,2026-06-04,V5,5d775e9e2de6d194,5d775e9e2de6d194,false,none,0,false,false,false,false,false
qt_pit_2026h1,EXPI,2026-05,2026-05-10,2026-06-04,V5,3759a91943fe84ab,3759a91943fe84ab,false,none,0,true,true,false,false,false
qt_pit_2026h1,EXPO,2026-02,2026-02-06,2026-06-04,V5,02fc42fd0c000482,02fc42fd0c000482,false,none,0,false,false,false,false,false
qt_pit_2026h1,EXPO,2026-04,2026-04-30,2026-06-04,V5,408753e32fc2b63d,408753e32fc2b63d,false,none,0,false,false,false,false,false
qt_pit_2026h1,EXTR,2026-04,2026-04-29,2026-06-04,V5,e3911232d177a7e5,5052bdd7d1fb9b39,true,up,"[0.05,0.25)",false,false,false,true,false
qt_pit_2026h1,EYE,2026-03,2026-03-09,2026-06-04,V5,89002d6153a09ebc,89002d6153a09ebc,false,none,0,true,true,false,false,true
qt_pit_2026h1,EYE,2026-05,2026-05-13,2026-06-04,V5,07c9d5c294eccded,87528889ca2bbecd,true,up,"[0.01,0.05)",false,false,false,true,false
qt_pit_2026h1,FA,2026-02,2026-02-27,2026-06-04,V5,0d65b348f5049bf6,0d65b348f5049bf6,false,none,0,true,true,false,false,false
qt_pit_2026h1,FA,2026-05,2026-05-07,2026-06-04,V5,e2ca5a0f36984e6c,8409b1ef658015bd,true,up,"[0.25,1.00)",false,true,true,true,false
qt_pit_2026h1,FBIN,2026-02,2026-02-13,2026-06-04,V5,156c5ff3cbdaab39,aff636d3ccb303a4,true,up,"[0.05,0.25)",false,false,false,false,false
qt_pit_2026h1,FBIN,2026-05,2026-05-08,2026-06-04,V5,e7524b4d1c610d3e,e7524b4d1c610d3e,false,none,0,false,false,false,false,false
qt_pit_2026h1,FCN,2026-02,2026-02-26,2026-06-04,V5,80a9cced4ea90680,80a9cced4ea90680,false,none,0,true,true,false,false,false
qt_pit_2026h1,FCN,2026-04,2026-04-30,2026-06-04,V5,f55e73629e63d6dd,17b7370ceebcc031,true,down,"[0.01,0.05)",false,false,false,false,false
qt_pit_2026h1,FDP,2026-02,2026-02-17,2026-06-04,V5,3e6c78fa1a6db064,d56501ed4fb23647,true,up,"[0.05,0.25)",true,true,false,false,false
qt_pit_2026h1,FDP,2026-05,2026-05-05,2026-06-04,V3,b9b3074d0930313f,b9b3074d0930313f,false,none,0,false,false,false,false,false
qt_pit_2026h1,FDUS,2026-02,2026-02-27,2026-06-04,V5,92c647c2e1a345f3,6cb0020793789225,true,down,"[0.01,0.05)",true,false,true,false,false
qt_pit_2026h1,FDUS,2026-05,2026-05-08,2026-06-04,V5,90e802350690ce59,fe4d93e89c6b1062,true,down,"[0.01,0.05)",true,true,false,false,false
qt_pit_2026h1,FELE,2026-02,2026-02-20,2026-06-04,V5,5bd4f88c55766b36,5bd4f88c55766b36,false,none,0,false,false,false,false,true
qt_pit_2026h1,FELE,2026-04,2026-04-28,2026-06-04,V5,bdc112c0133d8a8e,bdc112c0133d8a8e,false,none,0,false,false,false,false,false
qt_pit_2026h1,FHB,2026-01,2026-02-03,2026-06-04,V5,0d226c2777ca6d29,0d226c2777ca6d29,false,none,0,false,false,false,false,true
qt_pit_2026h1,FHB,2026-04,2026-04-24,2026-06-04,V5,f12f4e9ab60b80f2,f12f4e9ab60b80f2,false,none,0,false,false,false,false,false
qt_pit_2026h1,FIBK,2026-04,2026-04-29,2026-06-04,V5,8c6c94f44744fcb6,8c6c94f44744fcb6,false,none,0,false,false,false,false,false
qt_pit_2026h1,FIGS,2026-02,2026-02-27,2026-06-04,V5,85e923d057b1a2e5,85e923d057b1a2e5,false,none,0,true,true,false,false,false
qt_pit_2026h1,FIP,2026-02,2026-02-27,2026-06-04,V5,f846d241a762e2dc,f846d241a762e2dc,false,none,0,false,false,false,false,false
qt_pit_2026h1,FIP,2026-05,2026-05-08,2026-06-04,V5,984092dfde27f270,984092dfde27f270,false,none,0,false,false,false,false,false
qt_pit_2026h1,FIVN,2026-02,2026-02-20,2026-06-04,V5,b21347fc943f9fd2,b21347fc943f9fd2,false,none,0,false,false,false,false,false
qt_pit_2026h1,FIVN,2026-04,2026-04-30,2026-06-04,V5,f83a29ddfdc2c3b8,04e63508f3a576d4,true,up,"[0.25,1.00)",false,true,true,true,false
qt_pit_2026h1,FIZZ,2026-03,2026-03-13,2026-06-04,V5,122d9cc7ec6d67a9,122d9cc7ec6d67a9,false,none,0,false,false,false,false,false
qt_pit_2026h1,FLNC,2026-02,2026-02-05,2026-06-04,V5,843700e0d78cfd13,843700e0d78cfd13,false,none,0,false,false,false,false,false
qt_pit_2026h1,FLNC,2026-05,2026-05-07,2026-06-04,V5,0973920e808a4abb,0973920e808a4abb,false,none,0,true,true,false,false,false
qt_pit_2026h1,FLNG,2026-02,2026-02-11,2026-06-04,V5,3f9622a9270966ab,3f9622a9270966ab,false,none,0,false,false,false,false,false
qt_pit_2026h1,FLNG,2026-05,2026-05-13,2026-06-04,V5,6c912221058c0473,6c912221058c0473,false,none,0,false,false,false,false,false
qt_pit_2026h1,FLO,2026-02,2026-02-13,2026-06-04,V5,89f62acf930803e5,89f62acf930803e5,false,none,0,true,true,false,false,false
qt_pit_2026h1,FLO,2026-05,2026-05-21,2026-06-04,V5,db5d0e9a62ff082d,63eb217a93eed664,true,up,"[0.05,0.25)",false,false,false,true,false
qt_pit_2026h1,FLR,2026-02,2026-02-17,2026-06-04,V5,7f914d387587ab9a,7f914d387587ab9a,false,none,0,false,false,false,false,false
qt_pit_2026h1,FLR,2026-05,2026-05-08,2026-06-04,V5,6b11ba8cd595ce8c,6b11ba8cd595ce8c,false,none,0,false,false,false,false,false
qt_pit_2026h1,FLS,2026-04,2026-04-30,2026-06-04,V5,200405429c1c2b87,200405429c1c2b87,false,none,0,false,false,false,false,false
qt_pit_2026h1,FLYW,2026-05,2026-05-05,2026-06-04,V5,d4d220a1af080310,d4d220a1af080310,false,none,0,true,true,false,false,false
qt_pit_2026h1,FMC,2026-02,2026-02-05,2026-06-04,V5,3a0540355dd2b28d,3a0540355dd2b28d,false,none,0,false,false,false,false,false
qt_pit_2026h1,FMC,2026-04,2026-04-29,2026-06-04,V5,a82e776d3cff1075,481f3abffda6a0c0,true,up,>=1.00,false,true,true,true,false
qt_pit_2026h1,FNKO,2026-05,2026-05-08,2026-06-04,V5,a7c68098e2d215c8,bb6e7e243b0fec1e,true,up,"[0.05,0.25)",false,true,true,false,false
qt_pit_2026h1,FOLD,2026-02,2026-02-25,2026-06-04,V5,a60dde14149e12cc,79de07d75b675bf2,true,down,"[0.05,0.25)",false,false,false,false,true
qt_pit_2026h1,FORM,2026-02,2026-02-05,2026-06-04,V5,da3396834e50799f,da3396834e50799f,false,none,0,true,true,false,false,false
qt_pit_2026h1,FOUR,2026-02,2026-02-27,2026-06-04,V5,be8b5a134e085e6d,be8b5a134e085e6d,false,none,0,false,false,false,false,false
qt_pit_2026h1,FOUR,2026-05,2026-05-08,2026-06-04,V5,d8545c4734e671c1,d8545c4734e671c1,false,none,0,false,false,false,false,false
qt_pit_2026h1,FOXF,2026-02,2026-02-27,2026-06-04,V5,663ac9cbf907552d,79812111d0e8fbd4,true,up,>=1.00,false,true,true,true,false
qt_pit_2026h1,FOXF,2026-05,2026-05-08,2026-06-04,V5,f66c01eea87ea518,e382d96ffee2f182,true,up,"[0.25,1.00)",false,true,true,true,false
qt_pit_2026h1,FRHC,2026-06,2026-06-02,2026-06-04,V3,a39fa2a7b2f76a63,a39fa2a7b2f76a63,false,none,0,false,false,false,false,false
qt_pit_2026h1,FROG,2026-02,2026-02-13,2026-06-04,V5,e1b8a326c15df0b0,e1b8a326c15df0b0,false,none,0,true,true,false,false,false
qt_pit_2026h1,FROG,2026-05,2026-05-08,2026-06-04,V5,ab223292b0a8efaa,ab223292b0a8efaa,false,none,0,true,true,false,false,false
qt_pit_2026h1,FRPT,2026-02,2026-02-23,2026-06-04,V5,e8213b33ba464169,9eb8702d5e584ee9,true,up,"[0.01,0.05)",true,true,false,false,false
qt_pit_2026h1,FRPT,2026-05,2026-05-06,2026-06-04,V5,ab9b31e17b400c78,add08e44fa1f060f,true,down,"[0.25,1.00)",true,false,true,true,false
qt_pit_2026h1,FRSH,2026-02,2026-02-11,2026-06-04,V5,341266fbb0bca0f9,341266fbb0bca0f9,false,none,0,true,true,false,false,false
qt_pit_2026h1,FRSH,2026-05,2026-05-06,2026-06-04,V5,967a4bd143c84fc5,967a4bd143c84fc5,false,none,0,false,false,false,false,false
qt_pit_2026h1,FSBC,2026-04,2026-04-28,2026-06-04,V5,64ce08ff2f892ecc,64ce08ff2f892ecc,false,none,0,false,false,false,false,false
qt_pit_2026h1,FSLY,2026-02,2026-02-11,2026-06-04,V5,674f1cd223940b47,674f1cd223940b47,false,none,0,true,true,false,false,false
qt_pit_2026h1,FSLY,2026-05,2026-05-07,2026-06-04,V5,2f8fcebd8b906d94,2f8fcebd8b906d94,false,none,0,true,true,false,false,false
qt_pit_2026h1,FSM,2026-02,2026-02-23,2026-06-04,V5,5f5e28ad3e748d48,5f5e28ad3e748d48,false,none,0,false,false,false,false,true
qt_pit_2026h1,FSM,2026-05,2026-05-07,2026-06-04,V5,6ef8abc4a4942ac4,6ef8abc4a4942ac4,false,none,0,false,false,false,false,false
qt_pit_2026h1,FSS,2026-02,2026-02-26,2026-06-04,V5,d6fa9742a1e1e363,d6fa9742a1e1e363,false,none,0,false,false,false,false,false
qt_pit_2026h1,FSS,2026-04,2026-04-29,2026-06-04,V5,d6fa9742a1e1e363,d31fed32219ef54d,true,up,"[0.01,0.05)",true,true,false,false,false
qt_pit_2026h1,FSUN,2026-04,2026-04-27,2026-06-04,V5,857402101dd761b9,857402101dd761b9,false,none,0,false,false,false,false,false
qt_pit_2026h1,FSV,2026-02,2026-02-04,2026-06-04,V5,873c600a89ee32ee,9b06716543855bad,true,up,"[0.01,0.05)",false,false,false,false,false
qt_pit_2026h1,FSV,2026-04,2026-04-23,2026-06-04,V5,345c3b6cfb97021a,6a733d492fc8a81b,true,up,"[0.01,0.05)",false,false,false,false,false
qt_pit_2026h1,FTDR,2026-02,2026-02-26,2026-06-04,V5,0b31bfec0ce86d26,0b31bfec0ce86d26,false,none,0,true,true,false,false,false
qt_pit_2026h1,FTDR,2026-04,2026-04-30,2026-06-04,V5,6c26b34075e6286b,7425c95cb179edf5,true,up,"[0.05,0.25)",false,true,true,true,false
qt_pit_2026h1,FTRE,2026-02,2026-02-26,2026-06-04,V5,51e518de2479070a,51e518de2479070a,false,none,0,false,false,false,false,false
qt_pit_2026h1,FTRE,2026-05,2026-05-05,2026-06-04,V5,e6472b25c250c2de,fb600b0be8dee8f4,true,up,"[0.25,1.00)",false,true,true,true,false
qt_pit_2026h1,FUL,2026-03,2026-03-26,2026-06-04,V5,84b061dea75e7aaa,84b061dea75e7aaa,false,none,0,false,false,false,false,false
qt_pit_2026h1,FUN,2026-02,2026-02-19,2026-06-04,V5,5bfe663ffeb644c4,5bfe663ffeb644c4,false,none,0,false,false,false,false,false
qt_pit_2026h1,FUN,2026-05,2026-05-07,2026-06-04,V5,befa0cefe6530c67,69cd146ee5566f20,true,up,"[0.25,1.00)",false,true,true,true,false
qt_pit_2026h1,FVRR,2026-02,2026-02-17,2026-06-04,V5,6916fed59dc5d3c0,6916fed59dc5d3c0,false,none,0,true,true,false,false,false
qt_pit_2026h1,FVRR,2026-04,2026-04-30,2026-06-04,V5,7595b989c3c1ce51,56e29713a062cddb,true,up,"[0.25,1.00)",false,false,false,false,false
qt_pit_2026h1,FWRD,2026-02,2026-02-24,2026-06-04,V5,259c7f68f4cd9500,308e02b25083fdad,true,up,"[0.25,1.00)",false,false,false,false,false
qt_pit_2026h1,FWRD,2026-05,2026-05-08,2026-06-04,V5,e2ca75f6b4cb9cbe,18bf908b96fe1984,true,down,"[0.05,0.25)",false,false,false,false,false
qt_pit_2026h1,FWRG,2026-02,2026-02-24,2026-06-04,V5,8eb95d7db9d161a4,57cc5caad6aa9927,true,down,"[0.01,0.05)",true,true,false,false,false
qt_pit_2026h1,FWRG,2026-05,2026-05-05,2026-06-04,V5,2b4630d369d72739,2b4630d369d72739,false,none,0,false,false,false,false,false
qt_pit_2026h1,G,2026-02,2026-02-06,2026-06-04,V5,544f1ae0cfef1eda,108ccd34592a6eb6,true,up,"[0.05,0.25)",false,false,false,true,false
qt_pit_2026h1,G,2026-05,2026-05-08,2026-06-04,V5,63410427348d4ffe,63410427348d4ffe,false,none,0,false,false,false,false,false
qt_pit_2026h1,GAP,2026-03,2026-03-06,2026-06-04,V5,7c61f74107c77095,7c61f74107c77095,false,none,0,false,false,false,false,false
qt_pit_2026h1,GAP,2026-05,2026-05-28,2026-06-04,V5,ddce8682c7a48c0f,ddce8682c7a48c0f,false,none,0,false,false,false,false,false
qt_pit_2026h1,GATX,2026-02,2026-02-19,2026-06-04,V5,36cc63735aa98a27,552f3876ce300f18,true,down,"[0.25,1.00)",true,false,true,false,false
qt_pit_2026h1,GATX,2026-05,2026-05-07,2026-06-04,V5,c2bb51e7aa37c83b,c2bb51e7aa37c83b,false,none,0,false,false,false,false,false
qt_pit_2026h1,GBDC,2026-02,2026-02-05,2026-06-04,V5,5c32d7645e32a074,805508e82cf3b168,true,up,"[0.01,0.05)",false,false,false,false,false
qt_pit_2026h1,GBDC,2026-05,2026-05-05,2026-06-04,V5,73ee703c1cb71503,73ee703c1cb71503,false,none,0,false,false,false,false,false
qt_pit_2026h1,GBTG,2026-03,2026-02-26,2026-06-04,V5,a95b18f35300658c,1e506d3515633f0d,true,down,"[0.05,0.25)",true,true,false,false,false
qt_pit_2026h1,GBTG,2026-05,2026-05-05,2026-06-04,V5,8b4d41fba7aef457,8b4d41fba7aef457,false,none,0,false,false,false,false,false
qt_pit_2026h1,GBX,2026-04,2026-04-08,2026-06-04,V5,ca1785b0afc3077d,ca1785b0afc3077d,false,none,0,false,false,false,false,false
qt_pit_2026h1,GCT,2026-02,2026-02-26,2026-06-04,V5,2c279dce49216123,2c279dce49216123,false,none,0,true,true,false,false,false
qt_pit_2026h1,GCT,2026-05,2026-05-07,2026-06-04,V5,2c279dce49216123,2c279dce49216123,false,none,0,true,true,false,false,false
qt_pit_2026h1,GDEN,2026-02,2026-02-27,2026-06-04,V5,5c69b5bb5cecbb25,09603c2a3b8401f6,true,up,"[0.25,1.00)",false,false,false,false,false
qt_pit_2026h1,GDYN,2026-04,2026-04-30,2026-06-04,V5,c93803719f4a1f25,fe7db717978bb9ab,true,up,"[0.05,0.25)",false,true,true,true,false
qt_pit_2026h1,GEF,2026-04,2026-04-29,2026-06-04,V5,d1d640fe2ad28820,d1d640fe2ad28820,false,none,0,false,false,false,false,false
qt_pit_2026h1,GEL,2026-02,2026-02-13,2026-06-04,V5,ffb0070978f5649f,ffb0070978f5649f,false,none,0,false,false,false,false,false
qt_pit_2026h1,GEL,2026-05,2026-05-07,2026-06-04,V5,de2835b5d71e47e1,de2835b5d71e47e1,false,none,0,false,false,false,false,false
qt_pit_2026h1,GEO,2026-02,2026-02-13,2026-06-04,V5,3c873fba68783d0f,3c873fba68783d0f,false,none,0,false,false,false,false,false
qt_pit_2026h1,GEO,2026-05,2026-05-06,2026-06-04,V5,2f7dd67271e0e5e2,2f7dd67271e0e5e2,false,none,0,true,true,false,false,false
qt_pit_2026h1,GERN,2026-02,2026-02-26,2026-06-04,V5,0c70426915aa8d8b,c7d70fe16e33f63d,true,up,"[0.01,0.05)",false,false,false,false,false
qt_pit_2026h1,GERN,2026-05,2026-05-06,2026-06-04,V5,73f187b893264e9c,73f187b893264e9c,false,none,0,true,true,false,false,false
qt_pit_2026h1,GFF,2026-02,2026-02-05,2026-06-04,V5,387a31668fed845b,4670c8f56244f10a,true,up,"[0.01,0.05)",false,false,false,false,false
qt_pit_2026h1,GFF,2026-05,2026-05-07,2026-06-04,V5,916cc2536a0683f4,916cc2536a0683f4,false,none,0,false,false,false,false,false
qt_pit_2026h1,GHC,2026-02,2026-02-26,2026-06-04,V5,27e40bc0c57a35eb,0bd9d045ec5923b9,true,down,>=1.00,true,false,true,true,false
qt_pit_2026h1,GHC,2026-04,2026-04-30,2026-06-04,V3,c35d05a7f0fc4429,c97daaa7e4da97be,true,up,>=1.00,false,true,true,true,false
qt_pit_2026h1,GIC,2026-02,2026-02-25,2026-06-04,V5,f2b66e7955e17a5c,f2b66e7955e17a5c,false,none,0,false,false,false,false,false
qt_pit_2026h1,GIC,2026-05,2026-05-06,2026-06-04,V3,ad2e095fe17da254,ad2e095fe17da254,false,none,0,false,false,false,false,false
qt_pit_2026h1,GIII,2026-03,2026-03-12,2026-06-04,V5,df02cd8b46445d46,c48a07f735808ccc,true,up,>=1.00,false,false,false,false,false
qt_pit_2026h1,GIL,2026-02,2026-02-26,2026-06-04,V5,98ae3d08b6e78281,98ae3d08b6e78281,false,none,0,false,false,false,true,false
qt_pit_2026h1,GIL,2026-04,2026-05-01,2026-06-04,V5,945f48d7fb7723d2,945f48d7fb7723d2,false,none,0,true,true,false,false,false
qt_pit_2026h1,GKOS,2026-02,2026-02-17,2026-06-04,V5,2dded4c4a94320ac,4f2465e87df151ce,true,up,>=1.00,false,false,false,false,false
qt_pit_2026h1,GKOS,2026-04,2026-04-29,2026-06-04,V5,8038afd709986e39,3eef924ab7ef6c3e,true,up,"[0.05,0.25)",false,true,true,true,false
qt_pit_2026h1,GLBE,2026-02,2026-02-19,2026-06-04,V5,21919cef1ace7316,21919cef1ace7316,false,none,0,true,true,false,false,false
qt_pit_2026h1,GLBE,2026-05,2026-05-13,2026-06-04,V5,df459f5d2ff20bef,df459f5d2ff20bef,false,none,0,false,false,false,false,false
qt_pit_2026h1,GLDD,2026-02,2026-02-17,2026-06-04,V5,a3e8c84b0c659f2f,c9ac2d5ebddf5f73,true,up,"[0.05,0.25)",false,true,true,true,false
qt_pit_2026h1,GLNG,2026-02,2026-02-25,2026-06-04,V5,5243bf7b77299ea7,a547bdd641747732,true,down,"[0.05,0.25)",false,false,false,true,false
qt_pit_2026h1,GLNG,2026-05,2026-05-20,2026-06-04,V5,aee537c692910794,ecc005a709540702,true,down,"[0.05,0.25)",true,true,false,false,false
qt_pit_2026h1,GLP,2026-02,2026-02-27,2026-06-04,V5,2745c7cfb76e85c3,2745c7cfb76e85c3,false,none,0,false,false,false,false,false
qt_pit_2026h1,GLP,2026-05,2026-05-10,2026-06-04,V5,788cc20c2965347e,788cc20c2965347e,false,none,0,true,true,false,false,true
qt_pit_2026h1,GNK,2026-05,2026-05-07,2026-06-04,V5,b22cd3a8058c7d3f,b22cd3a8058c7d3f,false,none,0,true,true,false,false,false
qt_pit_2026h1,GNTX,2026-01,2026-02-03,2026-06-04,V5,b2a14eb5ec03a6dd,b2a14eb5ec03a6dd,false,none,0,false,false,false,false,true
qt_pit_2026h1,GNTX,2026-04,2026-04-24,2026-06-04,V5,8f7e880f48196b3d,8f7e880f48196b3d,false,none,0,false,false,false,false,false
qt_pit_2026h1,GO,2026-03,2026-03-04,2026-06-04,V5,bbadcba06deeae0f,53d4e1461eec6ab4,true,up,>=1.00,false,false,false,false,false
qt_pit_2026h1,GO,2026-05,2026-05-13,2026-06-04,V5,401912fae06fec2f,469840b51c255c48,true,up,>=1.00,false,true,true,true,false
qt_pit_2026h1,GOGO,2026-02,2026-03-03,2026-06-04,V5,9291ddbbd39b95ba,9291ddbbd39b95ba,false,none,0,false,false,false,false,true
qt_pit_2026h1,GOGO,2026-05,2026-05-08,2026-06-04,V5,7f2c958b708be675,1acaf49fb58add9f,true,down,"[0.01,0.05)",true,false,true,true,false
qt_pit_2026h1,GOLF,2026-02,2026-02-26,2026-06-04,V5,93593ee3c621cbd6,4225d82fb5815d6a,true,up,"[0.25,1.00)",false,false,false,false,false
qt_pit_2026h1,GOLF,2026-05,2026-05-06,2026-06-04,V5,3b97704d3495758a,3b97704d3495758a,false,none,0,false,false,false,false,false
qt_pit_2026h1,GPCR,2026-02,2026-02-27,2026-06-04,V5,e6d48d744f48874d,e6d48d744f48874d,false,none,0,false,false,false,false,false
qt_pit_2026h1,GPCR,2026-05,2026-05-08,2026-06-04,V5,5f855a1224b7c368,6ca49ce3a212fcb8,true,up,"[0.25,1.00)",false,true,true,true,false
qt_pit_2026h1,GPI,2026-01,2026-02-03,2026-06-04,V5,f1cdaadf885392ef,f1cdaadf885392ef,false,none,0,false,false,false,false,true
qt_pit_2026h1,GPI,2026-04,2026-04-30,2026-06-04,V5,a90233a5d9e9a152,01b11331a707cb8d,true,down,>=1.00,true,false,true,true,false
qt_pit_2026h1,GPK,2026-02,2026-02-04,2026-06-04,V5,1a9462b549ea5e2b,b4f4c6aa2dcbc4bd,true,up,"[0.05,0.25)",false,false,false,false,false
qt_pit_2026h1,GPK,2026-05,2026-05-05,2026-06-04,V5,d513e8bc6c52c471,aa4074a1cc8a4eb3,true,up,"[0.05,0.25)",false,true,true,true,false
qt_pit_2026h1,GPOR,2026-02,2026-02-25,2026-06-04,V5,0d81bc666686e7a1,7f87fa501d965842,true,up,"[0.25,1.00)",false,false,false,true,false
qt_pit_2026h1,GPOR,2026-05,2026-05-05,2026-06-04,V5,bf3700264613c6c1,a36d0aaaf323f8e8,true,down,"[0.25,1.00)",false,false,false,false,false
qt_pit_2026h1,GPRE,2026-02,2026-02-05,2026-06-04,V5,9b259a40d40ed601,8ff63c54bf76f242,true,up,"[0.25,1.00)",false,true,true,true,false
qt_pit_2026h1,GRBK,2026-02,2026-02-26,2026-06-04,V5,b779f5b21306a8f4,c8c7a8d7ff74d959,true,down,"[0.01,0.05)",true,false,true,false,false
qt_pit_2026h1,GRBK,2026-04,2026-04-29,2026-06-04,V5,6ec350fefee989bc,6ec350fefee989bc,false,none,0,true,true,false,false,false
qt_pit_2026h1,GRC,2026-02,2026-02-06,2026-06-04,V5,17bc3d0671daa230,17bc3d0671daa230,false,none,0,true,true,false,false,false
qt_pit_2026h1,GRC,2026-04,2026-04-23,2026-06-04,V3,3e657ba3f32da269,4cdd2e92378b653e,true,up,"[0.05,0.25)",true,true,false,false,false
qt_pit_2026h1,GRFS,2026-02,2026-02-27,2026-06-04,V5,7a882f12e23efded,02dee8999f51ee79,true,down,"[0.01,0.05)",false,false,false,true,false
qt_pit_2026h1,GRFS,2026-05,2026-05-08,2026-06-04,V3,073e67f836164023,76c3078aeced3435,true,up,"[0.01,0.05)",false,true,true,true,false
qt_pit_2026h1,GSHD,2026-02,2026-02-17,2026-06-04,V5,182470db9267bacb,04ca240f1f57e1cb,true,up,"[0.25,1.00)",false,true,true,true,false
qt_pit_2026h1,GSHD,2026-04,2026-04-23,2026-06-04,V5,f498a6cf445d37a1,f498a6cf445d37a1,false,none,0,true,true,false,false,false
qt_pit_2026h1,GSL,2026-03,2026-03-06,2026-06-04,V5,534b0ac18ba0f5f9,534b0ac18ba0f5f9,false,none,0,false,false,false,false,true
qt_pit_2026h1,GSL,2026-05,2026-05-22,2026-06-04,V5,bf7752f62ab39217,bf7752f62ab39217,false,none,0,false,false,false,false,false
qt_pit_2026h1,GSM,2026-02,2026-02-17,2026-06-04,V5,a9a4f24ec583dfe8,a9a4f24ec583dfe8,false,none,0,true,true,false,false,false
qt_pit_2026h1,GSM,2026-05,2026-05-06,2026-06-04,V5,6438fea00669f5dc,6438fea00669f5dc,false,none,0,false,false,false,false,false
qt_pit_2026h1,GT,2026-05,2026-05-07,2026-06-04,V5,219db48eed8eb8ca,219db48eed8eb8ca,false,none,0,true,true,false,false,false
qt_pit_2026h1,GTES,2026-02,2026-02-13,2026-06-04,V5,cca1afc901499373,cca1afc901499373,false,none,0,false,false,false,false,false
qt_pit_2026h1,GTES,2026-05,2026-05-01,2026-06-04,V5,840199abdcef6970,840199abdcef6970,false,none,0,false,false,false,false,false
qt_pit_2026h1,GTLB,2026-03,2026-03-03,2026-06-04,V5,f22fa891abfd83c1,c39814ad479c3b72,true,up,"[0.25,1.00)",false,true,true,true,false
qt_pit_2026h1,GTLB,2026-06,2026-06-02,2026-06-04,V5,e82a28d11817cfbd,e82a28d11817cfbd,false,none,0,true,true,false,false,false
qt_pit_2026h1,GTLS,2026-02,2026-03-02,2026-06-04,V5,28248a10a1963075,28248a10a1963075,false,none,0,false,false,false,false,true
qt_pit_2026h1,GTLS,2026-05,2026-05-12,2026-06-04,V5,99b7c8458d93d482,f1d2dc9f028914b3,true,up,"[0.25,1.00)",false,false,false,false,false
qt_pit_2026h1,GTX,2026-02,2026-02-19,2026-06-04,V5,8600eb25ba334a33,44196bd016afcf54,true,down,"[0.01,0.05)",true,true,false,false,false
qt_pit_2026h1,GTX,2026-04,2026-04-30,2026-06-04,V5,5fb1b1e53cd461ef,88c39df11aff96c2,true,down,"[0.01,0.05)",true,true,false,false,false
qt_pit_2026h1,GVA,2026-02,2026-02-13,2026-06-04,V5,6d4354265eec3e2a,b92b3eb1f7478395,true,up,"[0.25,1.00)",false,false,false,true,false
qt_pit_2026h1,GVA,2026-04,2026-04-30,2026-06-04,V5,0e48bda847b126db,2043c2d18a3c6a0b,true,up,"[0.25,1.00)",false,true,true,true,false
qt_pit_2026h1,GXO,2026-02,2026-02-11,2026-06-04,V5,5a503e4f50d1f52d,5a503e4f50d1f52d,false,none,0,false,false,false,false,false
qt_pit_2026h1,GXO,2026-05,2026-05-05,2026-06-04,V5,27193dfe92c411af,27193dfe92c411af,false,none,0,true,true,false,false,false
qt_pit_2026h1,GYRE,2026-05,2026-05-07,2026-06-04,V5,58f58e46c91c7800,a26b6451a40aa49b,true,up,"[0.05,0.25)",false,true,true,true,false
qt_pit_2026h1,HAE,2026-02,2026-02-05,2026-06-04,V5,2b353756501d2c1b,a5eade2ec0157343,true,up,"[0.25,1.00)",false,false,false,true,false
qt_pit_2026h1,HAE,2026-05,2026-05-07,2026-06-04,V5,f06c923f23fa43c0,f06c923f23fa43c0,false,none,0,false,false,false,false,false
qt_pit_2026h1,HAFN,2026-02,2026-02-26,2026-06-04,V5,67780fe24029a01d,67780fe24029a01d,false,none,0,false,false,false,true,false
qt_pit_2026h1,HAFN,2026-05,2026-05-27,2026-06-04,V3,d9b2c44b93f02f83,d9b2c44b93f02f83,false,none,0,true,true,false,false,false
qt_pit_2026h1,HALO,2026-02,2026-02-17,2026-06-04,V5,809164ffff412848,ebf56a951d023fcd,true,up,"[0.25,1.00)",false,false,false,false,false
qt_pit_2026h1,HALO,2026-05,2026-05-12,2026-06-04,V5,1d1eae14dfe3c587,1d1eae14dfe3c587,false,none,0,false,false,false,false,false
qt_pit_2026h1,HAYW,2026-02,2026-02-25,2026-06-04,V5,5f74be2388375a9d,27b7226d087bbb70,true,down,"[0.01,0.05)",true,false,true,false,false
qt_pit_2026h1,HAYW,2026-04,2026-04-29,2026-06-04,V5,b236f9b0b0adb7ea,b236f9b0b0adb7ea,false,none,0,true,true,false,false,false
qt_pit_2026h1,HBM,2026-02,2026-02-23,2026-06-04,V5,18173f71356acfa9,18173f71356acfa9,false,none,0,false,false,false,false,true
qt_pit_2026h1,HBM,2026-05,2026-05-01,2026-06-04,V5,8a94593462ae1f74,8a94593462ae1f74,false,none,0,true,true,false,false,false
qt_pit_2026h1,HBT,2026-04,2026-04-27,2026-06-04,V5,5fe06303e482f65a,5fe06303e482f65a,false,none,0,false,false,false,false,false
qt_pit_2026h1,HCC,2026-02,2026-02-13,2026-06-04,V5,67a57a848c6353ba,67a57a848c6353ba,false,none,0,false,false,false,false,false
qt_pit_2026h1,HCC,2026-04,2026-04-30,2026-06-04,V5,0af4603168489805,0af4603168489805,false,none,0,false,true,true,true,false
qt_pit_2026h1,HCKT,2026-02,2026-02-17,2026-06-04,V5,9048f39b57b2c5c8,9048f39b57b2c5c8,false,none,0,false,false,false,false,false
qt_pit_2026h1,HCKT,2026-05,2026-05-06,2026-06-04,V5,99a9304928e147ca,99a9304928e147ca,false,none,0,false,false,false,false,false
qt_pit_2026h1,HCSG,2026-02,2026-02-11,2026-06-04,V5,4e2d9e753c468c09,4e2d9e753c468c09,false,none,0,true,true,false,false,false
qt_pit_2026h1,HCSG,2026-04,2026-04-22,2026-06-04,V5,a4bb3274e7d8d777,a4bb3274e7d8d777,false,none,0,true,true,false,false,false
qt_pit_2026h1,HELE,2026-04,2026-04-23,2026-06-04,V5,cdf7f8c668f9f306,5e67402b70e4be25,true,up,"[0.05,0.25)",true,true,false,false,false
qt_pit_2026h1,HESM,2026-02,2026-02-03,2026-06-04,V5,0f2cb7c63a46d222,0f2cb7c63a46d222,false,none,0,false,false,false,false,false
qt_pit_2026h1,HESM,2026-05,2026-05-04,2026-06-04,V5,06eb209314c9fca1,06eb209314c9fca1,false,none,0,false,false,false,false,false
qt_pit_2026h1,HGV,2026-02,2026-02-26,2026-06-04,V5,8a80815092306fb7,8a80815092306fb7,false,none,0,false,false,false,false,false
qt_pit_2026h1,HGV,2026-04,2026-04-30,2026-06-04,V5,0e0e17953d5545d3,39e6c3272b8b10aa,true,up,"[0.05,0.25)",true,true,false,false,false
qt_pit_2026h1,HI,2026-02,2026-02-11,2026-06-04,V5,708f64766cc67de5,44e23d36e89c6d0e,true,down,"(0,0.01)",false,false,false,false,false
qt_pit_2026h1,HIMS,2026-02,2026-02-23,2026-06-04,V5,5b74f9fe4da887a8,a60395828fc858d2,true,down,"[0.01,0.05)",true,true,false,false,false
qt_pit_2026h1,HIMS,2026-05,2026-05-10,2026-06-04,V5,d4d6fa9c8f1ace66,523eaab65ac7ea8c,true,up,"[0.05,0.25)",false,false,false,false,false
qt_pit_2026h1,HIMX,2026-02,2026-02-13,2026-06-04,V5,1adfef70919a5ced,1adfef70919a5ced,false,none,0,false,false,false,false,false
qt_pit_2026h1,HIMX,2026-05,2026-05-07,2026-06-04,V5,ffcccbf63902d2e9,ffcccbf63902d2e9,false,none,0,true,true,false,false,false
qt_pit_2026h1,HLF,2026-02,2026-02-19,2026-06-04,V5,d05f3fa115347ef9,6c1b5978200edce5,true,down,"[0.25,1.00)",true,false,true,true,false
qt_pit_2026h1,HLF,2026-05,2026-05-07,2026-06-04,V5,322a74090a014e3d,322a74090a014e3d,false,none,0,false,false,false,false,false
qt_pit_2026h1,HLIO,2026-03,2026-03-03,2026-06-04,V5,7ad7a66e3bd16a34,7ad7a66e3bd16a34,false,none,0,true,true,false,false,false
qt_pit_2026h1,HLIO,2026-05,2026-05-12,2026-06-04,V5,772760fc1f795d7e,772760fc1f795d7e,false,none,0,true,true,false,false,false
qt_pit_2026h1,HLIT,2026-02,2026-02-23,2026-06-04,V5,31bf6791d7ca8190,38389151153f7c44,true,up,"[0.05,0.25)",false,true,true,true,true
qt_pit_2026h1,HLIT,2026-05,2026-05-12,2026-06-04,V5,179c310d3aa22444,179c310d3aa22444,false,none,0,true,true,false,false,false
qt_pit_2026h1,HLMN,2026-02,2026-02-17,2026-06-04,V5,7047b6b24eb9790b,2285aa6076af9579,true,up,"[0.05,0.25)",false,false,false,false,false
qt_pit_2026h1,HLMN,2026-04,2026-04-27,2026-06-04,V5,47b1da57594ba32b,a42aea9e1ff7e462,true,up,"[0.05,0.25)",false,false,false,false,false
qt_pit_2026h1,HLNE,2026-02,2026-02-04,2026-06-04,V5,e601c37b4cbb7d1e,e601c37b4cbb7d1e,false,none,0,true,true,false,false,false
qt_pit_2026h1,HLNE,2026-05,2026-05-21,2026-06-04,V5,51aaa165d7c2df0a,0e25ae61ed7ed85c,true,up,"[0.25,1.00)",false,false,false,true,false
qt_pit_2026h1,HLX,2026-04,2026-04-23,2026-06-04,V5,ff498800f7525bab,ff498800f7525bab,false,none,0,false,false,false,false,false
qt_pit_2026h1,HNI,2026-02,2026-02-26,2026-06-04,V5,a5197795cb7f6895,7a34523842b4cbb5,true,up,>=1.00,false,false,false,false,false
qt_pit_2026h1,HNI,2026-05,2026-05-06,2026-06-04,V5,ace3adf1ab615b93,ace3adf1ab615b93,false,none,0,false,false,false,false,false
qt_pit_2026h1,HNST,2026-02,2026-02-26,2026-06-04,V5,8b72a9614308c215,e58cab625c51e09c,true,up,"[0.05,0.25)",false,false,false,false,false
qt_pit_2026h1,HOG,2026-02,2026-02-10,2026-06-04,V5,3c76607c4ea89684,3c76607c4ea89684,false,none,0,false,false,false,false,false
qt_pit_2026h1,HOG,2026-05,2026-05-05,2026-06-04,V5,7a867d4312c122ff,85e00bf7b13c99b8,true,down,"[0.01,0.05)",false,false,false,true,false
qt_pit_2026h1,HOV,2026-02,2026-02-26,2026-06-04,V5,facaf29537dde955,825cee247b4687f9,true,down,"[0.25,1.00)",true,true,false,false,false
qt_pit_2026h1,HOV,2026-05,2026-05-21,2026-06-04,V3,92b66d32c2a20f60,92b66d32c2a20f60,false,none,0,true,true,false,false,false
qt_pit_2026h1,HP,2026-02,2026-02-05,2026-06-04,V5,ede264067625a50d,ede264067625a50d,false,none,0,false,false,false,false,false
qt_pit_2026h1,HP,2026-05,2026-05-07,2026-06-04,V5,c0681b80f405781d,c0681b80f405781d,false,none,0,false,false,false,false,false
qt_pit_2026h1,HPK,2026-05,2026-05-07,2026-06-04,V5,3c536e7fbb5d3fc5,3c536e7fbb5d3fc5,false,none,0,false,false,false,false,false
qt_pit_2026h1,HQY,2026-03,2026-03-17,2026-06-04,V5,3139f90bc2ed73ce,7cced60ef1ca51e5,true,up,"[0.25,1.00)",false,false,false,true,false
qt_pit_2026h1,HQY,2026-05,2026-05-28,2026-06-04,V5,b04de97b69b1cc88,a93619457f724e9d,true,up,"[0.25,1.00)",false,true,true,true,false
qt_pit_2026h1,HRB,2026-02,2026-02-04,2026-06-04,V5,3cd6575aa46a42ac,3cd6575aa46a42ac,false,none,0,false,false,false,false,false
qt_pit_2026h1,HRB,2026-05,2026-05-06,2026-06-04,V3,8acb22dc193dda06,8acb22dc193dda06,false,none,0,true,true,false,false,false
qt_pit_2026h1,HRI,2026-02,2026-02-17,2026-06-04,V5,2611279a6b49a999,b4a8e9cc3bf06b12,true,up,>=1.00,false,true,true,true,false
qt_pit_2026h1,HRI,2026-04,2026-04-28,2026-06-04,V5,8aeab3c7b42e89ae,3790f6e16865fbc6,true,up,"[0.25,1.00)",false,true,true,true,false
qt_pit_2026h1,HRMY,2026-02,2026-02-24,2026-06-04,V5,2a04399c1f43b278,090c64e21a0f71db,true,down,"[0.25,1.00)",true,false,true,true,false
qt_pit_2026h1,HRMY,2026-05,2026-05-07,2026-06-04,V5,827c4c7fb5fe45d8,e4e8cb9751627151,true,down,"[0.01,0.05)",false,false,false,false,false
qt_pit_2026h1,HROW,2026-05,2026-05-12,2026-06-04,V5,2ff8712030290f39,ac90bad670c0e0af,true,up,"[0.05,0.25)",false,false,false,false,false
qt_pit_2026h1,HSIC,2026-02,2026-02-25,2026-06-04,V5,3ce3c18cef061f0f,3ce3c18cef061f0f,false,none,0,false,false,false,false,false
qt_pit_2026h1,HSIC,2026-05,2026-05-05,2026-06-04,V5,54540a79c9251533,54540a79c9251533,false,none,0,true,true,false,false,false
qt_pit_2026h1,HSTM,2026-02,2026-02-23,2026-06-04,V5,ed1adcdbd4972da4,1970af8f9cb892bc,true,up,"[0.05,0.25)",false,true,true,true,false
qt_pit_2026h1,HSTM,2026-05,2026-05-05,2026-06-04,V5,a2ee0c0130e2c179,a2ee0c0130e2c179,false,none,0,true,true,false,false,false
qt_pit_2026h1,HTLD,2026-02,2026-02-04,2026-06-04,V5,ecee678654ac521d,dcd2f387a30cac2b,true,up,"[0.05,0.25)",false,true,true,true,false
qt_pit_2026h1,HTLD,2026-04,2026-04-24,2026-06-04,V5,dcd2f387a30cac2b,dcd2f387a30cac2b,false,none,0,true,true,false,false,false
qt_pit_2026h1,HTZ,2026-02,2026-02-26,2026-06-04,V5,ee95f980def006c6,6980817d4d6b6eed,true,down,"[0.01,0.05)",false,false,false,false,false
qt_pit_2026h1,HTZ,2026-05,2026-05-07,2026-06-04,V5,9a1855f2f1bae3a5,0d631287a5ebfb2e,true,up,"[0.25,1.00)",false,false,false,true,false
qt_pit_2026h1,HUBG,2026-02,2026-02-06,2026-06-04,V5,2df7e4e52900fae1,3457504807df7c7d,true,up,"[0.01,0.05)",false,true,true,false,false
qt_pit_2026h1,HUMA,2026-05,2026-05-13,2026-06-04,V5,b792cfa6fcbbf227,b792cfa6fcbbf227,false,none,0,true,true,false,false,false
qt_pit_2026h1,HUN,2026-02,2026-02-17,2026-06-04,V5,5169cf1f1afa50c8,60f40ae14a7ac4f3,true,up,"[0.05,0.25)",false,false,false,false,false
qt_pit_2026h1,HUN,2026-04,2026-04-30,2026-06-04,V5,af094c76a8f976c8,a827d4816a84de5b,true,up,"[0.05,0.25)",false,true,true,true,false
qt_pit_2026h1,HURN,2026-02,2026-02-25,2026-06-04,V5,a857037781f0b22d,a857037781f0b22d,false,none,0,true,true,false,false,false
qt_pit_2026h1,HURN,2026-05,2026-05-05,2026-06-04,V5,0f6ec0ac5905f398,0f6ec0ac5905f398,false,none,0,false,false,false,false,false
qt_pit_2026h1,HUT,2026-02,2026-02-26,2026-06-04,V5,922c4065af163eda,6c5f720b4e4e1d83,true,up,>=1.00,false,true,true,true,false
qt_pit_2026h1,HUT,2026-05,2026-05-06,2026-06-04,V5,23fc0d8f2ef6cf29,91724bfe0812c55b,true,down,>=1.00,true,false,true,true,false
qt_pit_2026h1,HWKN,2026-05,2026-05-13,2026-06-04,V5,2fe8f15f22509e32,2fe8f15f22509e32,false,none,0,false,false,false,false,false
qt_pit_2026h1,HXL,2026-04,2026-04-23,2026-06-04,V5,7e82d9fdb60eb82e,7e82d9fdb60eb82e,false,none,0,true,true,false,false,false
qt_pit_2026h1,HY,2026-03,2026-03-04,2026-06-04,V5,abc980ae8af7dbc5,abc980ae8af7dbc5,false,none,0,false,false,false,false,false
qt_pit_2026h1,HY,2026-05,2026-05-06,2026-06-04,V5,f9b7a9e2182d9241,852a4dc1a8c22f36,true,up,"[0.05,0.25)",true,false,true,false,false
qt_pit_2026h1,HZO,2026-01,2026-02-03,2026-06-04,V5,ef531f3362324065,ef531f3362324065,false,none,0,false,false,false,false,true
qt_pit_2026h1,HZO,2026-04,2026-04-23,2026-06-04,V5,811a0baec85b8030,811a0baec85b8030,false,none,0,true,true,false,false,false
qt_pit_2026h1,IAC,2026-02,2026-02-04,2026-06-04,V5,ee147f9d5ab3d7b2,ee147f9d5ab3d7b2,false,none,0,false,false,false,false,false
qt_pit_2026h1,IAC,2026-05,2026-05-05,2026-06-04,V5,9af6067dfa91e053,0d8a8f09abbefceb,true,up,"[0.25,1.00)",false,true,true,true,false
qt_pit_2026h1,IAG,2026-05,2026-05-06,2026-06-04,V5,71787ea19e1e86ee,71787ea19e1e86ee,false,none,0,true,true,false,false,false
qt_pit_2026h1,IART,2026-02,2026-02-26,2026-06-04,V5,782abb1e1b1f0e80,782abb1e1b1f0e80,false,none,0,false,false,false,false,false
qt_pit_2026h1,IART,2026-05,2026-05-05,2026-06-04,V5,b97d22c64e04fcc8,b97d22c64e04fcc8,false,none,0,true,true,false,false,false
qt_pit_2026h1,IBP,2026-02,2026-02-26,2026-06-04,V5,32e434abc6a703a5,a749ea6ed243b34c,true,up,"[0.25,1.00)",false,true,true,false,false
qt_pit_2026h1,IBP,2026-05,2026-05-07,2026-06-04,V5,61eda256aadfbdf3,8266c6a710ab49bc,true,up,"[0.25,1.00)",false,false,false,false,false
qt_pit_2026h1,IBRX,2026-05,2026-05-10,2026-06-04,V5,4ad212d74262b185,8c9d40970806f81d,true,up,"[0.25,1.00)",false,false,false,false,true
qt_pit_2026h1,IBTA,2026-05,2026-05-07,2026-06-04,V5,ec298ff21f5a21f2,ec298ff21f5a21f2,false,none,0,false,false,false,false,false
qt_pit_2026h1,ICFI,2026-02,2026-02-27,2026-06-04,V5,3a2c1de6678d5995,bb22f396d8f19e99,true,up,"[0.25,1.00)",false,false,false,false,false
qt_pit_2026h1,ICFI,2026-05,2026-05-08,2026-06-04,V5,791872e264eeb2d2,aeadc65f3fad5142,true,up,"[0.25,1.00)",false,false,false,false,false
qt_pit_2026h1,ICHR,2026-02,2026-02-09,2026-06-04,V5,270ab6cdd0b7066c,270ab6cdd0b7066c,false,none,0,true,true,false,false,false
qt_pit_2026h1,ICHR,2026-05,2026-05-05,2026-06-04,V5,596fdee25a69bc00,596fdee25a69bc00,false,none,0,true,true,false,false,false
qt_pit_2026h1,ICL,2026-02,2026-02-17,2026-06-04,V5,dd4b4f30291e6a07,dd4b4f30291e6a07,false,none,0,false,false,false,false,false
qt_pit_2026h1,ICL,2026-05,2026-05-13,2026-06-04,V5,84f55b470fd3b242,84f55b470fd3b242,false,none,0,false,false,false,false,false
qt_pit_2026h1,ICUI,2026-02,2026-02-20,2026-06-04,V5,dd804aa28bb06999,6aa0d028f408f520,true,up,>=1.00,false,true,true,true,false
qt_pit_2026h1,ICUI,2026-05,2026-05-08,2026-06-04,V5,ff7c94dc8eb5dae7,a29045358be156b3,true,up,"[0.25,1.00)",false,true,true,true,false
qt_pit_2026h1,IDA,2026-02,2026-02-20,2026-06-04,V5,8e1963b3cce96f6b,4e7d45778043f677,true,down,"[0.01,0.05)",false,false,false,false,false
qt_pit_2026h1,IDA,2026-04,2026-04-30,2026-06-04,V5,2f1566e19f7b6193,bb2f2c3361cfe8bf,true,down,"[0.01,0.05)",true,false,true,false,false
qt_pit_2026h1,IDCC,2026-02,2026-02-05,2026-06-04,V5,3b324af96737ba9c,2bb8bab6a4a80406,true,up,"[0.25,1.00)",false,true,true,true,false
qt_pit_2026h1,IDCC,2026-04,2026-04-30,2026-06-04,V5,134309fe460cf51e,eca06474f2ae8570,true,down,"[0.25,1.00)",true,false,true,false,false
qt_pit_2026h1,IDT,2026-03,2026-03-10,2026-06-04,V5,aef89f0baeded7a0,29f36a03d663504f,true,down,>=1.00,true,true,false,false,false
qt_pit_2026h1,IDT,2026-06,2026-06-03,2026-06-04,V3,847725566b58c679,847725566b58c679,false,none,0,true,true,false,false,false
qt_pit_2026h1,IDYA,2026-02,2026-02-17,2026-06-04,V5,44b25d88b012eb04,44b25d88b012eb04,false,none,0,false,false,false,false,false
qt_pit_2026h1,IDYA,2026-05,2026-05-06,2026-06-04,V5,f1cceea4cb55f8d5,f1cceea4cb55f8d5,false,none,0,false,false,false,false,false
qt_pit_2026h1,IE,2026-02,2026-02-25,2026-06-04,V5,abb777fc927d188d,abb777fc927d188d,false,none,0,false,false,false,false,true
qt_pit_2026h1,IE,2026-05,2026-05-10,2026-06-04,V5,05f6912bde6b0345,05f6912bde6b0345,false,none,0,false,false,false,false,true
qt_pit_2026h1,IESC,2026-01,2026-02-03,2026-06-04,V5,99b43be84dfc0f36,99b43be84dfc0f36,false,none,0,false,false,false,false,true
qt_pit_2026h1,IGIC,2026-02,2026-02-25,2026-06-04,V5,aa5a6bcbcadd06ea,79dfd9fb0f6b4146,true,up,"[0.01,0.05)",false,true,true,false,false
qt_pit_2026h1,IGIC,2026-05,2026-05-06,2026-06-04,V5,892ccb0abf92c623,892ccb0abf92c623,false,none,0,false,false,false,false,false
qt_pit_2026h1,IMAX,2026-02,2026-02-26,2026-06-04,V5,299a3672760729df,af4553e530926912,true,down,"[0.25,1.00)",true,true,false,false,false
qt_pit_2026h1,IMAX,2026-04,2026-04-30,2026-06-04,V5,31644a60c2cf8268,4d51bab1c475af3d,true,up,"[0.05,0.25)",false,true,true,true,false
qt_pit_2026h1,IMCR,2026-02,2026-02-26,2026-06-04,V5,b3daee96502961c4,d7b1fe88144d7232,true,up,"[0.01,0.05)",false,false,false,false,false
qt_pit_2026h1,IMCR,2026-05,2026-05-06,2026-06-04,V5,cb5eea896d25ae73,1fee859242191ed5,true,down,"[0.01,0.05)",true,true,false,false,false
qt_pit_2026h1,IMNM,2026-03,2026-03-05,2026-06-04,V5,e2e51991fbf46fd1,e2e51991fbf46fd1,false,none,0,false,false,false,false,true
qt_pit_2026h1,IMNM,2026-05,2026-05-13,2026-06-04,V5,f34aa98bcb9eac0b,f34aa98bcb9eac0b,false,none,0,true,true,false,false,false
qt_pit_2026h1,IMTX,2026-03,2026-03-09,2026-06-04,V5,d001f28955babcb1,d001f28955babcb1,false,none,0,true,true,false,false,true
qt_pit_2026h1,IMTX,2026-05,2026-05-12,2026-06-04,V5,66d4a9c95394122e,66d4a9c95394122e,false,none,0,false,false,false,false,false
qt_pit_2026h1,IMVT,2026-02,2026-02-07,2026-06-04,V5,a7d7ef07da95bd0c,a7d7ef07da95bd0c,false,none,0,true,true,false,false,false
qt_pit_2026h1,IMVT,2026-05,2026-05-20,2026-06-04,V5,19f236f57d79c3f8,19f236f57d79c3f8,false,none,0,false,false,false,false,false
qt_pit_2026h1,IMXI,2026-03,2026-03-09,2026-06-04,V5,1534c1c1b6164ba5,1534c1c1b6164ba5,false,none,0,true,false,true,true,true
qt_pit_2026h1,IMXI,2026-05,2026-05-10,2026-06-04,V5,3058a28c4c1d2c6b,33f0bb4972cdfa7a,true,up,"[0.05,0.25)",false,false,false,false,false
qt_pit_2026h1,INDI,2026-02,2026-02-23,2026-06-04,V5,0628f14095ce93c5,0628f14095ce93c5,false,none,0,false,false,false,false,true
qt_pit_2026h1,INDI,2026-05,2026-05-08,2026-06-04,V5,058cbad9a3448f14,a3d958a63d837d0e,true,up,"[0.05,0.25)",false,false,false,false,false
qt_pit_2026h1,INDV,2026-02,2026-02-27,2026-06-04,V5,b16e395ea47ae0df,b16e395ea47ae0df,false,none,0,true,true,false,false,false
qt_pit_2026h1,INDV,2026-04,2026-04-30,2026-06-04,V5,4dc0a6dc4a8841c2,8aeb3e9b4ed91c6f,true,up,"[0.25,1.00)",true,true,false,false,false
qt_pit_2026h1,INGM,2026-04,2026-04-30,2026-06-04,V5,497821b45028aae7,e509c40469daba3f,true,up,"[0.25,1.00)",false,false,false,true,false
qt_pit_2026h1,INGR,2026-02,2026-02-04,2026-06-04,V5,ded20431af88971f,ded20431af88971f,false,none,0,false,false,false,false,false
qt_pit_2026h1,INGR,2026-05,2026-05-05,2026-06-04,V5,1501b6f4df6265df,1501b6f4df6265df,false,none,0,false,false,false,false,false
qt_pit_2026h1,INMD,2026-02,2026-02-11,2026-06-04,V5,09c8f24dfd21788e,09c8f24dfd21788e,false,none,0,false,true,true,false,false
qt_pit_2026h1,INMD,2026-05,2026-05-07,2026-06-04,V5,10c42977d2be42ec,10c42977d2be42ec,false,none,0,false,false,false,false,false
qt_pit_2026h1,INN,2026-02,2026-02-26,2026-06-04,V5,4178ffcf386b8f15,afcafe3f9c569c6b,true,up,"[0.25,1.00)",false,false,false,true,false
qt_pit_2026h1,INN,2026-04,2026-04-30,2026-06-04,V5,a60e8850b73fbf8b,e32f161bb7e50233,true,up,"[0.25,1.00)",true,true,false,false,false
qt_pit_2026h1,INOD,2026-02,2026-02-27,2026-06-04,V5,1eb58b35fe5653eb,1eb58b35fe5653eb,false,none,0,true,true,false,false,false
qt_pit_2026h1,INOD,2026-05,2026-05-08,2026-06-04,V5,7554493531ebd4f9,18b9b9efc0580f63,true,down,"[0.01,0.05)",true,true,false,false,false
qt_pit_2026h1,INSP,2026-02,2026-02-11,2026-06-04,V5,e4ee988a59795f45,e4ee988a59795f45,false,none,0,true,true,false,false,false
qt_pit_2026h1,INSP,2026-05,2026-05-05,2026-06-04,V5,250a70b86f20d666,250a70b86f20d666,false,none,0,true,true,false,false,false
qt_pit_2026h1,INSW,2026-02,2026-02-26,2026-06-04,V5,1c6c99717f13e3bf,1c6c99717f13e3bf,false,none,0,true,true,false,false,false
qt_pit_2026h1,INSW,2026-05,2026-05-07,2026-06-04,V5,495c267320c490d2,495c267320c490d2,false,none,0,true,true,false,false,false
qt_pit_2026h1,INTA,2026-02,2026-02-04,2026-06-04,V5,ac49eb9c8537fa50,a9b58ebcf313e75b,true,up,"[0.25,1.00)",false,true,true,true,false
qt_pit_2026h1,INTA,2026-05,2026-05-05,2026-06-04,V5,67cd61358428e368,67cd61358428e368,false,none,0,false,false,false,false,false
qt_pit_2026h1,INTR,2026-02,2026-02-12,2026-06-04,V5,73e79d6aca3aac50,73e79d6aca3aac50,false,none,0,false,false,false,false,false
qt_pit_2026h1,INTR,2026-05,2026-05-08,2026-06-04,V5,35d65ea1d66b2d82,4c590e8a500ce203,true,down,"[0.01,0.05)",false,false,false,false,false
qt_pit_2026h1,INV,2026-05,2026-05-14,2026-06-04,V5,15b9fba3e9dd408b,2c8615afa1e2a47a,true,up,"[0.01,0.05)",true,true,false,false,false
qt_pit_2026h1,INVA,2026-02,2026-02-26,2026-06-04,V5,1671fe1588e84def,fa177126539cc0e6,true,up,"[0.01,0.05)",true,true,false,false,false
qt_pit_2026h1,INVA,2026-05,2026-05-07,2026-06-04,V5,6aa3de21f451d877,a23d0f67621cdb67,true,down,>=1.00,true,false,true,false,false
qt_pit_2026h1,INVX,2026-02,2026-02-23,2026-06-04,V5,7b8499d977a4418c,7b8499d977a4418c,false,none,0,false,false,false,false,false
qt_pit_2026h1,INVX,2026-05,2026-05-05,2026-06-04,V5,a450ff364bc51e2d,ba2b55013ee6e4c7,true,up,"[0.25,1.00)",false,true,true,true,false
qt_pit_2026h1,IOSP,2026-02,2026-02-17,2026-06-04,V5,e8802dc8cdde5c59,e8802dc8cdde5c59,false,none,0,true,true,false,false,false
qt_pit_2026h1,IOSP,2026-05,2026-05-08,2026-06-04,V5,602fab2318cd1647,602fab2318cd1647,false,none,0,false,false,false,false,false
qt_pit_2026h1,IOVA,2026-02,2026-02-25,2026-06-04,V5,3b59eab9ac3905a3,3b59eab9ac3905a3,false,none,0,true,true,false,false,false
qt_pit_2026h1,IOVA,2026-05,2026-05-07,2026-06-04,V5,6ceb68db11ddd0d2,6ceb68db11ddd0d2,false,none,0,false,false,false,false,false
qt_pit_2026h1,IPAR,2026-02,2026-02-25,2026-06-04,V5,6960834d714ba805,b14209cac885244a,true,down,"[0.25,1.00)",true,true,false,false,false
qt_pit_2026h1,IPAR,2026-05,2026-05-06,2026-06-04,V5,ee911b3285b2cd22,ee911b3285b2cd22,false,none,0,true,true,false,false,false
qt_pit_2026h1,IPGP,2026-02,2026-02-13,2026-06-04,V5,95a5356e023af935,1fc7c8ea3701e8be,true,up,"[0.05,0.25)",true,true,false,false,false
qt_pit_2026h1,IPGP,2026-05,2026-05-05,2026-06-04,V5,8cc20ff15b16f44f,cf64aa587a2bb9eb,true,up,"[0.25,1.00)",false,false,false,false,false
qt_pit_2026h1,IQ,2026-05,2026-05-18,2026-06-04,V5,167d140ee5fd52d2,167d140ee5fd52d2,false,none,0,true,true,false,false,false
qt_pit_2026h1,IRDM,2026-02,2026-02-13,2026-06-04,V5,99f6e07f272bbd47,99f6e07f272bbd47,false,none,0,false,false,false,false,false
qt_pit_2026h1,IRDM,2026-04,2026-04-23,2026-06-04,V5,9d05fcf8f81e2209,9d05fcf8f81e2209,false,none,0,false,false,false,false,false
qt_pit_2026h1,IRMD,2026-02,2026-02-10,2026-06-04,V5,ad6cf4cbe1040f74,ad6cf4cbe1040f74,false,none,0,true,true,false,false,false
qt_pit_2026h1,IRMD,2026-05,2026-05-01,2026-06-04,V5,0e1d7b68533afbb1,1a053c3a16483b8e,true,up,"[0.01,0.05)",false,true,true,false,false
qt_pit_2026h1,IRON,2026-02,2026-02-26,2026-06-04,V5,6afa1c99660a6956,45a754708ef66602,true,up,"[0.05,0.25)",false,false,false,true,false
qt_pit_2026h1,IRON,2026-05,2026-05-06,2026-06-04,V5,e3073b004b8ed131,e3073b004b8ed131,false,none,0,false,false,false,false,false
qt_pit_2026h1,IRTC,2026-02,2026-02-20,2026-06-04,V5,241445924a80f12a,a73f8230cf44d8e1,true,down,"[0.05,0.25)",true,true,false,false,false
qt_pit_2026h1,IRTC,2026-04,2026-04-30,2026-06-04,V5,b96aa6786076ad26,0a6c595e7dcc2f52,true,up,"[0.05,0.25)",true,true,false,false,false
qt_pit_2026h1,IRWD,2026-05,2026-05-07,2026-06-04,V5,90e101e7f91a3150,90e101e7f91a3150,false,none,0,false,true,true,true,false
qt_pit_2026h1,ITGR,2026-02,2026-02-19,2026-06-04,V5,49a1848109c8a6b6,989e3b6fb37b9e9f,true,up,"[0.25,1.00)",false,false,false,true,false
qt_pit_2026h1,ITGR,2026-04,2026-04-30,2026-06-04,V5,3521bce2389d9928,8ac83a5f246bb999,true,up,"[0.25,1.00)",false,false,false,false,false
qt_pit_2026h1,ITRI,2026-02,2026-02-17,2026-06-04,V5,f5401ef4872b8cc0,1f01870fd5c718ce,true,up,"[0.25,1.00)",false,true,true,false,false
qt_pit_2026h1,ITRI,2026-04,2026-04-28,2026-06-04,V5,d08d90760c2fac33,d08d90760c2fac33,false,none,0,true,true,false,false,false
qt_pit_2026h1,ITRN,2026-03,2026-03-05,2026-06-04,V5,116d8be237a69978,116d8be237a69978,false,none,0,false,false,false,false,false
qt_pit_2026h1,ITRN,2026-05,2026-05-26,2026-06-04,V5,6e413238a70aedb0,6e413238a70aedb0,false,none,0,false,false,false,false,false
qt_pit_2026h1,JACK,2026-02,2026-02-19,2026-06-04,V5,1d1eaff94843e02a,1d1eaff94843e02a,false,none,0,false,false,false,false,false
qt_pit_2026h1,JACK,2026-05,2026-05-13,2026-06-04,V5,9465ade638e01622,f1a05f5566fcb379,true,up,"[0.05,0.25)",false,false,false,true,false
qt_pit_2026h1,JANX,2026-02,2026-02-27,2026-06-04,V5,053d73f99d3a3b10,3dd109399409218a,true,up,"[0.25,1.00)",false,true,true,true,false
qt_pit_2026h1,JANX,2026-05,2026-05-10,2026-06-04,V5,fcac1cf51f15100c,fcac1cf51f15100c,false,none,0,true,true,false,false,true
qt_pit_2026h1,JBLU,2026-04,2026-04-28,2026-06-04,V5,9eb38817a0f0a52d,9eb38817a0f0a52d,false,none,0,false,false,false,false,false
qt_pit_2026h1,JBSS,2026-01,2026-02-03,2026-06-04,V5,d6bd056b96004068,d6bd056b96004068,false,none,0,true,true,false,false,true
qt_pit_2026h1,JBSS,2026-04,2026-04-29,2026-06-04,V3,4c6e5cdae6909b0e,d961f3542912b5b1,true,down,"[0.01,0.05)",true,true,false,false,false
qt_pit_2026h1,JELD,2026-02,2026-02-17,2026-06-04,V5,8ce614dce5d28026,8ce614dce5d28026,false,none,0,false,false,false,false,false
qt_pit_2026h1,JELD,2026-05,2026-05-05,2026-06-04,V5,2253dba7e44afa58,2253dba7e44afa58,false,none,0,false,false,false,false,false
qt_pit_2026h1,JHG,2026-01,2026-02-03,2026-06-04,V5,8db952d7118439fc,8db952d7118439fc,false,none,0,true,true,false,false,true
qt_pit_2026h1,JHG,2026-05,2026-05-10,2026-06-04,V5,7bee3777b6b31529,7bee3777b6b31529,false,none,0,false,false,false,false,true
qt_pit_2026h1,JJSF,2026-02,2026-02-03,2026-06-04,V5,593044e935beda75,593044e935beda75,false,none,0,false,false,false,false,false
qt_pit_2026h1,JJSF,2026-05,2026-05-06,2026-06-04,V5,3106af34a6249193,3106af34a6249193,false,none,0,false,false,false,false,false
qt_pit_2026h1,JKS,2026-04,2026-04-29,2026-06-04,V5,0e8fb76519704405,7a3d518369ff6e38,true,up,"[0.25,1.00)",true,true,false,false,false
qt_pit_2026h1,JOBY,2026-02,2026-02-26,2026-06-04,V5,ae63dbd5b352a567,b90dcb1545af7021,true,down,"[0.05,0.25)",true,false,true,true,false
qt_pit_2026h1,JOBY,2026-05,2026-05-06,2026-06-04,V5,1a8a697517c5870c,2e05a722155cf186,true,down,"[0.05,0.25)",true,false,true,true,false
qt_pit_2026h1,KAI,2026-02,2026-02-19,2026-06-04,V5,0c96bfc591e63d6d,ce258fcf28f8d5fe,true,up,"[0.05,0.25)",false,false,false,true,false
qt_pit_2026h1,KAI,2026-05,2026-05-06,2026-06-04,V5,8ee6004bc4cbaf78,8ee6004bc4cbaf78,false,none,0,true,true,false,false,false
qt_pit_2026h1,KALU,2026-02,2026-02-19,2026-06-04,V5,f1ad48d3b7a578f8,6ead922c91ea34fd,true,down,>=1.00,true,false,true,true,false
qt_pit_2026h1,KALU,2026-04,2026-04-23,2026-06-04,V5,6f2a19f1ab7aa6ad,6f2a19f1ab7aa6ad,false,none,0,true,true,false,false,false
qt_pit_2026h1,KAR,2026-02,2026-02-19,2026-06-04,V5,bbb8e896b7b04228,3908d0fcd2ef618d,true,down,"[0.25,1.00)",true,false,true,true,false
qt_pit_2026h1,KARO,2026-05,2026-05-14,2026-06-04,V5,5379d50c92c053eb,5379d50c92c053eb,false,none,0,false,false,false,false,false
qt_pit_2026h1,KBDC,2026-03,2026-03-03,2026-06-04,V5,f7eb7107025cfb8f,f7eb7107025cfb8f,false,none,0,false,false,false,false,false
qt_pit_2026h1,KBDC,2026-05,2026-05-10,2026-06-04,V5,d5f6e64d73bd5a19,d5f6e64d73bd5a19,false,none,0,false,false,false,false,false
qt_pit_2026h1,KBH,2026-03,2026-03-27,2026-06-04,V5,a25b714187d557c8,a25b714187d557c8,false,none,0,false,false,false,false,true
qt_pit_2026h1,KBR,2026-02,2026-02-26,2026-06-04,V5,2c937f13e468a948,2c937f13e468a948,false,none,0,false,false,false,false,false
qt_pit_2026h1,KBR,2026-05,2026-05-05,2026-06-04,V5,9790d721888536e3,9790d721888536e3,false,none,0,false,false,false,false,false
qt_pit_2026h1,KC,2026-03,2026-03-26,2026-06-04,V5,9bb4539777cea30c,9bb4539777cea30c,false,none,0,true,true,false,false,false
qt_pit_2026h1,KC,2026-05,2026-05-27,2026-06-04,V5,b44a8031c924e676,8ead7f4d66b724e3,true,down,"[0.05,0.25)",true,true,false,false,false
qt_pit_2026h1,KD,2026-02,2026-02-09,2026-06-04,V5,cfe2faaa3902383a,9bfb15c5fe694ab2,true,up,"[0.25,1.00)",false,false,false,false,false
qt_pit_2026h1,KD,2026-05,2026-05-06,2026-06-04,V5,4775056303edfb89,4775056303edfb89,false,none,0,false,false,false,false,false
qt_pit_2026h1,KEX,2026-01,2026-02-03,2026-06-04,V5,10fb5fa39ae08efa,10fb5fa39ae08efa,false,none,0,false,false,false,false,true
qt_pit_2026h1,KEX,2026-04,2026-05-01,2026-06-04,V5,3e647402382d0e74,3e647402382d0e74,false,none,0,false,false,false,false,false
qt_pit_2026h1,KFRC,2026-02,2026-02-04,2026-06-04,V5,7b08e4f2d2ac4af7,7b08e4f2d2ac4af7,false,none,0,false,false,false,false,true
qt_pit_2026h1,KFRC,2026-04,2026-04-27,2026-06-04,V5,bf516d1ae2fa47f9,bf516d1ae2fa47f9,false,none,0,true,true,false,false,false
qt_pit_2026h1,KFY,2026-03,2026-03-09,2026-06-04,V5,bfe933e5313f1ced,e96ac5e11cc62780,true,up,"[0.01,0.05)",false,false,false,false,false
qt_pit_2026h1,KGS,2026-02,2026-02-26,2026-06-04,V5,59d1f34c84c545b8,aaf6d5b0402f34a0,true,up,"[0.05,0.25)",false,false,false,false,false
qt_pit_2026h1,KGS,2026-05,2026-05-10,2026-06-04,V5,e11e8c2ddf528eab,042c0e82d44a0d31,true,up,"[0.25,1.00)",false,false,false,true,false
qt_pit_2026h1,KLC,2026-03,2026-03-12,2026-06-04,V5,9b67de63b02c7fa0,5247a35feb0c3218,true,up,>=1.00,false,true,true,true,false
qt_pit_2026h1,KLIC,2026-02,2026-02-05,2026-06-04,V5,e5c404def8963208,032f57272bc2d67a,true,up,"[0.05,0.25)",false,true,true,true,false
qt_pit_2026h1,KLIC,2026-05,2026-05-07,2026-06-04,V5,72537ac26d068e6a,72537ac26d068e6a,false,none,0,true,true,false,false,false
qt_pit_2026h1,KMT,2026-02,2026-02-04,2026-06-04,V5,aac8759ea8ae044d,901554ec3008416b,true,up,"[0.01,0.05)",true,true,false,false,false
qt_pit_2026h1,KMT,2026-05,2026-05-06,2026-06-04,V5,9565b8808d8e6897,a0a4a93256f58bd0,true,up,"[0.01,0.05)",true,true,false,false,false
qt_pit_2026h1,KN,2026-02,2026-02-05,2026-06-04,V5,6ceeaf5856ef8273,6ceeaf5856ef8273,false,none,0,false,false,false,false,false
qt_pit_2026h1,KN,2026-04,2026-04-23,2026-06-04,V5,75e84c692955c6a6,75e84c692955c6a6,false,none,0,true,true,false,false,false
qt_pit_2026h1,KNF,2026-02,2026-02-17,2026-06-04,V5,435d44d8cf89559e,435d44d8cf89559e,false,none,0,true,true,false,false,false
qt_pit_2026h1,KNF,2026-05,2026-05-05,2026-06-04,V5,76e7e0e7ec521f77,76e7e0e7ec521f77,false,none,0,false,false,false,false,false
qt_pit_2026h1,KNSA,2026-02,2026-02-25,2026-06-04,V5,f1b963652cfdd99a,f1b963652cfdd99a,false,none,0,false,false,false,false,false
qt_pit_2026h1,KNSA,2026-04,2026-04-28,2026-06-04,V5,cae772255c64def7,6f7154e6f31a97ac,true,down,"[0.01,0.05)",true,true,false,false,false
qt_pit_2026h1,KNTK,2026-02,2026-02-26,2026-06-04,V5,ac8d1cf3f1f1328d,ac8d1cf3f1f1328d,false,none,0,true,true,false,false,false
qt_pit_2026h1,KNTK,2026-05,2026-05-07,2026-06-04,V5,8741b7beb8ee95c2,8741b7beb8ee95c2,false,none,0,false,false,false,false,false
qt_pit_2026h1,KOP,2026-02,2026-02-26,2026-06-04,V5,58e931a79990852f,325bccc088abdd9f,true,down,"[0.25,1.00)",true,true,false,false,false
qt_pit_2026h1,KOP,2026-05,2026-05-10,2026-06-04,V5,1404d1799869920f,1404d1799869920f,false,none,0,true,true,false,false,true
qt_pit_2026h1,KOS,2026-03,2026-03-02,2026-06-04,V5,01c17097f6db99bd,01c17097f6db99bd,false,none,0,false,false,false,false,false
qt_pit_2026h1,KOS,2026-05,2026-05-05,2026-06-04,V5,94f289d6e7bec951,94f289d6e7bec951,false,none,0,false,false,false,false,false
qt_pit_2026h1,KRNT,2026-02,2026-02-11,2026-06-04,V5,1dd24456adcc7d5e,1dd24456adcc7d5e,false,none,0,true,true,false,false,false
qt_pit_2026h1,KRO,2026-05,2026-05-07,2026-06-04,V5,56d364ebbf51fcc1,56d364ebbf51fcc1,false,none,0,true,true,false,false,false
qt_pit_2026h1,KROS,2026-03,2026-03-04,2026-06-04,V5,6a3a0c38ac94f7e9,5351e06ed904c9b3,true,down,"[0.05,0.25)",false,false,false,false,false
qt_pit_2026h1,KROS,2026-05,2026-05-14,2026-06-04,V5,e66fb7e13a57718e,e66fb7e13a57718e,false,none,0,false,false,false,false,false
qt_pit_2026h1,KRP,2026-02,2026-02-26,2026-06-04,V5,3f819bb0a8add95b,3f819bb0a8add95b,false,none,0,true,true,false,false,false
qt_pit_2026h1,KRP,2026-05,2026-05-07,2026-06-04,V5,96bec98d0d91b27a,96bec98d0d91b27a,false,none,0,false,false,false,false,false
qt_pit_2026h1,KRT,2026-05,2026-05-08,2026-06-04,V5,aacf7d606f0caadc,aacf7d606f0caadc,false,none,0,false,false,false,false,false
qt_pit_2026h1,KRUS,2026-04,2026-04-08,2026-06-04,V5,7ac4594aa78639e3,9bb00d48b4a63401,true,up,"[0.05,0.25)",true,true,false,false,false
qt_pit_2026h1,KRYS,2026-02,2026-02-17,2026-06-04,V5,247f2e36814cc6a4,247f2e36814cc6a4,false,none,0,false,false,false,false,false
qt_pit_2026h1,KRYS,2026-05,2026-05-04,2026-06-04,V5,8b72624f1d4e7219,a3b833ae3c0d63ad,true,down,"[0.05,0.25)",true,true,false,false,false
qt_pit_2026h1,KSS,2026-03,2026-03-10,2026-06-04,V5,ead7c6f4596888ad,ead7c6f4596888ad,false,none,0,true,true,false,false,false
qt_pit_2026h1,KSS,2026-05,2026-05-28,2026-06-04,V5,8c7814ded9cb8271,8c7814ded9cb8271,false,none,0,true,true,false,false,false
qt_pit_2026h1,KT,2026-05,2026-05-13,2026-06-04,V5,85e298f21b08d2b4,0456f40d6e6e0ce8,true,up,"[0.01,0.05)",false,false,false,false,false
qt_pit_2026h1,KT,2026-05,2026-06-01,2026-06-04,V5,85e298f21b08d2b4,0456f40d6e6e0ce8,true,up,"[0.01,0.05)",false,false,false,false,true
qt_pit_2026h1,KTB,2026-03,2026-03-03,2026-06-04,V5,3bb8b0f2154ff7bb,3bb8b0f2154ff7bb,false,none,0,false,false,false,false,false
qt_pit_2026h1,KTB,2026-05,2026-05-08,2026-06-04,V5,c94f93bb22325034,c94f93bb22325034,false,none,0,true,true,false,false,false
qt_pit_2026h1,KULR,2026-05,2026-05-15,2026-06-04,V3,ff986a179f9c2235,80fec2427dac9ead,true,up,"[0.25,1.00)",false,false,false,false,false
qt_pit_2026h1,KURA,2026-03,2026-03-05,2026-06-04,V5,b6b0b24457d507c7,b6b0b24457d507c7,false,none,0,false,false,false,false,false
qt_pit_2026h1,KURA,2026-05,2026-05-13,2026-06-04,V5,72751b2370424279,72751b2370424279,false,none,0,false,false,false,false,false
qt_pit_2026h1,KVYO,2026-02,2026-02-11,2026-06-04,V5,3c26530c2686df40,7965306d0040fcbf,true,down,>=1.00,true,true,false,false,false
qt_pit_2026h1,KVYO,2026-05,2026-05-06,2026-06-04,V5,9e8fb7ac265beb9c,9e8fb7ac265beb9c,false,none,0,true,true,false,false,false
qt_pit_2026h1,KWR,2026-02,2026-02-23,2026-06-04,V5,2bb7cce677734e39,72dcbd87eceeeba9,true,up,"[0.25,1.00)",false,false,false,false,false
qt_pit_2026h1,KWR,2026-04,2026-04-30,2026-06-04,V5,8a42c7fa7915279d,085a46b9197fe2f8,true,up,"[0.25,1.00)",false,false,false,false,false
qt_pit_2026h1,KYMR,2026-02,2026-02-26,2026-06-04,V5,c632d5e8a31e991a,18c58aac54ec8315,true,up,"[0.05,0.25)",false,false,false,false,false
qt_pit_2026h1,KYMR,2026-04,2026-04-30,2026-06-04,V5,aa35882e32a6e80c,aa35882e32a6e80c,false,none,0,true,true,false,false,false
qt_pit_2026h1,LAB,2026-02,2026-02-25,2026-06-04,V5,609d41ce640749d3,441c5baeb58755c5,true,up,"[0.05,0.25)",false,true,true,true,false
qt_pit_2026h1,LAB,2026-05,2026-05-05,2026-06-04,V5,eb80d7a392b9484c,e920c50bbd716563,true,up,"[0.01,0.05)",false,false,false,false,false
qt_pit_2026h1,LAC,2026-05,2026-05-15,2026-06-04,V5,38e5357a1b76bbc1,0d256f028ac22ff0,true,down,"(0,0.01)",true,true,false,false,false
qt_pit_2026h1,LAD,2026-02,2026-02-13,2026-06-04,V5,a1b6672b62c8ce6f,a1b6672b62c8ce6f,false,none,0,false,false,false,false,true
qt_pit_2026h1,LAD,2026-04,2026-04-29,2026-06-04,V5,b82a4f052dd4271f,b82a4f052dd4271f,false,none,0,false,false,false,false,false
qt_pit_2026h1,LAUR,2026-02,2026-02-20,2026-06-04,V5,eeb000a5b6357af6,eeb000a5b6357af6,false,none,0,false,false,false,false,false
qt_pit_2026h1,LAUR,2026-04,2026-05-01,2026-06-04,V5,9e7eb28e8d23a6a3,9e7eb28e8d23a6a3,false,none,0,true,true,false,false,false
qt_pit_2026h1,LBRDA,2026-02,2026-02-11,2026-06-04,V5,5c4a05c9617d74a3,5c2d51a6f943bcc1,true,down,"[0.05,0.25)",false,false,false,false,true
qt_pit_2026h1,LBRT,2026-04,2026-04-23,2026-06-04,V5,85c7043b07692f92,85c7043b07692f92,false,none,0,true,true,false,false,false
qt_pit_2026h1,LBTYA,2026-02,2026-02-19,2026-06-04,V5,ad1a2cd015ed3118,ad1a2cd015ed3118,false,none,0,false,false,false,false,false
qt_pit_2026h1,LBTYA,2026-05,2026-05-01,2026-06-04,V5,7850277fcd5ecee3,7850277fcd5ecee3,false,none,0,true,true,false,false,false
qt_pit_2026h1,LBTYK,2026-02,2026-02-19,2026-06-04,V5,977f62375a98ad98,977f62375a98ad98,false,none,0,false,false,false,false,false
qt_pit_2026h1,LBTYK,2026-05,2026-05-01,2026-06-04,V5,acc18ce5a81e11c8,acc18ce5a81e11c8,false,none,0,true,true,false,false,false
qt_pit_2026h1,LCII,2026-02,2026-02-17,2026-06-04,V5,34ab53ca984423f2,58e2d82d9a83a679,true,up,"[0.05,0.25)",false,true,true,true,false
qt_pit_2026h1,LCII,2026-05,2026-05-05,2026-06-04,V5,c634bda1d59f66f3,4438b25751f4ea8b,true,down,"[0.01,0.05)",true,true,false,false,false
qt_pit_2026h1,LEA,2026-02,2026-02-04,2026-06-04,V5,56c6c513aeb01ecd,3370a441fbd685a9,true,up,>=1.00,false,true,true,true,false
qt_pit_2026h1,LEA,2026-05,2026-05-01,2026-06-04,V5,61b7131beea303d8,61b7131beea303d8,false,none,0,true,true,false,false,false
qt_pit_2026h1,LEG,2026-02,2026-02-11,2026-06-04,V5,a56ddb05dc239faa,a56ddb05dc239faa,false,none,0,false,false,false,false,false
qt_pit_2026h1,LEG,2026-05,2026-05-07,2026-06-04,V5,dba0285a2cfcbe73,dba0285a2cfcbe73,false,none,0,false,false,false,false,false
qt_pit_2026h1,LEGH,2026-05,2026-05-08,2026-06-04,V5,68ba2ff2d9091d85,68ba2ff2d9091d85,false,none,0,false,false,false,false,false
qt_pit_2026h1,LEGN,2026-03,2026-03-10,2026-06-04,V5,95aac40fb036a945,95aac40fb036a945,false,none,0,true,true,false,false,false
qt_pit_2026h1,LEGN,2026-05,2026-05-12,2026-06-04,V5,50f0cfa8e482b7e1,50f0cfa8e482b7e1,false,none,0,false,false,false,false,false
qt_pit_2026h1,LENZ,2026-05,2026-05-12,2026-06-04,V5,e6790d24b07b78ed,e6790d24b07b78ed,false,none,0,false,false,false,false,false
qt_pit_2026h1,LEU,2026-02,2026-02-11,2026-06-04,V5,84fbf1efe8e19f8e,84fbf1efe8e19f8e,false,none,0,false,false,false,false,false
qt_pit_2026h1,LEU,2026-05,2026-05-06,2026-06-04,V5,f31ca2dd3e9ec3f8,f31ca2dd3e9ec3f8,false,none,0,true,true,false,false,false
qt_pit_2026h1,LEVI,2026-04,2026-04-08,2026-06-04,V5,9d9140918b303bbd,9d9140918b303bbd,false,none,0,true,true,false,false,false
qt_pit_2026h1,LFST,2026-02,2026-02-26,2026-06-04,V5,4826bca5e6fb67d9,4826bca5e6fb67d9,false,none,0,false,true,true,true,false
qt_pit_2026h1,LGIH,2026-02,2026-02-17,2026-06-04,V5,c37464b32cb71198,a38aafa837cb5611,true,up,"[0.05,0.25)",false,false,false,true,false
qt_pit_2026h1,LGIH,2026-04,2026-04-28,2026-06-04,V5,13c7a04d657d39ee,13c7a04d657d39ee,false,none,0,true,true,false,false,false
qt_pit_2026h1,LGND,2026-02,2026-02-26,2026-06-04,V5,faa57a6caf1939a6,faa57a6caf1939a6,false,none,0,true,true,false,false,false
qt_pit_2026h1,LGND,2026-05,2026-05-14,2026-06-04,V5,7aab068a6f9299d0,7aab068a6f9299d0,false,none,0,false,false,false,false,false
qt_pit_2026h1,LIF,2026-03,2026-03-03,2026-06-04,V5,e0ee0c4c5870f889,93e2a481242c400b,true,up,>=1.00,false,true,true,true,false
qt_pit_2026h1,LIF,2026-05,2026-05-12,2026-06-04,V3,979fb8cf38506bd8,08a8807ceb532131,true,down,"[0.25,1.00)",true,true,false,false,false
qt_pit_2026h1,LILAK,2026-05,2026-05-07,2026-06-04,V5,40c27be16ddbef60,40c27be16ddbef60,false,none,0,false,false,false,false,false
qt_pit_2026h1,LIND,2026-02,2026-02-26,2026-06-04,V5,efffd08dd18e8e5d,78a47781918f65f3,true,down,"[0.01,0.05)",false,false,false,false,false
qt_pit_2026h1,LION,2026-02,2026-02-06,2026-06-04,V5,b444850ee95ff5f8,b444850ee95ff5f8,false,none,0,false,false,false,false,false
qt_pit_2026h1,LION,2026-05,2026-05-21,2026-06-04,V5,557f36ef9982d39f,b79f66946882ad03,true,up,"[0.05,0.25)",false,true,true,true,false
qt_pit_2026h1,LIVN,2026-02,2026-02-25,2026-06-04,V5,376a5f1ed4b2c348,5da13037ac91dc89,true,up,"[0.25,1.00)",false,false,false,true,false
qt_pit_2026h1,LIVN,2026-05,2026-05-06,2026-06-04,V5,1c0076d96c61e3c5,5a619b6717903968,true,up,"[0.25,1.00)",false,true,true,true,false
qt_pit_2026h1,LKQ,2026-02,2026-02-19,2026-06-04,V5,9238f29c9da4bc95,d7d8154c287ca103,true,up,"[0.25,1.00)",false,false,false,false,false
qt_pit_2026h1,LKQ,2026-04,2026-04-30,2026-06-04,V5,6fd65d7b5e73b1cd,90e912e4b0090853,true,up,"[0.25,1.00)",false,false,false,false,false
qt_pit_2026h1,LLYVA,2026-02,2026-02-27,2026-06-04,V5,879b9349d983cafe,879b9349d983cafe,false,none,0,true,true,false,false,false
qt_pit_2026h1,LLYVA,2026-05,2026-05-10,2026-06-04,V3,f18fe73b4d66cb7a,f18fe73b4d66cb7a,false,none,0,false,false,false,false,true
qt_pit_2026h1,LLYVK,2026-02,2026-02-27,2026-06-04,V5,eedcc6270006fe5b,eedcc6270006fe5b,false,none,0,true,true,false,false,false
qt_pit_2026h1,LLYVK,2026-05,2026-05-10,2026-06-04,V3,be67d6d5ddc2a2bc,be67d6d5ddc2a2bc,false,none,0,false,false,false,false,true
qt_pit_2026h1,LMAT,2026-02,2026-02-26,2026-06-04,V5,d0a039dec79291df,d0a039dec79291df,false,none,0,false,false,false,false,false
qt_pit_2026h1,LMAT,2026-05,2026-05-05,2026-06-04,V5,d0a039dec79291df,d0a039dec79291df,false,none,0,false,false,false,false,false
qt_pit_2026h1,LMB,2026-03,2026-03-03,2026-06-04,V5,a591418f98c64b38,a591418f98c64b38,false,none,0,true,true,false,false,false
qt_pit_2026h1,LMB,2026-05,2026-05-06,2026-06-04,V5,195fcdaf3033aee5,195fcdaf3033aee5,false,none,0,true,true,false,false,false
qt_pit_2026h1,LNN,2026-04,2026-04-01,2026-06-04,V5,34303a48d380c0e6,482eefeafb7fc610,true,down,"[0.01,0.05)",false,false,false,false,false
qt_pit_2026h1,LNTH,2026-02,2026-02-26,2026-06-04,V5,433e10bc18def47a,638ba95c3adc4d3d,true,up,"[0.25,1.00)",false,true,true,true,false
qt_pit_2026h1,LNTH,2026-05,2026-05-07,2026-06-04,V5,3b7b324976282dff,a68e2d03534d639d,true,down,"[0.25,1.00)",true,true,false,false,false
qt_pit_2026h1,LOAR,2026-02,2026-02-26,2026-06-04,V5,dac6a45de148c7c4,58acfd7154642531,true,up,"[0.05,0.25)",false,true,true,true,false
qt_pit_2026h1,LOAR,2026-05,2026-05-07,2026-06-04,V5,82f09ca97849a9df,f3779a954d709fdd,true,up,"[0.05,0.25)",false,true,true,true,false
qt_pit_2026h1,LOPE,2026-02,2026-02-19,2026-06-04,V5,39c849c8477c1963,e09486da49c358fe,true,up,"[0.05,0.25)",false,false,false,true,false
qt_pit_2026h1,LOPE,2026-04,2026-04-30,2026-06-04,V5,532d62db69807da2,32ad373f2bfa9df7,true,up,"[0.01,0.05)",false,false,false,false,false
qt_pit_2026h1,LPG,2026-02,2026-02-08,2026-06-04,V5,67a5e3ff090d9034,67a5e3ff090d9034,false,none,0,false,false,false,false,true
qt_pit_2026h1,LPG,2026-05,2026-05-20,2026-06-04,V5,f604cb19e423c2bb,de9867255cf357de,true,down,"[0.01,0.05)",true,true,false,false,false
qt_pit_2026h1,LPX,2026-02,2026-02-17,2026-06-04,V5,4aee4378d72b936a,0fbcd4baf0ccc4e2,true,up,"[0.25,1.00)",false,true,true,true,false
qt_pit_2026h1,LPX,2026-05,2026-05-06,2026-06-04,V5,631776394c3dcca7,5645c893cbbe68c7,true,down,"[0.01,0.05)",true,true,false,false,false
qt_pit_2026h1,LQDA,2026-03,2026-03-09,2026-06-04,V5,3adef733bbea40d6,3adef733bbea40d6,false,none,0,true,true,false,false,true
qt_pit_2026h1,LQDA,2026-05,2026-05-10,2026-06-04,V5,2704e24ce2417cfb,2704e24ce2417cfb,false,none,0,true,true,false,false,false
qt_pit_2026h1,LQDT,2026-02,2026-02-05,2026-06-04,V5,df82322351fba665,df82322351fba665,false,none,0,true,true,false,false,false
qt_pit_2026h1,LQDT,2026-05,2026-05-07,2026-06-04,V5,7afd4f925718d06a,e403297fd6f8b984,true,up,"[0.05,0.25)",false,true,true,true,false
qt_pit_2026h1,LRN,2026-04,2026-04-28,2026-06-04,V5,d451b60ab1e8cc85,79dfaeaab19280e1,true,up,"[0.05,0.25)",false,true,true,true,false
qt_pit_2026h1,LSPD,2026-02,2026-02-05,2026-06-04,V5,b5c6e595681c6085,215166b97a234a5f,true,up,"[0.25,1.00)",false,true,true,true,false
qt_pit_2026h1,LSPD,2026-05,2026-05-21,2026-06-04,V5,e5785fe09c21f447,e5785fe09c21f447,false,none,0,false,false,false,false,false
qt_pit_2026h1,LSTR,2026-04,2026-04-28,2026-06-04,V5,bd80170ffdb6c384,bd80170ffdb6c384,false,none,0,false,false,false,false,false
qt_pit_2026h1,LTH,2026-02,2026-02-24,2026-06-04,V5,27e8803428285eb7,4b6b0e494a5954e7,true,down,"[0.05,0.25)",true,true,false,false,false
qt_pit_2026h1,LTH,2026-05,2026-05-05,2026-06-04,V5,c41d7477b9bb7915,1230144e71a815e7,true,up,"[0.01,0.05)",true,false,true,false,false
qt_pit_2026h1,LUCK,2026-02,2026-02-05,2026-06-04,V5,55b4a4b3c4cb3c5a,55b4a4b3c4cb3c5a,false,none,0,false,false,false,false,false
qt_pit_2026h1,LUCK,2026-05,2026-05-06,2026-06-04,V5,9828f1b03ea94a65,46bc15137eaa3b3c,true,down,"[0.05,0.25)",true,false,true,true,false
qt_pit_2026h1,LUMN,2026-02,2026-02-04,2026-06-04,V5,9701dad9b2111eec,ce298773addbb5a9,true,up,"[0.05,0.25)",true,true,false,false,false
qt_pit_2026h1,LUMN,2026-05,2026-05-06,2026-06-04,V5,7fd5f4339e557c4d,7fd5f4339e557c4d,false,none,0,false,false,false,false,false
qt_pit_2026h1,LUNR,2026-05,2026-05-14,2026-06-04,V5,e8e2b12fb447af85,55cb29e4142e2dd9,true,up,"[0.05,0.25)",false,false,false,false,false
qt_pit_2026h1,LW,2026-04,2026-04-01,2026-06-04,V5,1ec66650f3112b47,312dd14f16813ba3,true,up,"[0.25,1.00)",false,true,true,true,false
qt_pit_2026h1,LYFT,2026-02,2026-02-11,2026-06-04,V5,51a05a724cb773d4,0e42649893881e9f,true,up,"[0.25,1.00)",false,true,true,true,false
qt_pit_2026h1,LYFT,2026-05,2026-05-08,2026-06-04,V5,730dadb601309fc2,730dadb601309fc2,false,none,0,false,false,false,false,false
qt_pit_2026h1,LZ,2026-02,2026-02-20,2026-06-04,V5,f21f039408bbf945,f21f039408bbf945,false,none,0,false,false,false,false,false
qt_pit_2026h1,LZ,2026-05,2026-05-06,2026-06-04,V5,31dd8617e7f7c6b7,89824e24381ffb81,true,up,"[0.05,0.25)",false,false,false,false,false
qt_pit_2026h1,LZB,2026-02,2026-02-17,2026-06-04,V5,4fa3b69307cc8b25,72fd1a64762e053d,true,up,"[0.05,0.25)",false,false,false,true,false
qt_pit_2026h1,M,2026-03,2026-03-18,2026-06-04,V5,ec08f2f7bd930e04,b92985ec011364a3,true,down,"[0.05,0.25)",true,false,true,false,false
qt_pit_2026h1,M,2026-06,2026-06-03,2026-06-04,V5,da82617dda97d494,da82617dda97d494,false,none,0,true,true,false,false,false
qt_pit_2026h1,MAGN,2026-05,2026-05-07,2026-06-04,V5,a51cb0bdf08a553d,a51cb0bdf08a553d,false,none,0,false,false,false,false,false
qt_pit_2026h1,MAN,2026-01,2026-02-03,2026-06-04,V5,aac9d562b0a76e7d,aac9d562b0a76e7d,false,none,0,true,true,false,false,true
qt_pit_2026h1,MAN,2026-04,2026-04-16,2026-06-04,V5,e570165374b192b1,e570165374b192b1,false,none,0,false,false,false,false,false
qt_pit_2026h1,MANU,2026-02,2026-02-26,2026-06-04,V5,1eccb2e5e981f17b,1eccb2e5e981f17b,false,none,0,false,false,false,false,false
qt_pit_2026h1,MANU,2026-05,2026-05-27,2026-06-04,V5,cde9ff1fdbee0273,cde9ff1fdbee0273,false,none,0,true,true,false,false,false
qt_pit_2026h1,MARA,2026-02,2026-02-27,2026-06-04,V5,0997131da5006c72,5d91ff5bea9a287a,true,up,>=1.00,false,false,false,false,false
qt_pit_2026h1,MARA,2026-05,2026-05-12,2026-06-04,V5,d28cc33d53d279ec,adc7af2e8f244017,true,up,>=1.00,false,false,false,false,false
qt_pit_2026h1,MASI,2026-02,2026-02-27,2026-06-04,V5,5fb0775eb9e6080a,3c188376ba40f008,true,down,>=1.00,false,false,false,false,false
qt_pit_2026h1,MASI,2026-05,2026-05-06,2026-06-04,V5,55f987e8ac5f1614,7516594bca885d2b,true,up,"[0.25,1.00)",false,false,false,true,false
qt_pit_2026h1,MAT,2026-02,2026-02-11,2026-06-04,V5,e3dca46315465e65,e3dca46315465e65,false,none,0,false,false,false,false,false
qt_pit_2026h1,MAT,2026-04,2026-04-29,2026-06-04,V5,ca389d140b788814,fa9c88d722c79080,true,down,"[0.25,1.00)",true,true,false,false,false
qt_pit_2026h1,MATW,2026-02,2026-02-04,2026-06-04,V5,be02c258f8155c49,be02c258f8155c49,false,none,0,false,false,false,false,false
qt_pit_2026h1,MATW,2026-04,2026-05-01,2026-06-04,V5,2c249863ddd06bf3,2c249863ddd06bf3,false,none,0,true,true,false,false,false
qt_pit_2026h1,MATX,2026-02,2026-02-25,2026-06-04,V5,a9222812b6c35d33,a9222812b6c35d33,false,none,0,true,true,false,false,false
qt_pit_2026h1,MATX,2026-05,2026-05-05,2026-06-04,V5,44a491092b4ca3c9,44a491092b4ca3c9,false,none,0,true,true,false,false,false
qt_pit_2026h1,MBC,2026-02,2026-02-11,2026-06-04,V5,01be80a82acf1c1b,01be80a82acf1c1b,false,none,0,false,false,false,false,false
qt_pit_2026h1,MBC,2026-05,2026-05-05,2026-06-04,V3,84da650485b70aab,84da650485b70aab,false,none,0,true,true,false,false,false
qt_pit_2026h1,MBIN,2026-04,2026-04-28,2026-06-04,V5,1329594cfbcf63dc,1329594cfbcf63dc,false,none,0,false,false,false,false,false
qt_pit_2026h1,MBLY,2026-04,2026-04-23,2026-06-04,V5,d9f600c585276ba9,d9f600c585276ba9,false,none,0,true,true,false,false,false
qt_pit_2026h1,MBUU,2026-02,2026-02-05,2026-06-04,V5,161fcf89cc8c5c52,fa5901e6a18c0a90,true,up,"[0.05,0.25)",false,true,true,true,false
qt_pit_2026h1,MBUU,2026-05,2026-05-08,2026-06-04,V5,b1e446f2fcf0cf11,b1e446f2fcf0cf11,false,none,0,true,true,false,false,false
qt_pit_2026h1,MBX,2026-05,2026-05-10,2026-06-04,V5,834dd897dd566ea5,834dd897dd566ea5,false,none,0,true,true,false,false,true
qt_pit_2026h1,MCBS,2026-01,2026-02-03,2026-06-04,V5,0b7c49a314685d62,0b7c49a314685d62,false,none,0,false,false,false,false,true
qt_pit_2026h1,MCBS,2026-04,2026-04-25,2026-06-04,V3,301f24cb20fc72d9,301f24cb20fc72d9,false,none,0,false,false,false,false,false
qt_pit_2026h1,MCRI,2026-02,2026-02-05,2026-06-04,V5,819ee9f6b1d0cc8a,819ee9f6b1d0cc8a,false,none,0,false,false,false,false,false
qt_pit_2026h1,MCRI,2026-04,2026-04-22,2026-06-04,V5,c235947627ed2e7e,c235947627ed2e7e,false,none,0,true,true,false,false,false
qt_pit_2026h1,MCW,2026-02,2026-02-17,2026-06-04,V5,4c61d57bef176fad,2f3116fe446f817b,true,up,"[0.05,0.25)",false,false,false,true,false
qt_pit_2026h1,MCW,2026-04,2026-04-29,2026-06-04,V5,d278187c1f88bb6b,eca89cfc70122374,true,up,"[0.01,0.05)",false,false,false,true,false
qt_pit_2026h1,MD,2026-02,2026-02-19,2026-06-04,V5,264d736232236af5,e3efc08d85beb042,true,up,"[0.05,0.25)",false,false,false,false,false
qt_pit_2026h1,MD,2026-05,2026-05-05,2026-06-04,V5,b63db15c38b8c905,17cd11546c7b48de,true,up,"[0.05,0.25)",false,true,true,true,false
qt_pit_2026h1,MDGL,2026-02,2026-02-19,2026-06-04,V5,e4338819f950a47b,e4338819f950a47b,false,none,0,false,false,false,false,false
qt_pit_2026h1,MDU,2026-02,2026-02-05,2026-06-04,V5,9c587f8896845ece,9c587f8896845ece,false,none,0,false,false,false,false,false
qt_pit_2026h1,MDU,2026-05,2026-05-07,2026-06-04,V5,a1a0fc00a5d00e09,a1a0fc00a5d00e09,false,none,0,false,false,false,false,false
qt_pit_2026h1,MDXG,2026-02,2026-02-26,2026-06-04,V5,9d5d4bc51d89eda3,0fb79624d3fda866,true,up,"[0.01,0.05)",true,true,false,false,false
qt_pit_2026h1,MDXG,2026-04,2026-04-29,2026-06-04,V5,e51221ada9c0dfd0,e4c0f37539cfbf9b,true,up,"[0.01,0.05)",false,true,true,true,false
qt_pit_2026h1,MEG,2026-02,2026-02-26,2026-06-04,V5,25c400ff8123560e,5aab47ff958b815c,true,down,"[0.05,0.25)",false,false,false,false,false
qt_pit_2026h1,MEG,2026-05,2026-05-06,2026-06-04,V5,4d7fdcd8a42f7680,37d439415fe2f379,true,up,"[0.05,0.25)",false,false,false,false,false
qt_pit_2026h1,MEOH,2026-04,2026-04-30,2026-06-04,V5,fbde6e14b2a81729,fbde6e14b2a81729,false,none,0,false,false,false,false,false
qt_pit_2026h1,MESO,2026-02,2026-02-27,2026-06-04,V5,4c12c387ea53f412,d40fd3d6e39faf60,true,down,"(0,0.01)",false,false,false,false,false
qt_pit_2026h1,MGEE,2026-02,2026-02-25,2026-06-04,V5,cabcd9d49881cee4,cabcd9d49881cee4,false,none,0,false,false,false,false,false
qt_pit_2026h1,MGEE,2026-05,2026-05-06,2026-06-04,V5,23178f3417400dbd,23178f3417400dbd,false,none,0,true,true,false,false,false
qt_pit_2026h1,MGNI,2026-02,2026-02-26,2026-06-04,V5,d2bc00da593312e1,8408099c5197bffe,true,down,"[0.25,1.00)",true,false,true,true,false
qt_pit_2026h1,MGNI,2026-05,2026-05-07,2026-06-04,V5,908ddfaa4edfcd2c,908ddfaa4edfcd2c,false,none,0,true,true,false,false,false
qt_pit_2026h1,MGPI,2026-02,2026-02-26,2026-06-04,V5,e1aa362fe569f288,9581a07ebab009f1,true,up,>=1.00,false,true,true,true,false
qt_pit_2026h1,MGPI,2026-04,2026-04-29,2026-06-04,V5,6775b9252fa51a8a,6775b9252fa51a8a,false,none,0,true,true,false,false,false
qt_pit_2026h1,MGRC,2026-02,2026-02-26,2026-06-04,V5,ab0894aa985cd9fe,ab0894aa985cd9fe,false,none,0,true,true,false,false,false
qt_pit_2026h1,MGRC,2026-04,2026-04-29,2026-06-04,V5,5fd9dcaf2e432c05,5fd9dcaf2e432c05,false,none,0,false,false,false,false,false
qt_pit_2026h1,MHK,2026-02,2026-02-13,2026-06-04,V5,45bee1973ef30d13,45bee1973ef30d13,false,none,0,false,false,false,false,false
qt_pit_2026h1,MHK,2026-04,2026-04-30,2026-06-04,V5,f8632b45c1d0886e,7897d5ae47e04b21,true,down,"[0.01,0.05)",false,false,false,false,false
qt_pit_2026h1,MHO,2026-04,2026-04-22,2026-06-04,V5,680f4e16a0e49fcf,aca4d26aa1f44399,true,down,"[0.05,0.25)",false,false,false,false,false
qt_pit_2026h1,MIDD,2026-02,2026-02-26,2026-06-04,V5,3cb4b8f08adeab5f,3cb4b8f08adeab5f,false,none,0,false,false,false,false,false
qt_pit_2026h1,MIDD,2026-05,2026-05-07,2026-06-04,V5,9a6548f837d494a8,9a6548f837d494a8,false,none,0,true,true,false,false,false
qt_pit_2026h1,MIR,2026-02,2026-02-11,2026-06-04,V5,50b301a80583314c,50b301a80583314c,false,none,0,false,false,false,false,false
qt_pit_2026h1,MIR,2026-04,2026-04-28,2026-06-04,V5,c1a6a09b5fa86c72,0f13952be829f7fa,true,up,"[0.05,0.25)",false,false,false,false,false
qt_pit_2026h1,MIRM,2026-02,2026-02-26,2026-06-04,V5,d5365e48b4a14839,d5365e48b4a14839,false,none,0,false,false,false,false,false
qt_pit_2026h1,MIRM,2026-05,2026-05-06,2026-06-04,V5,c57b90ff618afc19,c57b90ff618afc19,false,none,0,false,false,false,false,false
qt_pit_2026h1,MLAB,2026-02,2026-02-03,2026-06-04,V5,acd0ccbf8743c702,acd0ccbf8743c702,false,none,0,true,true,false,false,false
qt_pit_2026h1,MLAB,2026-05,2026-05-27,2026-06-04,V5,14c866555baedee3,238a269e0d1d2ce9,true,up,>=1.00,false,true,true,true,false
qt_pit_2026h1,MLCO,2026-02,2026-02-13,2026-06-04,V5,6147efe0fe11e6e4,9ed1622d4996c626,true,down,"[0.01,0.05)",true,true,false,false,false
qt_pit_2026h1,MLCO,2026-04,2026-05-01,2026-06-04,V5,70a0dcadfc2a27a2,70a0dcadfc2a27a2,false,none,0,true,true,false,false,false
qt_pit_2026h1,MLKN,2026-03,2026-03-26,2026-06-04,V5,8cab20b9cb5c4b71,ebcc2d1ed51a75dd,true,up,"[0.05,0.25)",false,false,false,false,false
qt_pit_2026h1,MLR,2026-03,2026-03-04,2026-06-04,V5,50d024dddfd212c6,50d024dddfd212c6,false,none,0,true,true,false,false,false
qt_pit_2026h1,MLR,2026-05,2026-05-07,2026-06-04,V5,b196d054a2291919,b196d054a2291919,false,none,0,false,false,false,false,false
qt_pit_2026h1,MLTX,2026-02,2026-02-25,2026-06-04,V5,62d23c648f400f7d,622a45e84e33883a,true,up,"[0.01,0.05)",false,false,false,true,false
qt_pit_2026h1,MLTX,2026-05,2026-05-10,2026-06-04,V5,6161799facb998d5,6161799facb998d5,false,none,0,false,false,false,false,false
qt_pit_2026h1,MLYS,2026-05,2026-05-07,2026-06-04,V5,5fe3fd9d64e70aa3,5fe3fd9d64e70aa3,false,none,0,false,false,false,false,false
qt_pit_2026h1,MMS,2026-02,2026-02-05,2026-06-04,V5,a25d15d2f966befe,d2421479ff5f81fd,true,up,"[0.05,0.25)",false,false,false,true,false
qt_pit_2026h1,MMS,2026-05,2026-05-07,2026-06-04,V5,201f85916c4432cd,e8bc70a34e648f21,true,up,"[0.25,1.00)",false,false,false,true,false
qt_pit_2026h1,MMSI,2026-02,2026-02-25,2026-06-04,V5,8502c3ffde0ccf58,964d55bc49def804,true,up,"[0.25,1.00)",false,false,false,true,false
qt_pit_2026h1,MMSI,2026-04,2026-04-30,2026-06-04,V5,7ff845204fdd91e9,d95eb685f8eb645f,true,up,"[0.25,1.00)",false,true,true,true,false
qt_pit_2026h1,MMYT,2026-05,2026-05-20,2026-06-04,V5,7d03a8e79060056d,7d03a8e79060056d,false,none,0,false,true,true,true,false
qt_pit_2026h1,MNKD,2026-05,2026-05-07,2026-06-04,V5,77bc9438a9d443d9,77bc9438a9d443d9,false,none,0,false,false,false,false,false
qt_pit_2026h1,MNR,2026-05,2026-05-08,2026-06-04,V5,eaf5d27b8118dfad,467f9ab726406b92,true,up,"[0.05,0.25)",false,true,true,false,false
qt_pit_2026h1,MNRO,2026-05,2026-05-27,2026-06-04,V5,04e5780a3d0553b5,04e5780a3d0553b5,false,none,0,false,false,false,false,false
qt_pit_2026h1,MODG,2026-02,2026-02-23,2026-06-04,V5,2768a5173c6cde63,fa08450e75b046ac,true,down,"[0.25,1.00)",true,true,false,false,false
qt_pit_2026h1,MOMO,2026-03,2026-03-18,2026-06-04,V5,9b11119a6c3b5c11,2a543af7ebaecf9e,true,up,"[0.05,0.25)",false,true,true,true,false
qt_pit_2026h1,MOMO,2026-06,2026-06-02,2026-06-04,V5,5a6c0f034c29574a,4a4585d3c1158854,true,up,"[0.01,0.05)",true,true,false,false,false
qt_pit_2026h1,MOS,2026-02,2026-02-25,2026-06-04,V5,ca02c2f7c5640234,9b3bbf5447c846b8,true,up,>=1.00,false,false,false,false,false
qt_pit_2026h1,MOS,2026-05,2026-05-10,2026-06-04,V5,293aff8907ff6a1b,293aff8907ff6a1b,false,none,0,false,false,false,false,false
qt_pit_2026h1,MRCY,2026-02,2026-02-04,2026-06-04,V5,bd30a183bb124c0b,b9a78311c8693b18,true,up,"[0.25,1.00)",false,true,true,true,false
qt_pit_2026h1,MRCY,2026-05,2026-05-06,2026-06-04,V5,7276df890f3f6665,7276df890f3f6665,false,none,0,true,true,false,false,false
qt_pit_2026h1,MRTN,2026-04,2026-04-23,2026-06-04,V5,fc15a04d5c474b9a,fc15a04d5c474b9a,false,none,0,false,false,false,false,false
qt_pit_2026h1,MRVI,2026-02,2026-02-26,2026-06-04,V5,074d6d3fa0d78d8f,39d72d51fef276aa,true,up,"[0.05,0.25)",false,true,true,true,false
qt_pit_2026h1,MRVI,2026-05,2026-05-08,2026-06-04,V5,261ab1b52f625042,1ed1d5951106a556,true,up,"[0.01,0.05)",true,true,false,false,false
qt_pit_2026h1,MSA,2026-02,2026-02-11,2026-06-04,V5,9c99748020a274be,9c99748020a274be,false,none,0,false,false,false,false,false
qt_pit_2026h1,MSA,2026-05,2026-05-05,2026-06-04,V5,26c7947836467da7,26c7947836467da7,false,none,0,false,false,false,false,false
qt_pit_2026h1,MSDL,2026-02,2026-02-27,2026-06-04,V5,824500fe6b30c3d4,824500fe6b30c3d4,false,none,0,false,false,false,false,false
qt_pit_2026h1,MSDL,2026-05,2026-05-08,2026-06-04,V5,808537463fc52c82,808537463fc52c82,false,none,0,false,false,false,false,false
qt_pit_2026h1,MSEX,2026-02,2026-02-20,2026-06-04,V5,8b7656d077af8cd7,8b7656d077af8cd7,false,none,0,false,false,false,false,false
qt_pit_2026h1,MSEX,2026-04,2026-05-01,2026-06-04,V5,49bab030beeb1791,49bab030beeb1791,false,none,0,false,false,false,false,false
qt_pit_2026h1,MSGE,2026-02,2026-02-04,2026-06-04,V5,b8c1d4eabf241a4d,b8c1d4eabf241a4d,false,none,0,false,false,false,false,false
qt_pit_2026h1,MSGE,2026-05,2026-05-07,2026-06-04,V5,52385e343435820c,21781b669d6d693f,true,up,"[0.25,1.00)",false,true,true,true,false
qt_pit_2026h1,MSGS,2026-02,2026-02-05,2026-06-04,V5,7c5d87666271258f,7c5d87666271258f,false,none,0,false,false,false,false,false
qt_pit_2026h1,MSGS,2026-05,2026-05-10,2026-06-04,V5,ac4e88399f593507,ac4e88399f593507,false,none,0,false,false,false,false,true
qt_pit_2026h1,MSM,2026-04,2026-04-01,2026-06-04,V5,ad333da06f428826,8d08f41fcb5b9d19,true,up,"[0.25,1.00)",false,false,false,false,false
qt_pit_2026h1,MTCH,2026-02,2026-02-04,2026-06-04,V5,b7c031082567ff83,e5f97fea4c69e70f,true,up,"[0.01,0.05)",false,false,false,true,false
qt_pit_2026h1,MTCH,2026-05,2026-05-06,2026-06-04,V5,e8f5e403949f5c49,0d3a73eee3fd12d6,true,up,"[0.05,0.25)",true,false,true,false,false
qt_pit_2026h1,MTDR,2026-02,2026-02-25,2026-06-04,V5,69b3116072b80067,69b3116072b80067,false,none,0,true,true,false,false,false
qt_pit_2026h1,MTDR,2026-05,2026-05-07,2026-06-04,V5,0bac6042f5e19982,0bac6042f5e19982,false,none,0,true,true,false,false,false
qt_pit_2026h1,MTH,2026-04,2026-04-23,2026-06-04,V5,e119139dcda7c670,f86ec64fe5fcf8fb,true,up,"[0.01,0.05)",false,false,false,false,false
qt_pit_2026h1,MTN,2026-03,2026-03-10,2026-06-04,V5,8ad44a7933b40793,8ad44a7933b40793,false,none,0,false,false,false,false,false
qt_pit_2026h1,MTRN,2026-02,2026-02-13,2026-06-04,V5,475de77d635a7e28,475de77d635a7e28,false,none,0,false,false,false,false,false
qt_pit_2026h1,MTRN,2026-04,2026-04-29,2026-06-04,V5,3cf49fea9c77b93b,3cf49fea9c77b93b,false,none,0,false,false,false,false,false
qt_pit_2026h1,MTUS,2026-02,2026-02-20,2026-06-04,V5,175b17d1c664c0eb,175b17d1c664c0eb,false,none,0,false,false,false,false,false
qt_pit_2026h1,MTUS,2026-05,2026-05-05,2026-06-04,V3,a1a24b022287cf35,a1a24b022287cf35,false,none,0,true,true,false,false,false
qt_pit_2026h1,MTX,2026-01,2026-02-03,2026-06-04,V5,8a3592892acde965,8a3592892acde965,false,none,0,false,false,false,false,true
qt_pit_2026h1,MTX,2026-04,2026-04-30,2026-06-04,V5,2de9cbb910964ddd,2c004ca95de28472,true,up,"[0.05,0.25)",false,false,false,true,false
qt_pit_2026h1,MUR,2026-05,2026-05-07,2026-06-04,V5,49b251081901eeda,49b251081901eeda,false,none,0,true,true,false,false,false
qt_pit_2026h1,MVST,2026-05,2026-05-10,2026-06-04,V3,958fca4a54241da4,958fca4a54241da4,false,none,0,false,false,false,false,false
qt_pit_2026h1,MWA,2026-02,2026-02-05,2026-06-04,V5,4a822024dc2c0cfe,4a822024dc2c0cfe,false,none,0,false,false,false,false,false
qt_pit_2026h1,MWA,2026-05,2026-05-06,2026-06-04,V5,29b2914ebeeb22e4,29b2914ebeeb22e4,false,none,0,false,false,false,false,false
qt_pit_2026h1,MXL,2026-01,2026-02-03,2026-06-04,V5,08c927dd2e761847,08c927dd2e761847,false,none,0,false,false,false,false,true
qt_pit_2026h1,MXL,2026-04,2026-04-23,2026-06-04,V5,f818709e32f1c1cf,1859884f8cf0ffc7,true,up,"[0.25,1.00)",false,true,true,true,false
qt_pit_2026h1,MYGN,2026-02,2026-02-23,2026-06-04,V5,d23bd31b7bbcfb7f,051b3071fb70c270,true,up,"[0.05,0.25)",false,true,true,true,false
qt_pit_2026h1,MYGN,2026-05,2026-05-06,2026-06-04,V5,2cea603fe5427493,2cea603fe5427493,false,none,0,false,false,false,false,false
qt_pit_2026h1,MYRG,2026-02,2026-02-26,2026-06-04,V5,cd41f38fa3196f1a,cd41f38fa3196f1a,false,none,0,true,true,false,false,false
qt_pit_2026h1,MYRG,2026-04,2026-04-29,2026-06-04,V5,f69c794bcd7fae90,1284a3b8a9326527,true,down,"[0.01,0.05)",true,true,false,false,false
qt_pit_2026h1,NABL,2026-05,2026-05-07,2026-06-04,V5,056b22373ca6a277,056b22373ca6a277,false,none,0,false,false,false,false,false
qt_pit_2026h1,NAMS,2026-02,2026-02-19,2026-06-04,V5,df502c5f60bb4aa4,df502c5f60bb4aa4,false,none,0,false,false,false,false,false
qt_pit_2026h1,NAMS,2026-05,2026-05-07,2026-06-04,V5,9ec791a6b4c48b3f,9ec791a6b4c48b3f,false,none,0,true,true,false,false,false
qt_pit_2026h1,NATL,2026-02,2026-02-27,2026-06-04,V5,1b0a92df8471f361,aeb6b9136d8f830c,true,up,"[0.25,1.00)",false,true,true,true,false
qt_pit_2026h1,NATL,2026-05,2026-05-07,2026-06-04,V5,9166173a935d905a,9166173a935d905a,false,none,0,false,false,false,false,false
qt_pit_2026h1,NAVI,2026-04,2026-04-29,2026-06-04,V5,abf0c1390e0ebf3c,d0f15037691076df,true,up,"[0.01,0.05)",false,true,true,false,false
qt_pit_2026h1,NBBK,2026-04,2026-04-23,2026-06-04,V5,0351297490168d11,0351297490168d11,false,none,0,false,false,false,false,false
qt_pit_2026h1,NCMI,2026-02,2026-02-27,2026-06-04,V5,af047c59f1dc0dca,af047c59f1dc0dca,false,none,0,true,true,false,false,false
qt_pit_2026h1,NCMI,2026-05,2026-05-12,2026-06-04,V5,e320303d803f8f0d,18cd386b406d6d6b,true,down,"[0.25,1.00)",true,true,false,false,false
qt_pit_2026h1,NCNO,2026-05,2026-05-27,2026-06-04,V5,bd7817b7c32ef186,83a6ce058ba08239,true,up,"[0.05,0.25)",false,true,true,false,false
qt_pit_2026h1,NE,2026-02,2026-02-12,2026-06-04,V5,50f1241f439ad3c1,50f1241f439ad3c1,false,none,0,false,false,false,false,false
qt_pit_2026h1,NE,2026-04,2026-04-27,2026-06-04,V5,78460a23b77f8856,78460a23b77f8856,false,none,0,true,true,false,false,false
qt_pit_2026h1,NEO,2026-02,2026-02-17,2026-06-04,V5,0f3cce2c69fbe95b,7884eff73e1dc029,true,up,"[0.25,1.00)",false,true,true,true,false
qt_pit_2026h1,NEOG,2026-04,2026-04-09,2026-06-04,V5,4f1a085d528a7a75,4f17eab16e89abd3,true,up,"[0.05,0.25)",false,true,true,true,false
qt_pit_2026h1,NESR,2026-05,2026-05-10,2026-06-04,V5,8c3c5aff497ce616,1dde9e2161b4d7fa,true,up,"[0.01,0.05)",true,true,false,false,false
qt_pit_2026h1,NEXA,2026-02,2026-02-27,2026-06-04,V5,4c3052cb139070ff,54fceb95b6af56be,true,up,"[0.01,0.05)",true,true,false,false,false
qt_pit_2026h1,NEXA,2026-05,2026-05-07,2026-06-04,V5,44bab6349c279ff1,44bab6349c279ff1,false,none,0,false,true,true,true,false
qt_pit_2026h1,NEXT,2026-05,2026-05-01,2026-06-04,V5,586974209b6b8526,8b655d3cacad83af,true,down,"[0.05,0.25)",true,false,true,false,false
qt_pit_2026h1,NFG,2026-04,2026-04-30,2026-06-04,V5,0370ef99e6a60af4,0370ef99e6a60af4,false,none,0,false,false,false,false,false
qt_pit_2026h1,NG,2026-04,2026-04-01,2026-06-04,V5,35713c4c5b1408f7,35713c4c5b1408f7,false,none,0,true,true,false,false,false
qt_pit_2026h1,NGL,2026-02,2026-02-04,2026-06-04,V5,45a20a1cbcff8b2c,45a20a1cbcff8b2c,false,none,0,false,false,false,false,false
qt_pit_2026h1,NGL,2026-05,2026-05-28,2026-06-04,V3,97b1cdc510544f7f,4f81dd232cdf4a66,true,up,>=1.00,false,false,false,false,false
qt_pit_2026h1,NGVC,2026-02,2026-02-06,2026-06-04,V5,84be09c62ce38ae9,84be09c62ce38ae9,false,none,0,false,false,false,true,false
qt_pit_2026h1,NGVC,2026-05,2026-05-08,2026-06-04,V5,6b25a66240dadc3a,0685bb0d755b22df,true,down,"[0.01,0.05)",true,false,true,false,false
qt_pit_2026h1,NGVT,2026-02,2026-02-26,2026-06-04,V5,1595e25b1e8ee6ee,45813237757144b9,true,up,>=1.00,false,false,false,false,false
qt_pit_2026h1,NGVT,2026-05,2026-05-06,2026-06-04,V5,a5cea82dcde24ee5,f210697a8dc55655,true,down,"[0.25,1.00)",true,true,false,false,false
qt_pit_2026h1,NICE,2026-02,2026-02-19,2026-06-04,V5,12f6ed53705f1b42,12f6ed53705f1b42,false,none,0,false,false,false,false,false
qt_pit_2026h1,NICE,2026-05,2026-05-06,2026-06-04,V5,53ce4d4d238749d0,53ce4d4d238749d0,false,none,0,false,false,false,false,false
qt_pit_2026h1,NJR,2026-02,2026-02-03,2026-06-04,V5,e205c66d0af2a14d,e205c66d0af2a14d,false,none,0,true,true,false,false,false
qt_pit_2026h1,NJR,2026-05,2026-05-05,2026-06-04,V5,1ac19eda826e253e,1ac19eda826e253e,false,none,0,true,true,false,false,false
qt_pit_2026h1,NMIH,2026-02,2026-02-11,2026-06-04,V5,0f6a44401cf915fa,0f6a44401cf915fa,false,none,0,false,false,false,false,false
qt_pit_2026h1,NMIH,2026-04,2026-04-30,2026-06-04,V5,940da486383bd011,b3c05fe75844110c,true,down,"[0.01,0.05)",false,false,false,false,false
qt_pit_2026h1,NMM,2026-02,2026-02-19,2026-06-04,V5,b4c6f59e74ae58ee,b4c6f59e74ae58ee,false,none,0,true,true,false,false,false
qt_pit_2026h1,NMM,2026-05,2026-05-21,2026-06-04,V5,5f81cd8285bf0b60,5f81cd8285bf0b60,false,none,0,true,true,false,false,false
qt_pit_2026h1,NMRA,2026-05,2026-05-10,2026-06-04,V5,4900beb0accbebbb,4900beb0accbebbb,false,none,0,false,false,false,false,true
qt_pit_2026h1,NMRK,2026-02,2026-02-25,2026-06-04,V5,03ea7bab63b7586d,69ca9c954acd2254,true,up,"[0.25,1.00)",false,false,false,true,false
qt_pit_2026h1,NMRK,2026-04,2026-04-30,2026-06-04,V5,6c31db04d8cb6bc1,6c31db04d8cb6bc1,false,none,0,true,true,false,false,false
qt_pit_2026h1,NN,2026-05,2026-05-15,2026-06-04,V5,2af1aa6e763d1808,2af1aa6e763d1808,false,none,0,true,true,false,false,false
qt_pit_2026h1,NNE,2026-05,2026-05-15,2026-06-04,V5,e4812daf8d7b46bb,e4812daf8d7b46bb,false,none,0,true,true,false,false,false
qt_pit_2026h1,NOG,2026-02,2026-02-26,2026-06-04,V5,3c8de0f6c884e794,51e994be7b230710,true,up,>=1.00,false,false,false,true,false
qt_pit_2026h1,NOG,2026-04,2026-04-28,2026-06-04,V5,75a1f6e9b1b05250,d41fcbcee6da3d6a,true,up,>=1.00,false,false,false,true,false
qt_pit_2026h1,NOV,2026-02,2026-02-05,2026-06-04,V5,ee7a976a47c569a6,d888565557a1f75c,true,up,"[0.25,1.00)",false,false,false,false,false
qt_pit_2026h1,NOV,2026-04,2026-04-27,2026-06-04,V5,209d5b58b0b06726,1a044f9e183b2389,true,down,"[0.01,0.05)",false,false,false,false,false
qt_pit_2026h1,NOVT,2026-02,2026-02-24,2026-06-04,V5,1518f592d5e692e2,9e5d66fd2b1a9056,true,up,"[0.25,1.00)",false,false,false,true,false
qt_pit_2026h1,NOVT,2026-05,2026-05-10,2026-06-04,V5,2291c65f569a8fed,2291c65f569a8fed,false,none,0,false,false,false,false,false
qt_pit_2026h1,NPKI,2026-02,2026-02-26,2026-06-04,V5,63cd50659aab1e2c,63cd50659aab1e2c,false,none,0,true,true,false,false,false
qt_pit_2026h1,NPKI,2026-04,2026-04-30,2026-06-04,V5,4ace40904f4c2d7a,4ace40904f4c2d7a,false,none,0,false,false,false,false,false
qt_pit_2026h1,NPO,2026-02,2026-02-17,2026-06-04,V5,2d2bc353bca37aa6,11a41989611af2fd,true,up,>=1.00,false,false,false,true,false
qt_pit_2026h1,NPO,2026-05,2026-05-05,2026-06-04,V5,0b6ae8155ce5d127,0b6ae8155ce5d127,false,none,0,false,false,false,false,false
qt_pit_2026h1,NRIX,2026-04,2026-04-09,2026-06-04,V5,76b5a86d688f87c4,76b5a86d688f87c4,false,none,0,false,false,false,false,false
qt_pit_2026h1,NRP,2026-05,2026-05-07,2026-06-04,V5,73843c9f130fdd1c,73843c9f130fdd1c,false,none,0,true,true,false,false,false
qt_pit_2026h1,NSIT,2026-02,2026-02-05,2026-06-04,V5,0a3fb1fac19215c0,0a3fb1fac19215c0,false,none,0,false,false,false,false,false
qt_pit_2026h1,NSIT,2026-05,2026-05-07,2026-06-04,V5,5395d97297cd4d14,5395d97297cd4d14,false,none,0,true,true,false,false,false
qt_pit_2026h1,NSP,2026-02,2026-02-11,2026-06-04,V5,5c48b1da09e23f44,5c48b1da09e23f44,false,none,0,false,false,false,false,false
qt_pit_2026h1,NSP,2026-04,2026-04-30,2026-06-04,V5,d8a2c6be7abb86f4,fdf198dd894e8c93,true,up,"[0.25,1.00)",false,false,false,true,false
qt_pit_2026h1,NSSC,2026-02,2026-02-03,2026-06-04,V5,153a4c5f56ef9600,153a4c5f56ef9600,false,none,0,true,true,false,false,false
qt_pit_2026h1,NSSC,2026-05,2026-05-04,2026-06-04,V5,7353e6d7fe973c37,7353e6d7fe973c37,false,none,0,true,true,false,false,false
qt_pit_2026h1,NTCT,2026-02,2026-02-05,2026-06-04,V5,495ffec0793d448f,495ffec0793d448f,false,none,0,true,true,false,false,false
qt_pit_2026h1,NTCT,2026-05,2026-05-07,2026-06-04,V5,f837febfdf27c6c3,85c2063a98da76ab,true,up,"[0.25,1.00)",false,true,true,true,false
qt_pit_2026h1,NTGR,2026-02,2026-02-05,2026-06-04,V5,c5a7573670db352f,c5a7573670db352f,false,none,0,true,true,false,false,false
qt_pit_2026h1,NTGR,2026-04,2026-04-29,2026-06-04,V5,382f61d4b3fe6066,a19f18434b1150fc,true,up,"[0.25,1.00)",false,true,true,true,false
qt_pit_2026h1,NTLA,2026-02,2026-02-26,2026-06-04,V5,4c37d95e3864dfb3,4c37d95e3864dfb3,false,none,0,true,true,false,false,false
qt_pit_2026h1,NTLA,2026-05,2026-05-10,2026-06-04,V5,a86af1ef3e4774f3,a86af1ef3e4774f3,false,none,0,true,true,false,false,false
qt_pit_2026h1,NUVL,2026-02,2026-02-27,2026-06-04,V5,7e708117062145e3,1c6df31f6e1a81e6,true,up,"[0.25,1.00)",false,true,true,true,false
qt_pit_2026h1,NUVL,2026-05,2026-05-07,2026-06-04,V5,0cf0908e65166c6d,0cf0908e65166c6d,false,none,0,false,false,false,false,false
qt_pit_2026h1,NVAX,2026-02,2026-02-27,2026-06-04,V5,904d452314b9e736,7bf2cb2a612e99bc,true,up,"[0.01,0.05)",true,true,false,false,false
qt_pit_2026h1,NVAX,2026-05,2026-05-06,2026-06-04,V5,ecb49ef591148c8d,ecb49ef591148c8d,false,none,0,true,true,false,false,false
qt_pit_2026h1,NVCR,2026-02,2026-02-26,2026-06-04,V5,569d8bee5ce56a01,569d8bee5ce56a01,false,none,0,true,true,false,false,false
qt_pit_2026h1,NVCR,2026-04,2026-04-30,2026-06-04,V5,c2e527a438e59313,c2e527a438e59313,false,none,0,false,false,false,false,false
qt_pit_2026h1,NVGS,2026-05,2026-05-07,2026-06-04,V5,4c262d111add76f0,4c262d111add76f0,false,none,0,true,true,false,false,false
qt_pit_2026h1,NVST,2026-02,2026-02-06,2026-06-04,V5,a56818e73318fc70,a56818e73318fc70,false,none,0,true,true,false,false,false
qt_pit_2026h1,NVST,2026-05,2026-05-07,2026-06-04,V5,1c1849843d7cf706,1c1849843d7cf706,false,none,0,true,true,false,false,false
qt_pit_2026h1,NWE,2026-02,2026-02-12,2026-06-04,V5,5ed9c14cc586359c,5ed9c14cc586359c,false,none,0,false,false,false,false,false
qt_pit_2026h1,NWE,2026-04,2026-04-30,2026-06-04,V5,4a386a355034bce8,4a386a355034bce8,false,none,0,false,false,false,false,false
qt_pit_2026h1,NWL,2026-02,2026-02-06,2026-06-04,V5,577da109e465289d,7e7eb4662481f3b9,true,up,"[0.25,1.00)",false,false,false,false,false
qt_pit_2026h1,NWL,2026-05,2026-05-01,2026-06-04,V5,6a754ae0d84ff83c,6a754ae0d84ff83c,false,none,0,true,true,false,false,false
qt_pit_2026h1,NWN,2026-02,2026-02-27,2026-06-04,V5,35ad9c139ab7f9d9,35ad9c139ab7f9d9,false,none,0,false,false,false,false,false
qt_pit_2026h1,NWN,2026-05,2026-05-06,2026-06-04,V5,56e924aecb8dc20c,56e924aecb8dc20c,false,none,0,false,false,false,false,false
qt_pit_2026h1,NX,2026-03,2026-03-06,2026-06-04,V5,5bd4e5f50bd00db1,5bd4e5f50bd00db1,false,none,0,true,true,false,false,false
qt_pit_2026h1,NXE,2026-03,2026-03-04,2026-06-04,V5,289b8dcb0350369a,289b8dcb0350369a,false,none,0,false,false,false,false,false
qt_pit_2026h1,NXE,2026-05,2026-05-06,2026-06-04,V5,25b211d99ca868bb,25b211d99ca868bb,false,none,0,true,true,false,false,false
qt_pit_2026h1,NXST,2026-02,2026-02-26,2026-06-04,V5,cfbb7e03634b49b4,982046a89337276c,true,up,>=1.00,false,false,false,true,false
qt_pit_2026h1,NXST,2026-05,2026-05-07,2026-06-04,V5,36f50171aabd9809,c4790169ab713038,true,up,"[0.25,1.00)",true,true,false,false,false
qt_pit_2026h1,NYAX,2026-03,2026-03-09,2026-06-04,V5,149583c2a0008038,113689b65dda9427,true,up,"[0.01,0.05)",true,true,false,false,false
qt_pit_2026h1,NYAX,2026-05,2026-05-12,2026-06-04,V5,c8ab4bcefd7fed83,c8ab4bcefd7fed83,false,none,0,false,false,false,false,false
qt_pit_2026h1,OBDC,2026-02,2026-02-19,2026-06-04,V5,67cb96a448da6068,8037fc77af765ee0,true,up,"[0.05,0.25)",false,false,false,true,false
qt_pit_2026h1,OBDC,2026-05,2026-05-07,2026-06-04,V5,4704320511abe8bd,4704320511abe8bd,false,none,0,false,false,false,false,false
qt_pit_2026h1,OCS,2026-03,2026-03-04,2026-06-04,V5,f8516b418ae90938,f8516b418ae90938,false,none,0,false,false,false,false,false
qt_pit_2026h1,OCS,2026-05,2026-05-12,2026-06-04,V5,dd364391690689cd,dd364391690689cd,false,none,0,false,false,false,false,false
qt_pit_2026h1,OCUL,2026-02,2026-02-08,2026-06-04,V5,5f6c793a205c1632,5f6c793a205c1632,false,none,0,true,true,false,false,true
qt_pit_2026h1,OCUL,2026-05,2026-05-05,2026-06-04,V5,c24153f484562e07,078ee41dcc7dd630,true,down,"[0.01,0.05)",false,false,false,false,false
qt_pit_2026h1,ODD,2026-02,2026-02-26,2026-06-04,V5,cc0d00cb75fc02c0,cc0d00cb75fc02c0,false,none,0,true,true,false,false,false
qt_pit_2026h1,ODD,2026-06,2026-06-02,2026-06-04,V5,be1f835089eaddf0,be1f835089eaddf0,false,none,0,false,false,false,false,false
qt_pit_2026h1,OEC,2026-02,2026-02-17,2026-06-04,V5,3481716e9e19a170,3481716e9e19a170,false,none,0,false,false,false,false,false
qt_pit_2026h1,OEC,2026-05,2026-05-07,2026-06-04,V5,f502216041b0779a,2d939f4ea7517ed3,true,up,"[0.05,0.25)",false,false,false,false,false
qt_pit_2026h1,OFIX,2026-02,2026-02-25,2026-06-04,V5,a6a5e8b1318429ea,1a4a874bbdce051e,true,up,"(0,0.01)",false,true,true,true,false
qt_pit_2026h1,OFIX,2026-05,2026-05-05,2026-06-04,V5,79bd01b3085cdedd,bfd44f4e0e2a55ca,true,up,"[0.05,0.25)",false,true,true,true,false
qt_pit_2026h1,OGE,2026-02,2026-02-17,2026-06-04,V5,945151ccf6ba146c,70661630dc923ce1,true,up,"[0.01,0.05)",false,true,true,false,false
qt_pit_2026h1,OGE,2026-04,2026-04-29,2026-06-04,V5,864922528237a5a9,864922528237a5a9,false,none,0,false,false,false,false,false
qt_pit_2026h1,OGN,2026-02,2026-02-13,2026-06-04,V5,c728d160bcf52b12,c728d160bcf52b12,false,none,0,false,false,false,false,false
qt_pit_2026h1,OGN,2026-04,2026-05-01,2026-06-04,V5,1f972f9e5d251dc4,1f972f9e5d251dc4,false,none,0,false,false,false,false,false
qt_pit_2026h1,OGS,2026-02,2026-02-19,2026-06-04,V5,a9f7525adcf76fe1,a9f7525adcf76fe1,false,none,0,false,false,false,false,false
qt_pit_2026h1,OGS,2026-05,2026-05-05,2026-06-04,V5,81de8c56ac891c34,81de8c56ac891c34,false,none,0,false,false,false,false,false
qt_pit_2026h1,OI,2026-02,2026-02-11,2026-06-04,V5,81cdba930a3dd5a4,0aa5698b52ec68a4,true,up,>=1.00,false,false,false,true,false
qt_pit_2026h1,OI,2026-04,2026-04-28,2026-06-04,V5,3b09d7b8cb9e72a6,aaabf8600bda4490,true,up,"[0.25,1.00)",false,false,false,false,false
qt_pit_2026h1,OII,2026-02,2026-02-19,2026-06-04,V5,6d8b8944b1f1d10a,6d8b8944b1f1d10a,false,none,0,false,true,true,false,false
qt_pit_2026h1,OII,2026-04,2026-04-23,2026-06-04,V5,2f7d6e464a6cd6b8,2f7d6e464a6cd6b8,false,none,0,false,false,false,false,false
qt_pit_2026h1,OLED,2026-02,2026-02-20,2026-06-04,V5,e056ef3847759ccf,e056ef3847759ccf,false,none,0,false,false,false,false,false
qt_pit_2026h1,OLED,2026-04,2026-04-30,2026-06-04,V5,5fec4857dae2f082,5fec4857dae2f082,false,none,0,false,false,false,false,false
qt_pit_2026h1,OLLI,2026-03,2026-03-12,2026-06-04,V5,145e6d7fb6ba2da2,145e6d7fb6ba2da2,false,none,0,false,false,false,true,false
qt_pit_2026h1,OLLI,2026-06,2026-06-03,2026-06-04,V5,90c2601d4d5d1d46,90c2601d4d5d1d46,false,none,0,false,false,false,false,false
qt_pit_2026h1,OLN,2026-01,2026-02-03,2026-06-04,V5,d07dc9ae754c4a31,d07dc9ae754c4a31,false,none,0,false,false,false,true,true
qt_pit_2026h1,OLN,2026-05,2026-05-08,2026-06-04,V5,49138a05a2a268aa,f49490ced109eb83,true,up,"[0.25,1.00)",false,false,false,true,false
qt_pit_2026h1,OLPX,2026-03,2026-03-06,2026-06-04,V5,219b522782b6d618,219b522782b6d618,false,none,0,false,true,true,true,false
qt_pit_2026h1,OLPX,2026-05,2026-05-14,2026-06-04,V5,6ac390faecffa413,e183202ab6906c6d,true,up,"[0.01,0.05)",false,true,true,true,true
qt_pit_2026h1,OMCL,2026-02,2026-02-06,2026-06-04,V5,6020100441262473,250c23d0d0441a25,true,up,"[0.25,1.00)",false,false,false,false,false
qt_pit_2026h1,OMCL,2026-04,2026-04-28,2026-06-04,V5,b26aa5218d4876b5,e51eff4b337f2edf,true,up,"[0.25,1.00)",false,true,true,true,false
qt_pit_2026h1,OMI,2026-02,2026-02-27,2026-06-04,V5,3f34150eb0785309,6ca7a13e09dba096,true,up,"(0,0.01)",false,,false,,true
qt_pit_2026h1,OPCH,2026-02,2026-02-25,2026-06-04,V5,30602d5c84bc41dd,a8958dba6262f764,true,up,"[0.05,0.25)",false,false,false,false,false
qt_pit_2026h1,OPCH,2026-04,2026-04-30,2026-06-04,V5,4a0ffe0ef1900473,f78ef5d85f58de0b,true,up,"[0.05,0.25)",false,false,false,true,false
qt_pit_2026h1,OPK,2026-04,2026-04-28,2026-06-04,V5,fb9c8fd630433d8b,fb9c8fd630433d8b,false,none,0,false,false,false,false,false
qt_pit_2026h1,OR,2026-02,2026-02-19,2026-06-04,V5,5469ccbf9441c0ce,5469ccbf9441c0ce,false,none,0,false,false,false,false,false
qt_pit_2026h1,OR,2026-05,2026-05-07,2026-06-04,V5,4744d1795610268a,4744d1795610268a,false,none,0,true,true,false,false,false
qt_pit_2026h1,ORA,2026-02,2026-02-26,2026-06-04,V5,5d1d53663359f663,5d1d53663359f663,false,none,0,false,false,false,false,false
qt_pit_2026h1,ORA,2026-05,2026-05-07,2026-06-04,V5,6e71d2c2c862ca2b,6e71d2c2c862ca2b,false,none,0,true,true,false,false,false
qt_pit_2026h1,ORKA,2026-03,2026-03-12,2026-06-04,V5,56cd2982eb28327e,56cd2982eb28327e,false,none,0,true,true,false,false,false
qt_pit_2026h1,ORKA,2026-05,2026-05-14,2026-06-04,V5,9ff1f749a1931974,9ff1f749a1931974,false,none,0,false,false,false,false,false
qt_pit_2026h1,ORLA,2026-05,2026-05-10,2026-06-04,V5,55c76a87b1709f00,da9ef099e917ed02,true,up,"[0.01,0.05)",false,false,false,false,false
qt_pit_2026h1,OS,2026-02,2026-02-27,2026-06-04,V5,ad2fe95863b4eb5d,1c50a7085968cecb,true,up,"[0.05,0.25)",false,true,true,true,false
qt_pit_2026h1,OSIS,2026-01,2026-02-03,2026-06-04,V5,08d9442068c6198d,08d9442068c6198d,false,none,0,false,false,false,false,true
qt_pit_2026h1,OSIS,2026-05,2026-05-05,2026-06-04,V5,bc8791ede9572392,bc8791ede9572392,false,none,0,false,false,false,false,false
qt_pit_2026h1,OSK,2026-01,2026-02-03,2026-06-04,V5,09bf687cb6a5da79,09bf687cb6a5da79,false,none,0,false,false,false,false,true
qt_pit_2026h1,OSK,2026-05,2026-05-10,2026-06-04,V5,68df251ea3c3cc8d,68df251ea3c3cc8d,false,none,0,false,false,false,false,true
qt_pit_2026h1,OSPN,2026-02,2026-02-27,2026-06-04,V5,b80286d62106e39e,dffb5247b04382fb,true,down,"[0.25,1.00)",true,true,false,false,false
qt_pit_2026h1,OSPN,2026-04,2026-04-30,2026-06-04,V5,ac85174e61d98db1,5331ad669156d879,true,up,"[0.05,0.25)",false,false,false,true,false
qt_pit_2026h1,OSW,2026-02,2026-02-17,2026-06-04,V5,11f4b9a9b4ee70bf,109259a45a4d0ee3,true,up,"[0.05,0.25)",false,false,false,false,false
qt_pit_2026h1,OSW,2026-04,2026-04-29,2026-06-04,V5,4f338f466876e346,ec842f8066343f82,true,up,"[0.05,0.25)",false,false,false,true,false
qt_pit_2026h1,OTEX,2026-02,2026-02-06,2026-06-04,V5,ead62ae13bd1b26f,c57d4c89035725b7,true,up,"[0.25,1.00)",false,false,false,true,false
qt_pit_2026h1,OTEX,2026-05,2026-05-08,2026-06-04,V5,47881f460e729ea1,cb3c97595f62fa03,true,up,"[0.25,1.00)",false,false,false,true,false
qt_pit_2026h1,OTTR,2026-02,2026-02-17,2026-06-04,V5,e19edd82f237dbe0,e19edd82f237dbe0,false,none,0,false,false,false,false,false
qt_pit_2026h1,OTTR,2026-05,2026-05-05,2026-06-04,V5,e4c38069919921cd,e4c38069919921cd,false,none,0,true,true,false,false,false
qt_pit_2026h1,OUST,2026-03,2026-03-03,2026-06-04,V5,a83b659b6d81a0a2,a83b659b6d81a0a2,false,none,0,true,true,false,false,false
qt_pit_2026h1,OUST,2026-05,2026-05-05,2026-06-04,V5,07fce45aae152207,a0f6348e094616c1,true,down,"[0.05,0.25)",false,false,false,false,false
qt_pit_2026h1,OUT,2026-02,2026-02-26,2026-06-04,V5,3bcef44283165064,11e47459bed59d3f,true,up,"[0.05,0.25)",false,false,false,true,false
qt_pit_2026h1,OUT,2026-05,2026-05-08,2026-06-04,V5,66b5f26c8329f209,c4e70ca028db8fb1,true,up,"[0.05,0.25)",true,true,false,false,false
qt_pit_2026h1,OXM,2026-03,2026-03-27,2026-06-04,V5,64aef0680491c527,64aef0680491c527,false,none,0,false,false,false,false,false
qt_pit_2026h1,PACS,2026-02,2026-02-26,2026-06-04,V5,f43d5ffe3b07db53,1bf8a6a53d43b666,true,down,"[0.01,0.05)",false,false,false,false,false
qt_pit_2026h1,PACS,2026-05,2026-05-12,2026-06-04,V5,a030112d5c271d55,3aaef166c57d92eb,true,down,"[0.05,0.25)",true,true,false,false,false
qt_pit_2026h1,PAGP,2026-02,2026-02-06,2026-06-04,V5,1c830210bc3c79b5,f4c084496979bba7,true,down,"[0.05,0.25)",false,false,false,false,false
qt_pit_2026h1,PAGP,2026-05,2026-05-10,2026-06-04,V5,8d293d33d2024686,16632730c0f91705,true,up,"[0.05,0.25)",false,false,false,false,true
qt_pit_2026h1,PAGS,2026-03,2026-03-05,2026-06-04,V5,5b7c5aea7e9199f3,5b7c5aea7e9199f3,false,none,0,false,false,false,false,false
qt_pit_2026h1,PAGS,2026-05,2026-05-13,2026-06-04,V5,b16060f94ead2e6e,b16060f94ead2e6e,false,none,0,false,false,false,false,false
qt_pit_2026h1,PAM,2026-03,2026-03-03,2026-06-04,V5,43246d94b206b938,43246d94b206b938,false,none,0,true,true,false,false,false
qt_pit_2026h1,PAR,2026-02,2026-02-26,2026-06-04,V5,49eb14a6e8cbfbfc,0fdb38d7c34f9b58,true,up,"[0.25,1.00)",false,false,false,false,false
qt_pit_2026h1,PAR,2026-05,2026-05-08,2026-06-04,V5,0b89b45ffe666379,0b89b45ffe666379,false,none,0,true,true,false,false,false
qt_pit_2026h1,PARR,2026-02,2026-02-25,2026-06-04,V5,96166f070d6ffd44,96166f070d6ffd44,false,none,0,false,false,false,false,false
qt_pit_2026h1,PARR,2026-05,2026-05-06,2026-06-04,V5,bd7580b90f3d20c6,bd7580b90f3d20c6,false,none,0,false,false,false,false,false
qt_pit_2026h1,PATH,2026-03,2026-03-12,2026-06-04,V5,78dad61ef562fded,9300e5b2aee50747,true,up,"[0.05,0.25)",false,true,true,true,false
qt_pit_2026h1,PATH,2026-05,2026-05-28,2026-06-04,V5,a508d80be1446f58,a508d80be1446f58,false,none,0,false,false,false,false,false
qt_pit_2026h1,PATK,2026-02,2026-02-05,2026-06-04,V5,c0a976e3f716fb3b,c0a976e3f716fb3b,false,none,0,true,true,false,false,false
qt_pit_2026h1,PATK,2026-04,2026-04-30,2026-06-04,V5,8f4056f0c9784b4c,a9e2a5e2eba9cd64,true,down,"[0.05,0.25)",true,false,true,false,false
qt_pit_2026h1,PAX,2026-02,2026-02-05,2026-06-04,V5,abaeadbb7c81e75a,abaeadbb7c81e75a,false,none,0,false,false,false,false,true
qt_pit_2026h1,PAX,2026-05,2026-05-07,2026-06-04,V5,4503a334843913cf,89e46f3e7d8e616e,true,down,"[0.01,0.05)",false,false,false,false,false
qt_pit_2026h1,PAY,2026-02,2026-02-23,2026-06-04,V5,a5df1819497b4ac1,823915239b3cda8f,true,up,"[0.01,0.05)",false,true,true,true,false
qt_pit_2026h1,PAY,2026-05,2026-05-05,2026-06-04,V5,893a81d965fe89ca,893a81d965fe89ca,false,none,0,true,true,false,false,false
qt_pit_2026h1,PAYO,2026-02,2026-02-26,2026-06-04,V5,01cc7b1719ca5b04,01cc7b1719ca5b04,false,none,0,false,false,false,false,false
qt_pit_2026h1,PAYO,2026-05,2026-05-07,2026-06-04,V5,78e9f1d698a0ea32,78e9f1d698a0ea32,false,none,0,true,true,false,false,false
qt_pit_2026h1,PBF,2026-02,2026-02-13,2026-06-04,V5,d841bbfffc92952c,d841bbfffc92952c,false,none,0,true,true,false,false,false
qt_pit_2026h1,PBF,2026-04,2026-04-30,2026-06-04,V5,0af71b21c00f020f,75fc44f389536ff6,true,down,>=1.00,true,false,true,true,false
qt_pit_2026h1,PBH,2026-02,2026-02-06,2026-06-04,V5,8b0049329951b2ce,3080a2c4d0734152,true,up,"[0.05,0.25)",false,false,false,false,false
qt_pit_2026h1,PBH,2026-05,2026-05-13,2026-06-04,V5,c1508da61f4a6e33,ce8a5d7dd266befa,true,up,"[0.05,0.25)",false,false,false,false,false
qt_pit_2026h1,PBI,2026-02,2026-02-17,2026-06-04,V5,12f00626c03c79a6,12f00626c03c79a6,false,none,0,true,true,false,false,false
qt_pit_2026h1,PBI,2026-05,2026-05-06,2026-06-04,V5,f89c3dfafceaacbc,f89c3dfafceaacbc,false,none,0,false,false,false,false,false
qt_pit_2026h1,PCRX,2026-02,2026-02-27,2026-06-04,V5,8b769877a0b86bb7,1410ab9cf119255e,true,up,"[0.05,0.25)",false,false,false,false,false
qt_pit_2026h1,PCRX,2026-04,2026-04-30,2026-06-04,V5,ec40e1634157030d,3b04cd6e1c37cfb7,true,up,"[0.25,1.00)",false,false,false,false,false
qt_pit_2026h1,PCT,2026-02,2026-02-27,2026-06-04,V5,3bf8e096dedfbf9e,3bf8e096dedfbf9e,false,none,0,false,false,false,false,false
qt_pit_2026h1,PCT,2026-05,2026-05-06,2026-06-04,V5,164531c37dd711dd,164531c37dd711dd,false,none,0,true,true,false,false,false
qt_pit_2026h1,PD,2026-03,2026-03-12,2026-06-04,V5,10d13d61917e07eb,0c40f939cc7c1398,true,up,"[0.05,0.25)",false,true,true,true,false
qt_pit_2026h1,PD,2026-05,2026-05-28,2026-06-04,V5,4fa802e048175c57,4fa802e048175c57,false,none,0,true,true,false,false,false
qt_pit_2026h1,PDFS,2026-02,2026-02-13,2026-06-04,V5,b10046331cab1230,b10046331cab1230,false,none,0,true,true,false,false,false
qt_pit_2026h1,PDFS,2026-05,2026-05-08,2026-06-04,V5,4d7a83f36f84b02e,4d7a83f36f84b02e,false,none,0,true,true,false,false,false
qt_pit_2026h1,PDS,2026-02,2026-02-12,2026-06-04,V5,9e29a2b9f573d8fb,9785f3783b06fbd0,true,down,"[0.25,1.00)",true,true,false,false,false
qt_pit_2026h1,PDS,2026-04,2026-04-30,2026-06-04,V5,77e1620673fe35b7,7ddb1837f7ef7930,true,down,"[0.25,1.00)",false,false,false,false,false
qt_pit_2026h1,PECO,2026-02,2026-02-05,2026-06-04,V5,99950230fc4f5e5a,99950230fc4f5e5a,false,none,0,false,true,true,true,false
qt_pit_2026h1,PECO,2026-04,2026-04-23,2026-06-04,V5,f7aa6b8421664dc0,f7aa6b8421664dc0,false,none,0,true,true,false,false,false
qt_pit_2026h1,PEGA,2026-02,2026-02-11,2026-06-04,V5,a33de27974b84b85,a33de27974b84b85,false,none,0,false,false,false,false,false
qt_pit_2026h1,PEGA,2026-04,2026-04-22,2026-06-04,V5,2bd8b253e0697cbb,2bd8b253e0697cbb,false,none,0,false,false,false,false,false
qt_pit_2026h1,PENG,2026-04,2026-04-01,2026-06-04,V5,e44126a9fdacc1af,e44126a9fdacc1af,false,none,0,true,true,false,false,false
qt_pit_2026h1,PENN,2026-04,2026-04-23,2026-06-04,V5,79e42b5ffcb0b7e4,411941caebd8bfec,true,up,"[0.05,0.25)",false,true,true,true,false
qt_pit_2026h1,PGNY,2026-02,2026-02-27,2026-06-04,V5,6c17cc1b9b96a843,d858bfea3e74314e,true,up,"[0.01,0.05)",false,false,false,true,false
qt_pit_2026h1,PGNY,2026-05,2026-05-08,2026-06-04,V5,db73dfa7dea680c6,81db4f3dcbeb2b1b,true,down,"[0.01,0.05)",true,true,false,false,false
qt_pit_2026h1,PHIN,2026-02,2026-02-13,2026-06-04,V5,17668831d1882875,17668831d1882875,false,none,0,false,false,false,false,false
qt_pit_2026h1,PHIN,2026-04,2026-04-30,2026-06-04,V5,754ecfed2ec25f27,4560b0255424c207,true,up,"[0.25,1.00)",false,true,true,true,false
qt_pit_2026h1,PHR,2026-05,2026-05-27,2026-06-04,V5,a2b317e28198de1d,a2b317e28198de1d,false,none,0,true,true,false,false,false
qt_pit_2026h1,PHVS,2026-05,2026-05-13,2026-06-04,V5,5d947aeb7150806c,3dc4babcbf95f015,true,down,"[0.01,0.05)",true,true,false,false,false
qt_pit_2026h1,PI,2026-02,2026-02-06,2026-06-04,V5,f3bd5026683abfc6,e3f3da7b07662b13,true,up,"[0.25,1.00)",false,false,false,false,false
qt_pit_2026h1,PI,2026-04,2026-04-29,2026-06-04,V5,b7ce530a35482d86,e9c7ca0098a46b84,true,up,"[0.25,1.00)",false,true,true,true,false
qt_pit_2026h1,PII,2026-04,2026-04-28,2026-06-04,V5,60e3e258e13ade3f,24f935b58adb85c0,true,up,"[0.25,1.00)",true,true,false,false,false
qt_pit_2026h1,PK,2026-02,2026-02-21,2026-06-04,V5,0cfefa6d6421d0ea,2d535962099db101,true,up,>=1.00,false,false,false,false,true
qt_pit_2026h1,PK,2026-04,2026-04-30,2026-06-04,V5,4db8f628e9a48653,9af48e3eace598d7,true,up,"[0.25,1.00)",false,true,true,true,false
qt_pit_2026h1,PLAB,2026-02,2026-02-25,2026-06-04,V5,3639fc553c722bab,969500efbce16c7f,true,down,"[0.05,0.25)",true,true,false,false,false
qt_pit_2026h1,PLAB,2026-05,2026-05-28,2026-06-04,V5,f12908cd18e72990,34f9644e5d3f09e8,true,down,"[0.05,0.25)",false,false,false,true,false
qt_pit_2026h1,PLAY,2026-03,2026-03-31,2026-06-04,V5,5ba65c49cd362aa4,4c6b08c46e1bb528,true,up,"[0.25,1.00)",false,false,false,false,false
qt_pit_2026h1,PLMR,2026-02,2026-02-12,2026-06-04,V5,b94549062ce8fb04,b94549062ce8fb04,false,none,0,false,false,false,false,false
qt_pit_2026h1,PLMR,2026-05,2026-05-06,2026-06-04,V5,e8ac1d57b714cc39,9a5d185d7e03195d,true,up,"[0.25,1.00)",false,false,false,true,false
qt_pit_2026h1,PLNT,2026-05,2026-05-07,2026-06-04,V5,061c0b8687e579bc,061c0b8687e579bc,false,none,0,true,true,false,false,false
qt_pit_2026h1,PLPC,2026-04,2026-04-29,2026-06-04,V3,4fdfc606c4164932,b14efae48abdd1c5,true,down,"[0.01,0.05)",true,true,false,false,false
qt_pit_2026h1,PLRX,2026-05,2026-05-12,2026-06-04,V5,9e6a4b44686b3785,9e6a4b44686b3785,false,none,0,true,true,false,false,false
qt_pit_2026h1,PLSE,2026-02,2026-02-20,2026-06-04,V5,26e4496c754b579c,26e4496c754b579c,false,none,0,true,false,true,false,false
qt_pit_2026h1,PLSE,2026-05,2026-05-05,2026-06-04,V5,26e4496c754b579c,651dcb48988032c3,true,down,"[0.01,0.05)",true,true,false,false,false
qt_pit_2026h1,PLTK,2026-02,2026-02-26,2026-06-04,V5,a93fb07a9fdd138e,56c36315cb69167f,true,up,>=1.00,false,true,true,true,false
qt_pit_2026h1,PLTK,2026-05,2026-05-07,2026-06-04,V5,fa17d6bb5355ae3e,28cebf554b5a5af4,true,up,"[0.05,0.25)",false,false,false,false,false
qt_pit_2026h1,PLUG,2026-03,2026-03-03,2026-06-04,V5,f2d40a3cda0a9d6a,f2d40a3cda0a9d6a,false,none,0,true,true,false,false,false
qt_pit_2026h1,PLUG,2026-05,2026-05-10,2026-06-04,V5,dcaf97278b0d41ef,cf8ecbde1919f9a0,true,up,"[0.05,0.25)",false,true,true,true,false
qt_pit_2026h1,PLXS,2026-04,2026-04-29,2026-06-04,V5,aca15c6bf7e115ab,1b6c82ca67c10be2,true,up,"[0.05,0.25)",false,false,false,true,false
qt_pit_2026h1,PNTG,2026-02,2026-02-26,2026-06-04,V5,506006e2bc646677,d735c5f8df3d3dcd,true,up,"[0.05,0.25)",false,false,false,true,false
qt_pit_2026h1,PNTG,2026-05,2026-05-07,2026-06-04,V5,e9826d8ab40c4c6a,e9826d8ab40c4c6a,false,none,0,false,false,false,false,false
qt_pit_2026h1,POR,2026-02,2026-02-19,2026-06-04,V5,f81f4b9cc16d8d03,f81f4b9cc16d8d03,false,none,0,false,false,false,false,true
qt_pit_2026h1,POR,2026-05,2026-05-01,2026-06-04,V5,70e2adcc1324b2c5,70e2adcc1324b2c5,false,none,0,false,false,false,false,false
qt_pit_2026h1,POST,2026-02,2026-02-06,2026-06-04,V5,939920849a85b009,939920849a85b009,false,none,0,true,true,false,false,false
qt_pit_2026h1,POST,2026-05,2026-05-08,2026-06-04,V5,445000fecc30235f,026e3d1e5a416ec0,true,up,"[0.05,0.25)",false,true,true,true,false
qt_pit_2026h1,POWI,2026-02,2026-02-06,2026-06-04,V5,143d0c6476ec6d83,bca3fb5f6a5ef970,true,down,"[0.01,0.05)",true,true,false,false,false
qt_pit_2026h1,POWI,2026-05,2026-05-08,2026-06-04,V5,e916471456baefea,723ad751a87e89b7,true,up,"[0.05,0.25)",false,false,false,true,false
qt_pit_2026h1,POWL,2026-02,2026-02-04,2026-06-04,V5,481d93680c8275cf,bb105d118ded875f,true,down,>=1.00,true,true,false,false,false
qt_pit_2026h1,POWL,2026-05,2026-05-05,2026-06-04,V5,8afeef24de4a6f45,8afeef24de4a6f45,false,none,0,false,false,false,false,false
qt_pit_2026h1,PPTA,2026-05,2026-05-10,2026-06-04,V5,af8556c9e9db1652,af8556c9e9db1652,false,none,0,false,true,true,true,false
qt_pit_2026h1,PRAX,2026-02,2026-02-19,2026-06-04,V5,d1f2ea346f4cfbe3,d1f2ea346f4cfbe3,false,none,0,false,false,false,false,false
qt_pit_2026h1,PRAX,2026-05,2026-05-07,2026-06-04,V5,7cb32be386347f45,7cb32be386347f45,false,none,0,true,true,false,false,false
qt_pit_2026h1,PRCT,2026-02,2026-02-26,2026-06-04,V5,e2a0cace33ebc55a,e2a0cace33ebc55a,false,none,0,false,false,false,false,false
qt_pit_2026h1,PRCT,2026-04,2026-04-30,2026-06-04,V5,5156dc9b4d07cc06,5156dc9b4d07cc06,false,none,0,false,false,false,false,false
qt_pit_2026h1,PRDO,2026-02,2026-02-20,2026-06-04,V5,e1e7b46c992affaa,ddc20901d94299a1,true,up,"[0.05,0.25)",false,false,false,true,false
qt_pit_2026h1,PRDO,2026-05,2026-05-08,2026-06-04,V3,85137a0cfce7247d,13460318e5fac999,true,up,"[0.01,0.05)",true,true,false,false,false
qt_pit_2026h1,PRG,2026-02,2026-02-17,2026-06-04,V5,eca0eb740c6dd4de,687f429803ed37ba,true,down,"[0.25,1.00)",true,true,false,false,false
qt_pit_2026h1,PRG,2026-04,2026-04-29,2026-06-04,V5,b3470feb385b221f,f4d598ee54e353dc,true,up,"[0.25,1.00)",true,true,false,false,false
qt_pit_2026h1,PRGO,2026-02,2026-02-26,2026-06-04,V5,75081c943ea3ce93,75081c943ea3ce93,false,none,0,false,false,false,false,false
qt_pit_2026h1,PRGO,2026-05,2026-05-06,2026-06-04,V5,b67505bed810aa9e,b67505bed810aa9e,false,none,0,true,true,false,false,false
qt_pit_2026h1,PRGS,2026-03,2026-03-30,2026-06-04,V5,837a1e5a1e12ba04,19e7844fadade794,true,up,>=1.00,false,false,false,true,false
qt_pit_2026h1,PRIM,2026-02,2026-02-23,2026-06-04,V5,c131666004b14bba,9c2301f5d7a426a9,true,up,"[0.05,0.25)",false,true,true,true,false
qt_pit_2026h1,PRIM,2026-05,2026-05-06,2026-06-04,V5,6c24dfd0d8f7c9d8,6c24dfd0d8f7c9d8,false,none,0,false,false,false,false,false
qt_pit_2026h1,PRKS,2026-02,2026-02-26,2026-06-04,V5,df3ba4ab2ecc1427,df3ba4ab2ecc1427,false,none,0,false,false,false,false,false
qt_pit_2026h1,PRKS,2026-05,2026-05-10,2026-06-04,V5,1ee0006371f54952,1ee0006371f54952,false,none,0,false,false,false,false,false
qt_pit_2026h1,PRLB,2026-02,2026-02-06,2026-06-04,V5,3298c7195060f32d,b703fb8d3be9e99c,true,up,"[0.05,0.25)",false,true,true,true,false
qt_pit_2026h1,PRLB,2026-05,2026-05-01,2026-06-04,V5,e8d817a7a3ab0aa5,e8d817a7a3ab0aa5,false,none,0,true,true,false,false,false
qt_pit_2026h1,PRM,2026-02,2026-02-26,2026-06-04,V5,3be650c8772dd95c,455373468ca2ea6d,true,up,>=1.00,false,true,true,true,false
qt_pit_2026h1,PRM,2026-05,2026-05-06,2026-06-04,V5,610171d1664fb7bd,610171d1664fb7bd,false,none,0,true,true,false,false,false
qt_pit_2026h1,PRMB,2026-02,2026-02-26,2026-06-04,V5,9866c2dcfdab1db7,9866c2dcfdab1db7,false,none,0,true,true,false,false,false
qt_pit_2026h1,PRMB,2026-05,2026-05-07,2026-06-04,V5,955d17d15d050475,955d17d15d050475,false,none,0,false,false,false,false,false
qt_pit_2026h1,PRTA,2026-02,2026-02-23,2026-06-04,V5,032d9199bd0cddd6,032d9199bd0cddd6,false,none,0,false,false,false,false,true
qt_pit_2026h1,PRTA,2026-05,2026-05-08,2026-06-04,V5,2af0a6b45ad383d5,5ea8ea2c5e2dc144,true,down,"[0.05,0.25)",true,true,false,false,false
qt_pit_2026h1,PRTH,2026-03,2026-03-10,2026-06-04,V5,96d9c2a983431241,3f49fa3e363647a5,true,up,"[0.05,0.25)",false,false,false,false,false
qt_pit_2026h1,PRTH,2026-05,2026-05-10,2026-06-04,V5,254a3648f89204f4,254a3648f89204f4,false,none,0,true,true,false,false,false
qt_pit_2026h1,PRVA,2026-02,2026-02-26,2026-06-04,V5,e2b5a1d01ed302a1,e2b5a1d01ed302a1,false,none,0,true,true,false,false,false
qt_pit_2026h1,PRVA,2026-05,2026-05-07,2026-06-04,V5,e1fa5ef00c6fc66f,e1fa5ef00c6fc66f,false,none,0,false,false,false,false,false
qt_pit_2026h1,PSFE,2026-03,2026-03-03,2026-06-04,V5,10c73c94c27664cc,10c73c94c27664cc,false,none,0,true,true,false,false,false
qt_pit_2026h1,PSFE,2026-05,2026-05-13,2026-06-04,V5,0b67e8dbc86aecd4,0b67e8dbc86aecd4,false,none,0,false,false,false,false,false
qt_pit_2026h1,PSIX,2026-03,2026-03-04,2026-06-04,V5,f3e00654df5f84af,f3e00654df5f84af,false,none,0,false,true,true,false,true
qt_pit_2026h1,PSIX,2026-05,2026-05-12,2026-06-04,V5,3b87f3061cad73b3,3b87f3061cad73b3,false,none,0,false,false,false,false,false
qt_pit_2026h1,PSMT,2026-04,2026-04-08,2026-06-04,V5,d8a387fb93dc1ca9,d8a387fb93dc1ca9,false,none,0,false,false,false,false,false
qt_pit_2026h1,PSN,2026-04,2026-04-29,2026-06-04,V5,48178fc653b1fd85,48178fc653b1fd85,false,none,0,true,true,false,false,false
qt_pit_2026h1,PSO,2026-02,2026-02-27,2026-06-04,V5,6efbd4535a7a6d34,4f978c2fd8e2447a,true,up,"(0,0.01)",false,false,false,true,false
qt_pit_2026h1,PTCT,2026-02,2026-02-20,2026-06-04,V5,8786b2964a98ca11,8786b2964a98ca11,false,none,0,false,false,false,false,false
qt_pit_2026h1,PTCT,2026-05,2026-05-08,2026-06-04,V5,35daf01838199cdb,35daf01838199cdb,false,none,0,true,true,false,false,false
qt_pit_2026h1,PTEN,2026-02,2026-02-05,2026-06-04,V5,4b6d436a9fd8a00f,e37bfa2506039922,true,up,"[0.01,0.05)",true,true,false,false,false
qt_pit_2026h1,PTEN,2026-04,2026-04-23,2026-06-04,V5,46991ff4990db29e,46991ff4990db29e,false,none,0,true,true,false,false,false
qt_pit_2026h1,PTGX,2026-02,2026-02-26,2026-06-04,V5,643d352832825450,643d352832825450,false,none,0,false,false,false,false,false
qt_pit_2026h1,PTGX,2026-05,2026-05-06,2026-06-04,V5,adaa5890c816fb35,adaa5890c816fb35,false,none,0,true,true,false,false,false
qt_pit_2026h1,PTON,2026-02,2026-02-05,2026-06-04,V5,8c3fa6fbd7ccd113,8c3fa6fbd7ccd113,false,none,0,false,false,false,false,false
qt_pit_2026h1,PTON,2026-05,2026-05-07,2026-06-04,V5,1d6932d2db623a8c,4b13113df90a33d5,true,down,"[0.01,0.05)",false,false,false,false,false
qt_pit_2026h1,PUMP,2026-02,2026-02-17,2026-06-04,V5,643df662be1525b0,ff617c5f4416297e,true,down,"[0.01,0.05)",true,true,false,false,false
qt_pit_2026h1,PUMP,2026-04,2026-05-01,2026-06-04,V5,c72d9c4423de3c87,7938cdb36fd0374f,true,down,"[0.01,0.05)",true,true,false,false,false
qt_pit_2026h1,PVH,2026-03,2026-03-31,2026-06-04,V5,c7ce29f446d22035,b2c958c3f10fe9b0,true,up,>=1.00,false,true,true,true,false
qt_pit_2026h1,PVH,2026-06,2026-06-03,2026-06-04,V5,1b34df4aec4a28be,1b34df4aec4a28be,false,none,0,true,true,false,false,false
qt_pit_2026h1,PWP,2026-02,2026-02-06,2026-06-04,V5,78258eb3390fd1ad,4aaf5e457dc8c570,true,up,"[0.05,0.25)",false,true,true,true,false
qt_pit_2026h1,PWP,2026-05,2026-05-01,2026-06-04,V5,3dea9e401298190e,3dea9e401298190e,false,none,0,false,false,false,false,false
qt_pit_2026h1,PZZA,2026-02,2026-02-26,2026-06-04,V5,19499f6baa99e831,19499f6baa99e831,false,none,0,false,false,false,false,false
qt_pit_2026h1,PZZA,2026-05,2026-05-07,2026-06-04,V5,8f44916649e31bac,63ee1876f75ebb35,true,up,"[0.05,0.25)",false,false,false,false,false
qt_pit_2026h1,QDEL,2026-02,2026-02-12,2026-06-04,V5,196860ddcc126da8,196860ddcc126da8,false,none,0,false,false,false,false,false
qt_pit_2026h1,QDEL,2026-05,2026-05-06,2026-06-04,V5,a6377972c0d8a36d,a6377972c0d8a36d,false,none,0,false,false,false,false,false
qt_pit_2026h1,QFIN,2026-03,2026-03-17,2026-06-04,V5,876ab301665c3f1e,876ab301665c3f1e,false,none,0,false,false,false,false,false
qt_pit_2026h1,QFIN,2026-05,2026-05-26,2026-06-04,V5,72e37520259bc7e6,72e37520259bc7e6,false,none,0,false,false,false,false,false
qt_pit_2026h1,QGEN,2026-05,2026-05-07,2026-06-04,V5,05a73289c2e8de7f,05a73289c2e8de7f,false,none,0,false,false,false,false,false
qt_pit_2026h1,QLYS,2026-02,2026-02-05,2026-06-04,V5,b5954ad40ac50c23,b5954ad40ac50c23,false,none,0,false,false,false,false,false
qt_pit_2026h1,QLYS,2026-05,2026-05-05,2026-06-04,V5,46c718847946590a,46c718847946590a,false,none,0,false,false,false,false,false
qt_pit_2026h1,QNST,2026-02,2026-02-06,2026-06-04,V5,b069c6e69f30f6d5,b069c6e69f30f6d5,false,none,0,true,true,false,false,false
qt_pit_2026h1,QNST,2026-05,2026-05-08,2026-06-04,V5,ee38ea4e83a28cd2,ee38ea4e83a28cd2,false,none,0,false,false,false,false,false
qt_pit_2026h1,QRVO,2026-05,2026-05-05,2026-06-04,V5,25cbfe3a0cec1076,25cbfe3a0cec1076,false,none,0,true,true,false,false,false
qt_pit_2026h1,QS,2026-02,2026-02-11,2026-06-04,V5,414aabda395fa3f5,414aabda395fa3f5,false,none,0,false,false,false,false,false
qt_pit_2026h1,QS,2026-04,2026-04-23,2026-06-04,V5,8053a934f7ea0500,8053a934f7ea0500,false,none,0,true,true,false,false,false
qt_pit_2026h1,QTWO,2026-02,2026-02-12,2026-06-04,V5,bb7e5365b77cb27a,a66e5d6f1e16c123,true,down,"[0.01,0.05)",false,false,false,false,false
qt_pit_2026h1,QTWO,2026-04,2026-04-29,2026-06-04,V5,41cba2be6cb426fc,bb7e5365b77cb27a,true,up,"[0.05,0.25)",false,false,false,false,false
qt_pit_2026h1,QUBT,2026-03,2026-03-03,2026-06-04,V5,f98c13610e90e9aa,7e751e62efa97597,true,down,"[0.01,0.05)",true,false,true,true,false
qt_pit_2026h1,QUBT,2026-05,2026-05-10,2026-06-04,V5,803c99b972d1b67f,803c99b972d1b67f,false,none,0,true,true,false,false,false
qt_pit_2026h1,QURE,2026-03,2026-03-03,2026-06-04,V5,190c42440e4cdc1f,c02ef67bef3276ff,true,up,"[0.05,0.25)",true,true,false,false,false
qt_pit_2026h1,QURE,2026-05,2026-05-05,2026-06-04,V5,2031c53bf4333a1c,2031c53bf4333a1c,false,none,0,false,false,false,false,false
qt_pit_2026h1,R,2026-02,2026-02-11,2026-06-04,V5,a938d95222e10f7f,5922ce144e0aa977,true,up,"[0.25,1.00)",false,false,false,false,false
qt_pit_2026h1,R,2026-04,2026-04-23,2026-06-04,V5,5ae99b36c3d8cd4f,fe0fc0a158f54e1d,true,up,"[0.05,0.25)",false,true,true,false,false
qt_pit_2026h1,RAMP,2026-02,2026-02-06,2026-06-04,V5,915beeba2f2a0e4b,915beeba2f2a0e4b,false,none,0,true,true,false,false,false
qt_pit_2026h1,RAMP,2026-05,2026-05-18,2026-06-04,V5,f46ccb2167239e6b,f46ccb2167239e6b,false,none,0,false,false,false,false,false
qt_pit_2026h1,RAPP,2026-05,2026-05-07,2026-06-04,V5,b7884975c4ee0be6,b7884975c4ee0be6,false,none,0,true,true,false,false,false
qt_pit_2026h1,RARE,2026-02,2026-02-13,2026-06-04,V5,4431547d9411f884,4431547d9411f884,false,none,0,false,false,false,false,false
qt_pit_2026h1,RARE,2026-05,2026-05-06,2026-06-04,V5,c05e98b591ee05f1,c05e98b591ee05f1,false,none,0,false,false,false,false,false
qt_pit_2026h1,RBBN,2026-02,2026-02-06,2026-06-04,V5,69d204ff7613d4cf,69d204ff7613d4cf,false,none,0,true,true,false,false,false
qt_pit_2026h1,RBBN,2026-04,2026-04-28,2026-06-04,V5,2f537fecb9c33989,19cefebd7faf5b3a,true,up,"[0.05,0.25)",false,true,true,true,false
qt_pit_2026h1,RCKT,2026-02,2026-02-27,2026-06-04,V5,91e5e0d7974928a1,91e5e0d7974928a1,false,none,0,false,false,false,false,false
qt_pit_2026h1,RCKT,2026-05,2026-05-10,2026-06-04,V5,bec7d5c68381037f,bec7d5c68381037f,false,none,0,false,false,false,false,true
qt_pit_2026h1,RCUS,2026-02,2026-02-26,2026-06-04,V5,46a0f83276011f40,46a0f83276011f40,false,none,0,true,true,false,false,false
qt_pit_2026h1,RCUS,2026-05,2026-05-06,2026-06-04,V5,790d6ccd1af86400,790d6ccd1af86400,false,none,0,false,false,false,false,false
qt_pit_2026h1,RDNT,2026-03,2026-03-02,2026-06-04,V5,f5d95ee02a96eddb,74f357c9cef92af8,true,down,"[0.25,1.00)",true,true,false,false,false
qt_pit_2026h1,RDNT,2026-05,2026-05-10,2026-06-04,V5,61e7ed891a44cd7e,61e7ed891a44cd7e,false,none,0,false,false,false,false,false
qt_pit_2026h1,RDW,2026-02,2026-02-26,2026-06-04,V5,76319a0f842da6d2,8e79128dc646e059,true,up,"[0.05,0.25)",false,false,false,false,false
qt_pit_2026h1,RDW,2026-05,2026-05-07,2026-06-04,V5,ccf2ae53fd2bb76c,ab53c83c6ea6a511,true,up,"[0.05,0.25)",false,false,false,false,false
qt_pit_2026h1,RDWR,2026-02,2026-02-11,2026-06-04,V5,b64d6904edeb581b,b64d6904edeb581b,false,none,0,false,false,false,false,false
qt_pit_2026h1,RDWR,2026-05,2026-05-07,2026-06-04,V5,67506dea05af1a12,5449a9cb674a571b,true,up,"[0.05,0.25)",false,false,false,true,false
qt_pit_2026h1,REAL,2026-02,2026-02-27,2026-06-04,V5,dcd0891efd0ffb44,4f3f407d51080795,true,up,"[0.05,0.25)",false,true,true,true,false
qt_pit_2026h1,REAX,2026-03,2026-03-04,2026-06-04,V5,9dc22119351ff83e,9dc22119351ff83e,false,none,0,true,true,false,false,false
qt_pit_2026h1,REAX,2026-05,2026-05-07,2026-06-04,V5,9dc22119351ff83e,9dc22119351ff83e,false,none,0,true,true,false,false,false
qt_pit_2026h1,RELY,2026-02,2026-02-19,2026-06-04,V5,8b414b6286315dfb,8b414b6286315dfb,false,none,0,true,true,false,false,false
qt_pit_2026h1,RELY,2026-05,2026-05-06,2026-06-04,V5,de4223a60d556f52,de4223a60d556f52,false,none,0,true,true,false,false,false
qt_pit_2026h1,REPL,2026-02,2026-02-05,2026-06-04,V5,ef14581db969813d,ef14581db969813d,false,none,0,false,false,false,true,true
qt_pit_2026h1,REPX,2026-03,2026-03-04,2026-06-04,V5,66816509f0222d3e,e7803fc1ed029a4a,true,down,>=1.00,true,true,false,false,false
qt_pit_2026h1,REPX,2026-05,2026-05-06,2026-06-04,V5,eff0d66656e9e58d,9b444849b40ef90f,true,up,>=1.00,false,false,false,false,false
qt_pit_2026h1,RES,2026-02,2026-02-03,2026-06-04,V5,732eb44a560c1d7f,732eb44a560c1d7f,false,none,0,false,false,false,false,false
qt_pit_2026h1,REX,2026-03,2026-03-26,2026-06-04,V3,58deb9a3080c00f4,58deb9a3080c00f4,false,none,0,true,true,false,false,false
qt_pit_2026h1,REX,2026-05,2026-05-28,2026-06-04,V3,dbeb693c490be17a,dbeb693c490be17a,false,none,0,true,true,false,false,false
qt_pit_2026h1,REYN,2026-02,2026-02-04,2026-06-04,V5,91d5f1ec4dedf64a,91d5f1ec4dedf64a,false,none,0,false,false,false,false,false
qt_pit_2026h1,REYN,2026-05,2026-05-06,2026-06-04,V5,39d25336986797b4,39d25336986797b4,false,none,0,true,true,false,false,false
qt_pit_2026h1,REZI,2026-02,2026-02-25,2026-06-04,V5,e7561e401230c2fd,852c2b8bb99f249c,true,down,"[0.25,1.00)",true,false,true,false,false
qt_pit_2026h1,REZI,2026-05,2026-05-12,2026-06-04,V5,3fa253910f7510fd,3fa253910f7510fd,false,none,0,false,false,false,false,false
qt_pit_2026h1,RGEN,2026-02,2026-02-24,2026-06-04,V5,ae465a294c82b97b,335bfe3e333639a1,true,up,"[0.25,1.00)",false,true,true,true,false
qt_pit_2026h1,RGEN,2026-05,2026-05-05,2026-06-04,V5,36d8df0d38088b1d,36d8df0d38088b1d,false,none,0,true,true,false,false,false
qt_pit_2026h1,RH,2026-03,2026-03-31,2026-06-04,V5,0c1d7622e5beb297,0c1d7622e5beb297,false,none,0,false,false,false,false,false
qt_pit_2026h1,RHI,2026-01,2026-02-03,2026-06-04,V5,884c241cc2782f1d,884c241cc2782f1d,false,none,0,false,false,false,false,true
qt_pit_2026h1,RHI,2026-04,2026-04-24,2026-06-04,V5,6892435e9ec3579f,6892435e9ec3579f,false,none,0,false,false,false,false,false
qt_pit_2026h1,RIG,2026-02,2026-02-20,2026-06-04,V5,966c47ea85892076,966c47ea85892076,false,none,0,false,false,false,false,false
qt_pit_2026h1,RIG,2026-05,2026-05-05,2026-06-04,V5,32cce279ef72634e,32cce279ef72634e,false,none,0,false,false,false,false,false
qt_pit_2026h1,RIOT,2026-04,2026-05-01,2026-06-04,V5,98a31d73986d88d3,98a31d73986d88d3,false,none,0,false,false,false,false,false
qt_pit_2026h1,RLAY,2026-02,2026-02-27,2026-06-04,V5,8ac9ed0be245d63a,8ac9ed0be245d63a,false,none,0,true,true,false,false,false
qt_pit_2026h1,RLAY,2026-05,2026-05-06,2026-06-04,V5,cc11482c20a5bc40,cc11482c20a5bc40,false,none,0,false,false,false,false,false
qt_pit_2026h1,RMBS,2026-02,2026-02-04,2026-06-04,V5,60ec52071d799f78,60ec52071d799f78,false,none,0,false,false,false,false,true
qt_pit_2026h1,RNA,2026-05,2026-05-15,2026-06-04,V3,5f7b8c1a4d99d421,5f7b8c1a4d99d421,false,none,0,true,true,false,false,false
qt_pit_2026h1,RNG,2026-02,2026-02-20,2026-06-04,V5,d2bcb4fd7ec946ba,52ab0d48fd19c6b7,true,up,"[0.25,1.00)",false,false,false,true,false
qt_pit_2026h1,RNG,2026-05,2026-05-08,2026-06-04,V5,54d1fe6ab9f3df7e,cae0b9a9e10e1b45,true,up,"[0.25,1.00)",false,false,false,true,false
qt_pit_2026h1,RNW,2026-02,2026-02-17,2026-06-04,V5,92d2723877ac52bf,6da84ffb6932a66c,true,down,"(0,0.01)",true,true,false,false,false
qt_pit_2026h1,RNW,2026-05,2026-05-18,2026-06-04,V5,4571eb6817a9db90,c03ce927acd7c3cb,true,up,"[0.05,0.25)",false,true,true,true,false
qt_pit_2026h1,ROAD,2026-02,2026-02-05,2026-06-04,V5,bfefd5666eda380c,4b5768259d0b427d,true,up,"[0.05,0.25)",false,true,true,true,false
qt_pit_2026h1,ROAD,2026-05,2026-05-10,2026-06-04,V5,c4a57c8c1fdf8c05,c4a57c8c1fdf8c05,false,none,0,true,true,false,false,true
qt_pit_2026h1,ROCK,2026-02,2026-02-26,2026-06-04,V5,d81dbc291a2edcc3,d95cabdfe104c437,true,up,"[0.25,1.00)",false,false,false,true,false
qt_pit_2026h1,ROCK,2026-05,2026-05-07,2026-06-04,V5,d87c4d469aac817d,ef48d5f0e4f08b22,true,up,>=1.00,false,false,false,false,false
qt_pit_2026h1,ROG,2026-02,2026-02-19,2026-06-04,V5,b900e8d830dc5e34,b900e8d830dc5e34,false,none,0,true,true,false,false,true
qt_pit_2026h1,ROG,2026-04,2026-04-28,2026-06-04,V5,2ec0fdafc9dd346d,fad9af72b69c7323,true,down,>=1.00,true,true,false,false,false
qt_pit_2026h1,ROOT,2026-02,2026-02-26,2026-06-04,V5,87b1958220cc5c4f,446fd322cc331de1,true,up,"[0.05,0.25)",true,true,false,false,false
qt_pit_2026h1,ROOT,2026-05,2026-05-06,2026-06-04,V5,ccb9eb1304193beb,257c3147d95f40b2,true,down,"[0.05,0.25)",true,true,false,false,false
qt_pit_2026h1,RPAY,2026-05,2026-05-05,2026-06-04,V5,7ef7337f8af84c32,7ef7337f8af84c32,false,none,0,false,false,false,false,false
qt_pit_2026h1,RPD,2026-02,2026-02-11,2026-06-04,V5,12c83474059fa0f8,12c83474059fa0f8,false,none,0,false,false,false,false,false
qt_pit_2026h1,RPD,2026-05,2026-05-06,2026-06-04,V5,00f08376fd5aba3a,00f08376fd5aba3a,false,none,0,true,true,false,false,false
qt_pit_2026h1,RRC,2026-04,2026-04-22,2026-06-04,V5,0b75f221c0976e48,0b75f221c0976e48,false,none,0,true,true,false,false,false
qt_pit_2026h1,RRR,2026-02,2026-02-11,2026-06-04,V5,966025a4eafbee9b,966025a4eafbee9b,false,none,0,true,true,false,false,false
qt_pit_2026h1,RRR,2026-04,2026-04-30,2026-06-04,V5,a1d39207c409c9ff,a1d39207c409c9ff,false,none,0,false,true,true,true,false
qt_pit_2026h1,RSI,2026-02,2026-02-17,2026-06-04,V5,28eb10a45bb2ff8a,3d300c96750a4faa,true,down,"[0.05,0.25)",true,false,true,true,false
qt_pit_2026h1,RSI,2026-04,2026-04-28,2026-06-04,V5,d91c95153e174d09,380ecd539fd61e72,true,up,"[0.05,0.25)",false,true,true,true,false
qt_pit_2026h1,RUM,2026-03,2026-03-09,2026-06-04,V5,604469a2300bdecf,604469a2300bdecf,false,none,0,false,false,false,false,true
qt_pit_2026h1,RUM,2026-05,2026-05-15,2026-06-04,V5,d2e688a303e153dc,c0a5727fa03b6f2b,true,up,"[0.01,0.05)",false,false,false,false,false
qt_pit_2026h1,RUN,2026-02,2026-02-27,2026-06-04,V5,f5cca5df15118fb2,f5cca5df15118fb2,false,none,0,true,true,false,false,false
qt_pit_2026h1,RUN,2026-05,2026-05-07,2026-06-04,V5,1b5903fdaf7447ee,1b5903fdaf7447ee,false,none,0,true,true,false,false,false
qt_pit_2026h1,RUSHA,2026-02,2026-02-17,2026-06-04,V5,77dbb2f691f0c7c7,77dbb2f691f0c7c7,false,none,0,false,true,true,false,false
qt_pit_2026h1,RUSHA,2026-04,2026-04-29,2026-06-04,V5,ea365bcc69abc052,ea365bcc69abc052,false,none,0,false,false,false,false,false
qt_pit_2026h1,RUSHB,2026-02,2026-02-17,2026-06-04,V5,3f0f435016d3ffea,3f0f435016d3ffea,false,none,0,true,true,false,false,false
qt_pit_2026h1,RUSHB,2026-04,2026-04-29,2026-06-04,V3,e746d2f7cad7200e,e746d2f7cad7200e,false,none,0,true,true,false,false,false
qt_pit_2026h1,RVLV,2026-02,2026-02-25,2026-06-04,V5,40e0dbe182a59992,40e0dbe182a59992,false,none,0,true,true,false,false,false
qt_pit_2026h1,RVLV,2026-05,2026-05-05,2026-06-04,V5,8314c533e3d119a9,8314c533e3d119a9,false,none,0,true,true,false,false,false
qt_pit_2026h1,RXO,2026-02,2026-02-06,2026-06-04,V5,849c66ab3ec963b0,1b376c4b90509715,true,down,"[0.05,0.25)",true,false,true,true,false
qt_pit_2026h1,RXO,2026-05,2026-05-07,2026-06-04,V5,544bef8c27b2ea29,544bef8c27b2ea29,false,none,0,false,false,false,false,false
qt_pit_2026h1,RXRX,2026-02,2026-02-25,2026-06-04,V5,b75394f63c6f3415,b75394f63c6f3415,false,none,0,true,true,false,false,false
qt_pit_2026h1,RXRX,2026-05,2026-05-06,2026-06-04,V5,39374ba74a0ff716,39374ba74a0ff716,false,none,0,true,true,false,false,false
qt_pit_2026h1,RXST,2026-02,2026-02-26,2026-06-04,V5,8c7bfa469e05ab88,8c7bfa469e05ab88,false,none,0,false,true,true,false,false
qt_pit_2026h1,RXST,2026-05,2026-05-06,2026-06-04,V5,3ce7ddd9ac42e406,3ce7ddd9ac42e406,false,none,0,false,false,false,false,false
qt_pit_2026h1,RYTM,2026-02,2026-02-26,2026-06-04,V5,38e0ad811cf41b23,38e0ad811cf41b23,false,none,0,false,false,false,false,false
qt_pit_2026h1,RYTM,2026-05,2026-05-05,2026-06-04,V5,3074e05d143c3f44,3074e05d143c3f44,false,none,0,false,false,false,false,false
qt_pit_2026h1,S,2026-03,2026-03-12,2026-06-04,V5,787c2ca29ace8724,260b3fc6a240422a,true,up,"[0.25,1.00)",false,true,true,true,false
qt_pit_2026h1,S,2026-05,2026-05-28,2026-06-04,V5,dae99a7432afb088,dae99a7432afb088,false,none,0,true,true,false,false,false
qt_pit_2026h1,SA,2026-05,2026-05-14,2026-06-04,V5,73f87b2e99e2724e,73f87b2e99e2724e,false,none,0,false,false,false,false,false
qt_pit_2026h1,SABR,2026-02,2026-02-19,2026-06-04,V5,a2495369f924d288,b29aa09fef0f47e6,true,up,"[0.25,1.00)",false,true,true,true,false
qt_pit_2026h1,SABR,2026-05,2026-05-07,2026-06-04,V5,9763ba375762a4db,db49c4cb14076828,true,up,"[0.01,0.05)",true,true,false,false,false
qt_pit_2026h1,SAH,2026-02,2026-02-17,2026-06-04,V5,f5027bfc77e3a646,56f6fcfc16d9d0c1,true,up,"[0.05,0.25)",false,false,false,false,false
qt_pit_2026h1,SAH,2026-04,2026-04-30,2026-06-04,V5,68d53682a6864d18,68d53682a6864d18,false,none,0,true,true,false,false,false
qt_pit_2026h1,SAIC,2026-03,2026-03-16,2026-06-04,V5,dbb7374980cf8f6f,c02ae84b986a6c61,true,up,"[0.25,1.00)",false,true,true,true,false
qt_pit_2026h1,SAIC,2026-06,2026-06-01,2026-06-04,V5,39c669287993c99d,39c669287993c99d,false,none,0,true,true,false,false,false
qt_pit_2026h1,SAM,2026-02,2026-02-25,2026-06-04,V5,97192a2b73ea2377,97192a2b73ea2377,false,none,0,false,false,false,false,false
qt_pit_2026h1,SAM,2026-04,2026-04-30,2026-06-04,V5,1a21a871727f948d,9599eb2eac193499,true,up,>=1.00,false,false,false,false,false
qt_pit_2026h1,SARO,2026-05,2026-05-08,2026-06-04,V5,cf7371ee6d078fa0,a3ce0a6f5e40d4d4,true,up,"[0.05,0.25)",false,true,true,true,false
qt_pit_2026h1,SBGI,2026-02,2026-02-26,2026-06-04,V5,7f5c8303fd47dfff,0b786852ed98b3b0,true,down,>=1.00,true,true,false,false,false
qt_pit_2026h1,SBGI,2026-04,2026-04-30,2026-06-04,V5,0430dea0cf081310,0430dea0cf081310,false,none,0,true,true,false,false,false
qt_pit_2026h1,SBH,2026-02,2026-02-09,2026-06-04,V5,03c5bd12560c0ef4,d18858774b3ae40c,true,down,"[0.01,0.05)",false,false,false,false,false
qt_pit_2026h1,SBH,2026-05,2026-05-10,2026-06-04,V5,64ab545e0f39d1fe,64ab545e0f39d1fe,false,none,0,false,false,false,false,false
qt_pit_2026h1,SBLK,2026-02,2026-02-26,2026-06-04,V5,02946aba160b412b,02946aba160b412b,false,none,0,true,false,true,false,false
qt_pit_2026h1,SBLK,2026-05,2026-05-20,2026-06-04,V5,0ba6fc3285d09aa7,0ba6fc3285d09aa7,false,none,0,true,true,false,false,false
qt_pit_2026h1,SBRA,2026-02,2026-02-13,2026-06-04,V5,3e85ed51dffed9ff,a158d3bb412f55ea,true,up,"[0.25,1.00)",false,true,true,true,false
qt_pit_2026h1,SBRA,2026-04,2026-04-30,2026-06-04,V5,8f2812499be3f3bd,94d226bc7f6149df,true,up,"[0.05,0.25)",false,true,true,true,false
qt_pit_2026h1,SCL,2026-02,2026-02-23,2026-06-04,V5,a77cf1b46affe8b2,9d260fac273a04e7,true,down,"[0.05,0.25)",false,false,false,false,false
qt_pit_2026h1,SCL,2026-04,2026-04-28,2026-06-04,V3,16290ecbba016913,16290ecbba016913,false,none,0,true,true,false,false,false
qt_pit_2026h1,SCSC,2026-02,2026-02-05,2026-06-04,V5,875ca17775a0c6af,211aa2a54f3a4c3a,true,up,"[0.05,0.25)",false,false,false,false,false
qt_pit_2026h1,SCSC,2026-05,2026-05-07,2026-06-04,V5,d96dc992bf1c5968,b8e49c96e6a8b9ad,true,up,"[0.05,0.25)",false,false,false,true,false
qt_pit_2026h1,SCVL,2026-05,2026-05-21,2026-06-04,V5,3e8bd3ef75167a11,3e8bd3ef75167a11,false,none,0,true,true,false,false,false
qt_pit_2026h1,SDGR,2026-02,2026-02-26,2026-06-04,V5,5b9c9fc467398b06,5b9c9fc467398b06,false,none,0,true,true,false,false,false
qt_pit_2026h1,SDGR,2026-05,2026-05-05,2026-06-04,V5,7183550de8b157b0,7183550de8b157b0,false,none,0,false,false,false,false,false
qt_pit_2026h1,SDRL,2026-02,2026-02-26,2026-06-04,V5,53aa416f1796d51f,c4e88a7c4e585bb5,true,up,"[0.25,1.00)",false,true,true,true,false
qt_pit_2026h1,SDRL,2026-05,2026-05-10,2026-06-04,V5,b05b67d8c34f4797,b05b67d8c34f4797,false,none,0,true,false,true,true,false
qt_pit_2026h1,SEAT,2026-05,2026-05-05,2026-06-04,V5,92f7923334276968,92f7923334276968,false,none,0,false,false,false,false,false
qt_pit_2026h1,SEDG,2026-02,2026-02-19,2026-06-04,V5,96e5bf17f835ae7a,96e5bf17f835ae7a,false,none,0,true,true,false,false,false
qt_pit_2026h1,SEDG,2026-05,2026-05-07,2026-06-04,V5,eb602c851df8b8b5,eb602c851df8b8b5,false,none,0,false,false,false,false,false
qt_pit_2026h1,SEE,2026-03,2026-03-02,2026-06-04,V5,f799289a46ca9912,f799289a46ca9912,false,none,0,false,false,false,false,false
qt_pit_2026h1,SEI,2026-02,2026-02-25,2026-06-04,V5,b00f6adfb52ae8d7,0de0283af4fe2598,true,up,"[0.25,1.00)",false,true,true,true,false
qt_pit_2026h1,SEI,2026-04,2026-04-28,2026-06-04,V5,2f2d27468ea1fd68,44ac15ec38c014dc,true,up,"[0.05,0.25)",false,true,true,true,false
qt_pit_2026h1,SEM,2026-02,2026-02-20,2026-06-04,V5,6252f97da3fd33f5,6252f97da3fd33f5,false,none,0,false,false,false,false,false
qt_pit_2026h1,SEM,2026-04,2026-04-30,2026-06-04,V5,712c1694a0f90b94,6355ed70badf88d6,true,up,"[0.01,0.05)",false,false,false,false,false
qt_pit_2026h1,SEMR,2026-03,2026-03-03,2026-06-04,V5,23bd680b55820c27,23bd680b55820c27,false,none,0,true,true,false,false,false
qt_pit_2026h1,SEPN,2026-03,2026-03-10,2026-06-04,V5,b1f1d1acd30fa139,b1f1d1acd30fa139,false,none,0,false,false,false,true,false
qt_pit_2026h1,SEPN,2026-05,2026-05-12,2026-06-04,V5,0d74a866acad08ae,0d74a866acad08ae,false,none,0,true,true,false,false,false
qt_pit_2026h1,SERV,2026-05,2026-05-08,2026-06-04,V5,5bc754ecf90f2e03,5bc754ecf90f2e03,false,none,0,false,false,false,false,false
qt_pit_2026h1,SEZL,2026-02,2026-02-26,2026-06-04,V5,ceb8cc23c70340d7,ceb8cc23c70340d7,false,none,0,true,true,false,false,false
qt_pit_2026h1,SEZL,2026-05,2026-05-07,2026-06-04,V5,de54b95251409af8,de54b95251409af8,false,none,0,true,true,false,false,false
qt_pit_2026h1,SFL,2026-02,2026-02-11,2026-06-04,V5,810655d36d73a3c0,ad7c278dfe38b065,true,down,"[0.05,0.25)",false,false,false,false,false
qt_pit_2026h1,SFL,2026-05,2026-05-13,2026-06-04,V5,53c10f99f137aa2d,53c10f99f137aa2d,false,none,0,true,true,false,false,false
qt_pit_2026h1,SG,2026-02,2026-02-27,2026-06-04,V5,ae8c0f42dea3773e,ae8c0f42dea3773e,false,none,0,false,false,false,false,false
qt_pit_2026h1,SG,2026-05,2026-05-08,2026-06-04,V5,819e4e8d864a7f57,d9c7f3ff0bd2e8d0,true,down,>=1.00,true,false,true,true,false
qt_pit_2026h1,SGML,2026-05,2026-05-18,2026-06-04,V5,f8ae205f236879f8,f8ae205f236879f8,false,none,0,false,false,false,false,true
qt_pit_2026h1,SGRY,2026-03,2026-03-03,2026-06-04,V5,3b1a54b37cdf3435,3b1a54b37cdf3435,false,none,0,false,false,false,false,false
qt_pit_2026h1,SGRY,2026-05,2026-05-05,2026-06-04,V5,23baf05d6ae71255,23baf05d6ae71255,false,none,0,true,true,false,false,false
qt_pit_2026h1,SHAK,2026-02,2026-02-27,2026-06-04,V5,0894c52eca7e3fee,0894c52eca7e3fee,false,none,0,false,false,false,false,false
qt_pit_2026h1,SHAK,2026-05,2026-05-07,2026-06-04,V5,06b4d8515737bd38,55f8856492ae5c88,true,up,"(0,0.01)",false,false,false,false,false
qt_pit_2026h1,SHC,2026-02,2026-02-24,2026-06-04,V5,3063aa9c4817ba3b,0dc596c8196fa929,true,up,"[0.05,0.25)",false,false,false,true,false
qt_pit_2026h1,SHC,2026-05,2026-05-05,2026-06-04,V5,226b752b304dcfc7,226b752b304dcfc7,false,none,0,false,false,false,false,false
qt_pit_2026h1,SHEN,2026-02,2026-02-26,2026-06-04,V5,466152884fa2d32d,466152884fa2d32d,false,none,0,true,true,false,false,false
qt_pit_2026h1,SHEN,2026-05,2026-05-01,2026-06-04,V5,3b3e0e1b68750e67,3b3e0e1b68750e67,false,none,0,false,false,false,false,false
qt_pit_2026h1,SHLS,2026-02,2026-02-24,2026-06-04,V5,09ce3b8ca2c17b8a,2ee3e54f55a15d88,true,up,"[0.05,0.25)",false,false,false,false,false
qt_pit_2026h1,SHLS,2026-05,2026-05-05,2026-06-04,V5,9b9f211169ece9fe,9b9f211169ece9fe,false,none,0,true,true,false,false,false
qt_pit_2026h1,SHO,2026-02,2026-02-27,2026-06-04,V5,109862144016f58c,3b334ac469d35bea,true,up,"[0.05,0.25)",false,true,true,true,false
qt_pit_2026h1,SHO,2026-05,2026-05-05,2026-06-04,V5,1cb30c6c1400df34,398d52e030e5c280,true,up,"[0.05,0.25)",true,true,false,false,false
qt_pit_2026h1,SHOO,2026-02,2026-02-25,2026-06-04,V5,605a31d8584c02c2,99aacba5098916e4,true,up,"[0.05,0.25)",false,false,false,true,false
qt_pit_2026h1,SHOO,2026-05,2026-05-06,2026-06-04,V5,de287e49092f3890,de287e49092f3890,false,none,0,false,false,false,false,false
qt_pit_2026h1,SIG,2026-03,2026-03-19,2026-06-04,V5,24d47f3789302c1e,24d47f3789302c1e,false,none,0,false,false,false,false,false
qt_pit_2026h1,SIG,2026-06,2026-06-02,2026-06-04,V5,375f840e4ec32943,375f840e4ec32943,false,none,0,true,true,false,false,false
qt_pit_2026h1,SIMO,2026-02,2026-02-04,2026-06-04,V5,57effb6843e53d65,57effb6843e53d65,false,none,0,false,false,false,false,false
qt_pit_2026h1,SIMO,2026-04,2026-04-29,2026-06-04,V5,bcfb98eb693e43ea,bcfb98eb693e43ea,false,none,0,true,true,false,false,false
qt_pit_2026h1,SIRI,2026-02,2026-02-05,2026-06-04,V5,cc1f650948e942ee,af225d7023696d27,true,up,"[0.25,1.00)",false,false,false,true,false
qt_pit_2026h1,SIRI,2026-04,2026-04-30,2026-06-04,V5,0a485a1541cd842a,365b8d47d928d7f0,true,down,"[0.01,0.05)",false,false,false,false,false
qt_pit_2026h1,SITE,2026-02,2026-02-11,2026-06-04,V5,59e51db4cf0ad5ce,2c7d454d52ee8626,true,down,"[0.05,0.25)",true,true,false,false,false
qt_pit_2026h1,SITE,2026-04,2026-04-29,2026-06-04,V5,40261e9664ea580c,40261e9664ea580c,false,none,0,false,false,false,false,false
qt_pit_2026h1,SITM,2026-02,2026-02-05,2026-06-04,V5,0356738d57e86ac6,5729c522a452ca48,true,up,>=1.00,false,true,true,true,false
qt_pit_2026h1,SKE,2026-05,2026-05-20,2026-06-04,V3,9cacf30e5eab1cfd,261238a42ee6fb76,true,up,"(0,0.01)",false,false,false,false,false
qt_pit_2026h1,SKWD,2026-02,2026-02-23,2026-06-04,V5,b0942010f919fe71,b0942010f919fe71,false,none,0,true,true,false,false,false
qt_pit_2026h1,SKWD,2026-05,2026-05-07,2026-06-04,V5,79fcec2ab0a1eb49,79fcec2ab0a1eb49,false,none,0,true,true,false,false,false
qt_pit_2026h1,SKY,2026-02,2026-02-04,2026-06-04,V5,57144160155331f7,aad0430390081c3e,true,up,"[0.01,0.05)",true,true,false,false,false
qt_pit_2026h1,SKY,2026-05,2026-05-26,2026-06-04,V5,c1b19707d9e9d3ae,161729789872cbdb,true,up,"[0.05,0.25)",false,false,false,true,false
qt_pit_2026h1,SKYT,2026-05,2026-05-10,2026-06-04,V5,feae743726110e5c,0691c603ca527099,true,up,"[0.05,0.25)",false,false,false,false,true
qt_pit_2026h1,SKYW,2026-01,2026-02-03,2026-06-04,V5,5816c6fba444ddc5,5816c6fba444ddc5,false,none,0,false,false,false,false,true
qt_pit_2026h1,SKYW,2026-04,2026-04-23,2026-06-04,V5,734fda733306eebc,5816c6fba444ddc5,true,down,"[0.25,1.00)",true,false,true,false,false
qt_pit_2026h1,SLAB,2026-02,2026-02-05,2026-06-04,V5,a8ad8f6e829e1f7e,b94738076c259cb2,true,up,"[0.25,1.00)",false,false,false,true,false
qt_pit_2026h1,SLGN,2026-02,2026-02-04,2026-06-04,V5,208a58ff19e1e24c,208a58ff19e1e24c,false,none,0,false,false,false,false,false
qt_pit_2026h1,SLGN,2026-04,2026-04-29,2026-06-04,V5,b9d124fa5a16e796,1fc0874776cb6c9a,true,up,"[0.05,0.25)",false,false,false,true,false
qt_pit_2026h1,SLNO,2026-02,2026-02-26,2026-06-04,V5,b9cf22506b4a6c1f,b9cf22506b4a6c1f,false,none,0,true,true,false,false,false
qt_pit_2026h1,SLNO,2026-05,2026-05-10,2026-06-04,V5,9a04e173e59a610e,f4ff1a9f09fdd6ba,true,down,"[0.01,0.05)",false,false,false,false,true
qt_pit_2026h1,SLRC,2026-02,2026-02-25,2026-06-04,V5,6fb712e3edcff7ba,6fb712e3edcff7ba,false,none,0,false,false,false,false,false
qt_pit_2026h1,SLRC,2026-05,2026-05-05,2026-06-04,V5,f425017c953470ab,f425017c953470ab,false,none,0,false,false,false,false,false
qt_pit_2026h1,SLVM,2026-02,2026-02-12,2026-06-04,V5,4efadc08e346344f,00b6a5bc208be594,true,up,"[0.25,1.00)",false,false,false,true,false
qt_pit_2026h1,SLVM,2026-05,2026-05-10,2026-06-04,V5,1f23b48c6526305d,1f23b48c6526305d,false,none,0,false,false,false,false,true
qt_pit_2026h1,SM,2026-02,2026-02-26,2026-06-04,V5,f224ea97fe9be2d0,f224ea97fe9be2d0,false,none,0,true,false,true,false,false
qt_pit_2026h1,SM,2026-05,2026-05-07,2026-06-04,V5,17950fef9a77f687,17950fef9a77f687,false,none,0,true,true,false,false,false
qt_pit_2026h1,SMG,2026-04,2026-04-29,2026-06-04,V5,446bc0fca2c4947b,446bc0fca2c4947b,false,none,0,true,true,false,false,false
qt_pit_2026h1,SMP,2026-02,2026-02-26,2026-06-04,V5,430c25ee5b6d5553,8fed86ad553f5c79,true,up,>=1.00,false,true,true,true,false
qt_pit_2026h1,SMP,2026-04,2026-04-30,2026-06-04,V5,b4d9cdbbbfe9e40d,7a6eb90b499db709,true,down,"[0.01,0.05)",true,true,false,false,false
qt_pit_2026h1,SMPL,2026-04,2026-04-09,2026-06-04,V5,bfa52e822bb051dc,ccb602a60add369d,true,up,>=1.00,false,true,true,true,false
qt_pit_2026h1,SMR,2026-02,2026-02-27,2026-06-04,V5,afab76506a05d33a,afab76506a05d33a,false,none,0,false,false,false,false,false
qt_pit_2026h1,SMR,2026-05,2026-05-08,2026-06-04,V5,f8a00704ace72cdf,f8a00704ace72cdf,false,none,0,false,false,false,false,false
qt_pit_2026h1,SMTC,2026-03,2026-03-16,2026-06-04,V5,e5adae4dbb72e874,e5adae4dbb72e874,false,none,0,false,false,false,false,false
qt_pit_2026h1,SNCY,2026-02,2026-02-06,2026-06-04,V5,8efbf0c6fd0a33d1,a18d98784f98db00,true,up,"[0.01,0.05)",true,true,false,false,false
qt_pit_2026h1,SNCY,2026-05,2026-05-07,2026-06-04,V5,37129222ce0c382d,b9016d2d1d8dc969,true,up,"[0.05,0.25)",false,false,false,false,true
qt_pit_2026h1,SNDR,2026-01,2026-02-03,2026-06-04,V5,9dbc59b342498b56,9dbc59b342498b56,false,none,0,false,false,false,false,true
qt_pit_2026h1,SNDR,2026-04,2026-04-30,2026-06-04,V5,5b71b3ce8e592a61,5b71b3ce8e592a61,false,none,0,false,false,false,false,false
qt_pit_2026h1,SNDX,2026-04,2026-05-01,2026-06-04,V5,a6825b66c7d95d36,a6825b66c7d95d36,false,none,0,true,true,false,false,false
qt_pit_2026h1,SOBO,2026-03,2026-03-06,2026-06-04,V5,27bea695d872954b,27bea695d872954b,false,none,0,true,true,false,false,false
qt_pit_2026h1,SOBO,2026-05,2026-05-08,2026-06-04,V5,69ef0ce80aa056d8,69ef0ce80aa056d8,false,none,0,false,false,false,false,false
qt_pit_2026h1,SON,2026-02,2026-02-17,2026-06-04,V5,9bcd6421c5aa2b0d,fdb8831436ede09d,true,down,>=1.00,true,false,true,false,false
qt_pit_2026h1,SON,2026-04,2026-04-22,2026-06-04,V5,bbda949b3e2c8217,bbda949b3e2c8217,false,none,0,false,false,false,false,false
qt_pit_2026h1,SONO,2026-02,2026-02-04,2026-06-04,V5,f472b7a3494798e7,dace0e5d8de589a0,true,up,"[0.05,0.25)",false,true,true,true,false
qt_pit_2026h1,SONO,2026-05,2026-05-05,2026-06-04,V5,5b1429fed536711c,0445c77f0cea64a6,true,down,"[0.05,0.25)",true,false,true,true,false
qt_pit_2026h1,SOUN,2026-02,2026-02-27,2026-06-04,V5,80f2d1d634fded95,236b98631511b453,true,up,"[0.05,0.25)",true,true,false,false,false
qt_pit_2026h1,SOUN,2026-05,2026-05-08,2026-06-04,V5,1b7347bb0f7854f8,1b7347bb0f7854f8,false,none,0,false,true,true,true,false
qt_pit_2026h1,SPB,2026-02,2026-02-05,2026-06-04,V5,9ff9758c00345c1b,9ff9758c00345c1b,false,none,0,true,true,false,false,false
qt_pit_2026h1,SPB,2026-05,2026-05-07,2026-06-04,V5,2d229d6e5f32fb8b,2d229d6e5f32fb8b,false,none,0,true,true,false,false,false
qt_pit_2026h1,SPH,2026-02,2026-02-05,2026-06-04,V5,41880d552b3abf02,41880d552b3abf02,false,none,0,true,true,false,false,false
qt_pit_2026h1,SPH,2026-05,2026-05-07,2026-06-04,V5,b32425073b8b44a8,fa809cb040b70e1c,true,down,"[0.01,0.05)",true,true,false,false,false
qt_pit_2026h1,SPHR,2026-02,2026-02-13,2026-06-04,V5,dc1ccfaf3dc98fd1,dc1ccfaf3dc98fd1,false,none,0,true,true,false,false,false
qt_pit_2026h1,SPHR,2026-05,2026-05-05,2026-06-04,V5,be0348807e47b1e6,1238c8aa18cd13ea,true,up,"[0.05,0.25)",true,true,false,false,false
qt_pit_2026h1,SPRY,2026-03,2026-03-11,2026-06-04,V5,47da2729145038e7,47da2729145038e7,false,none,0,false,false,false,true,true
qt_pit_2026h1,SPRY,2026-05,2026-05-15,2026-06-04,V5,56756a9b979d42ea,56756a9b979d42ea,false,none,0,false,false,false,false,false
qt_pit_2026h1,SPSC,2026-02,2026-02-13,2026-06-04,V5,dcb624df15a77868,dcb624df15a77868,false,none,0,true,true,false,false,false
qt_pit_2026h1,SPSC,2026-04,2026-04-30,2026-06-04,V5,0b1f82673d47e514,5a21962ff2bf7d8d,true,up,"[0.25,1.00)",false,false,false,true,false
qt_pit_2026h1,SPT,2026-02,2026-02-27,2026-06-04,V5,03bb40a3a560fc23,03bb40a3a560fc23,false,none,0,true,true,false,false,false
qt_pit_2026h1,SPT,2026-05,2026-05-08,2026-06-04,V5,818c723eff7e6803,818c723eff7e6803,false,none,0,true,true,false,false,false
qt_pit_2026h1,SPXC,2026-04,2026-05-04,2026-06-04,V5,a9c82b864442ee1a,a9c82b864442ee1a,false,none,0,false,false,false,false,true
qt_pit_2026h1,SR,2026-02,2026-02-04,2026-06-04,V5,697acfde228498ec,738604ce42e768cb,true,up,"[0.05,0.25)",false,false,false,false,false
qt_pit_2026h1,SR,2026-05,2026-05-06,2026-06-04,V5,b8db928664489905,b8db928664489905,false,none,0,false,false,false,false,false
qt_pit_2026h1,SRAD,2026-04,2026-04-28,2026-06-04,V5,e908f568ede3ee1c,e908f568ede3ee1c,false,none,0,false,false,false,false,false
qt_pit_2026h1,SRRK,2026-03,2026-03-03,2026-06-04,V5,9885e8d99d0c382d,9885e8d99d0c382d,false,none,0,false,false,false,true,false
qt_pit_2026h1,SRRK,2026-05,2026-05-07,2026-06-04,V5,17ab4e4adf3b3f20,17ab4e4adf3b3f20,false,none,0,false,false,false,false,false
qt_pit_2026h1,SSD,2026-02,2026-02-10,2026-06-04,V5,ced7ae2463668667,ced7ae2463668667,false,none,0,false,false,false,false,false
qt_pit_2026h1,SSD,2026-04,2026-04-27,2026-06-04,V5,8956e15669e2fa35,8956e15669e2fa35,false,none,0,true,true,false,false,false
qt_pit_2026h1,SSRM,2026-02,2026-02-17,2026-06-04,V5,32f937c593980b4c,4c46b6fc68dae958,true,up,"[0.01,0.05)",true,true,false,false,false
qt_pit_2026h1,SSRM,2026-05,2026-05-06,2026-06-04,V5,7fe82b8ab8513d59,7fe82b8ab8513d59,false,none,0,true,true,false,false,false
qt_pit_2026h1,SSTK,2026-02,2026-02-20,2026-06-04,V5,bfc6de846f6ede0a,f52874869b0eac25,true,down,"[0.05,0.25)",false,false,false,false,true
qt_pit_2026h1,SSTK,2026-04,2026-05-01,2026-06-04,V5,5bd1c112b6d45969,67559f8fa29d4886,true,up,>=1.00,false,false,false,false,true
qt_pit_2026h1,SSYS,2026-03,2026-03-05,2026-06-04,V5,f74dfbd8dcc9ea19,f74dfbd8dcc9ea19,false,none,0,true,true,false,false,false
qt_pit_2026h1,SSYS,2026-05,2026-05-07,2026-06-04,V5,493bfc756ed3674c,493bfc756ed3674c,false,none,0,true,true,false,false,false
qt_pit_2026h1,ST,2026-02,2026-02-20,2026-06-04,V5,965da883cc180ba7,5e95146392e8fe13,true,up,"[0.25,1.00)",false,false,false,true,false
qt_pit_2026h1,ST,2026-04,2026-04-28,2026-06-04,V5,ebc3c20e217006fb,1490e58f3bc614fe,true,up,"[0.25,1.00)",false,false,false,true,false
qt_pit_2026h1,STAA,2026-03,2026-03-03,2026-06-04,V5,fccf66cdfa01cf71,fccf66cdfa01cf71,false,none,0,false,false,false,false,false
qt_pit_2026h1,STAA,2026-05,2026-05-13,2026-06-04,V5,c75b7f0ed636c5e5,2da9ffd776695567,true,down,"[0.05,0.25)",true,true,false,false,false
qt_pit_2026h1,STEP,2026-02,2026-02-06,2026-06-04,V5,b2e86d8073215237,b2e86d8073215237,false,none,0,false,false,false,false,false
qt_pit_2026h1,STEP,2026-05,2026-05-20,2026-06-04,V5,39f9313c13af163d,39f9313c13af163d,false,none,0,true,true,false,false,false
qt_pit_2026h1,STGW,2026-04,2026-04-30,2026-06-04,V5,0dfed7f444396a87,9208edcdf703c848,true,up,"[0.05,0.25)",false,false,false,false,false
qt_pit_2026h1,STN,2026-05,2026-05-14,2026-06-04,V5,b3d31a6a2ffbf7bf,e8c99cb4abd032ff,true,up,"[0.01,0.05)",false,false,false,false,false
qt_pit_2026h1,STNE,2026-03,2026-03-03,2026-06-04,V5,7a71a5758ff528d8,fe31e072c36e79de,true,up,"[0.01,0.05)",false,false,false,false,false
qt_pit_2026h1,STNE,2026-05,2026-05-15,2026-06-04,V5,8799ba53fd03b750,8799ba53fd03b750,false,none,0,false,false,false,false,false
qt_pit_2026h1,STNG,2026-02,2026-02-13,2026-06-04,V5,4649f47f75cb212e,4649f47f75cb212e,false,none,0,true,true,false,false,false
qt_pit_2026h1,STNG,2026-05,2026-05-05,2026-06-04,V5,7e3a0307d454020c,7e3a0307d454020c,false,none,0,true,true,false,false,false
qt_pit_2026h1,STRA,2026-04,2026-04-23,2026-06-04,V5,a2f6c853132ca170,1fb61818dcf1a5c8,true,down,"[0.05,0.25)",false,false,false,true,false
qt_pit_2026h1,SUN,2026-02,2026-02-17,2026-06-04,V5,b9778ca80fbdcd44,717010423c4f75b4,true,up,"[0.05,0.25)",false,false,false,false,false
qt_pit_2026h1,SUN,2026-05,2026-05-05,2026-06-04,V5,39ef8d70182b2c81,1e24b09e4a667dec,true,down,>=1.00,true,true,false,false,false
qt_pit_2026h1,SUPN,2026-05,2026-05-06,2026-06-04,V5,dd463bad358901a5,bd6d9f29f3996f9b,true,down,"[0.01,0.05)",true,true,false,false,false
qt_pit_2026h1,SVM,2026-02,2026-02-10,2026-06-04,V5,7649232bfe6c324c,8e21462f2fa16ca6,true,up,"[0.25,1.00)",false,true,true,true,false
qt_pit_2026h1,SVM,2026-05,2026-05-27,2026-06-04,V5,a927e467fe904f46,4be15105728e9655,true,up,"[0.25,1.00)",false,false,false,true,false
qt_pit_2026h1,SVV,2026-02,2026-02-20,2026-06-04,V5,f1b03f57a853c723,f1b03f57a853c723,false,none,0,false,false,false,false,false
qt_pit_2026h1,SVV,2026-05,2026-05-07,2026-06-04,V5,37a5c3aef6a40d8d,37a5c3aef6a40d8d,false,none,0,false,false,false,false,false
qt_pit_2026h1,SWIM,2026-03,2026-03-03,2026-06-04,V5,40998fd34e83238f,d3d3c2ab826219f8,true,up,"[0.01,0.05)",true,true,false,false,false
qt_pit_2026h1,SWIM,2026-05,2026-05-06,2026-06-04,V5,40998fd34e83238f,40998fd34e83238f,false,none,0,false,false,false,false,false
qt_pit_2026h1,SWX,2026-02,2026-02-25,2026-06-04,V5,cc849be3bc572359,faf74b296c5d6bad,true,up,"[0.25,1.00)",false,false,false,false,false
qt_pit_2026h1,SWX,2026-05,2026-05-05,2026-06-04,V5,d90efd51cb3f40e0,d90efd51cb3f40e0,false,none,0,false,false,false,true,false
qt_pit_2026h1,SXC,2026-02,2026-02-17,2026-06-04,V5,32a5c71dbd235454,f6f52e04f5d3394b,true,up,>=1.00,false,true,true,true,false
qt_pit_2026h1,SXC,2026-04,2026-04-30,2026-06-04,V5,31522f73405acccd,31522f73405acccd,false,none,0,false,false,false,false,false
qt_pit_2026h1,SXI,2026-01,2026-02-03,2026-06-04,V5,d09d23e3037eeddd,d09d23e3037eeddd,false,none,0,false,false,false,false,true
qt_pit_2026h1,SXI,2026-04,2026-05-01,2026-06-04,V5,84ae36aa1ba6c86e,84ae36aa1ba6c86e,false,none,0,false,false,false,false,false
qt_pit_2026h1,SXT,2026-02,2026-02-13,2026-06-04,V5,fe9095fb066461b7,7a8f72ab443a8881,true,up,"[0.05,0.25)",false,false,false,false,false
qt_pit_2026h1,SXT,2026-04,2026-04-24,2026-06-04,V5,b6080a5b27790ba1,b6080a5b27790ba1,false,none,0,true,true,false,false,false
qt_pit_2026h1,SYNA,2026-02,2026-02-06,2026-06-04,V5,f7f84d5ee627d2f8,f7f84d5ee627d2f8,false,none,0,false,false,false,false,false
qt_pit_2026h1,SYNA,2026-05,2026-05-08,2026-06-04,V5,c37c3cd55dad2398,33296561ed6e2d8d,true,up,>=1.00,false,false,false,true,false
qt_pit_2026h1,SYRE,2026-05,2026-05-05,2026-06-04,V5,76836a2e191df515,76836a2e191df515,false,none,0,false,false,false,false,false
qt_pit_2026h1,TAC,2026-02,2026-02-27,2026-06-04,V5,5d9bc1064578c878,53cbcd2a86008e08,true,up,"[0.05,0.25)",false,false,false,false,false
qt_pit_2026h1,TAL,2026-04,2026-04-23,2026-06-04,V5,dfe673c8ec907fb0,dfe673c8ec907fb0,false,none,0,true,true,false,false,false
qt_pit_2026h1,TALO,2026-02,2026-02-25,2026-06-04,V5,fbc4736219e6678c,fbc4736219e6678c,false,none,0,false,false,false,false,false
qt_pit_2026h1,TALO,2026-05,2026-05-06,2026-06-04,V5,e4e5a181019d6966,e4e5a181019d6966,false,none,0,true,true,false,false,false
qt_pit_2026h1,TARS,2026-02,2026-02-23,2026-06-04,V5,08277ad3df3ce774,08277ad3df3ce774,false,none,0,false,false,false,false,false
qt_pit_2026h1,TARS,2026-05,2026-05-06,2026-06-04,V5,7a9f561ff9c18270,7a9f561ff9c18270,false,none,0,true,true,false,false,false
qt_pit_2026h1,TBBB,2026-05,2026-05-07,2026-06-04,V5,4f164fbcbd2c2454,4f164fbcbd2c2454,false,none,0,false,false,false,false,false
qt_pit_2026h1,TCPC,2026-02,2026-02-27,2026-06-04,V5,8152a639ff641f6b,8358f60a03a4c9f4,true,down,"[0.25,1.00)",true,false,true,true,false
qt_pit_2026h1,TCPC,2026-05,2026-05-07,2026-06-04,V5,bba1b4f2b692a1e6,1ba93a1bc591d693,true,up,"[0.25,1.00)",false,false,false,true,false
qt_pit_2026h1,TDC,2026-02,2026-02-11,2026-06-04,V5,a693947d71b680a3,a693947d71b680a3,false,none,0,true,true,false,false,false
qt_pit_2026h1,TDC,2026-05,2026-05-05,2026-06-04,V5,585537fb3e84f6ab,585537fb3e84f6ab,false,none,0,true,true,false,false,false
qt_pit_2026h1,TDOC,2026-02,2026-02-26,2026-06-04,V5,c0cdb163906fa962,c0cdb163906fa962,false,none,0,true,true,false,false,false
qt_pit_2026h1,TDOC,2026-04,2026-04-29,2026-06-04,V5,171232b66b312d26,171232b66b312d26,false,none,0,false,false,false,false,false
qt_pit_2026h1,TDS,2026-02,2026-02-26,2026-06-04,V5,d0bc2973340927ab,d0bc2973340927ab,false,none,0,true,true,false,false,true
qt_pit_2026h1,TDS,2026-05,2026-05-08,2026-06-04,V5,162e94496baabb09,a010c69bc9703d67,true,up,"[0.01,0.05)",true,true,false,false,false
qt_pit_2026h1,TDW,2026-03,2026-03-03,2026-06-04,V5,220f3d1647d97a92,7a0e0ca2596dedd2,true,down,>=1.00,true,false,true,true,false
qt_pit_2026h1,TDW,2026-05,2026-05-05,2026-06-04,V5,b82f6f9df4172a0f,b82f6f9df4172a0f,false,none,0,false,false,false,false,false
qt_pit_2026h1,TECX,2026-02,2026-03-02,2026-06-04,V5,726c6fe21fa1abfd,726c6fe21fa1abfd,false,none,0,false,false,false,false,true
qt_pit_2026h1,TECX,2026-05,2026-05-08,2026-06-04,V5,5583944ebd3ecbfd,5583944ebd3ecbfd,false,none,0,false,false,false,false,false
qt_pit_2026h1,TEM,2026-02,2026-02-25,2026-06-04,V5,7e325bbbf0912a00,f766d2594bed25b9,true,up,"[0.25,1.00)",false,false,false,true,false
qt_pit_2026h1,TEM,2026-05,2026-05-05,2026-06-04,V5,ba9ac82737e8b76b,ba9ac82737e8b76b,false,none,0,true,true,false,false,false
qt_pit_2026h1,TENB,2026-02,2026-02-05,2026-06-04,V5,f2823b34e4a0113c,f2823b34e4a0113c,false,none,0,true,true,false,false,false
qt_pit_2026h1,TENB,2026-04,2026-04-29,2026-06-04,V5,784c3f8c0a7f008f,93e6b46a33e527fd,true,up,"[0.25,1.00)",false,true,true,true,false
qt_pit_2026h1,TEO,2026-03,2026-03-12,2026-06-04,V5,87cc79565bde288a,87cc79565bde288a,false,none,0,true,true,false,false,true
qt_pit_2026h1,TEO,2026-05,2026-05-13,2026-06-04,V5,4620b34ed8e518e5,fd236f6fc97954a1,true,up,"[0.25,1.00)",true,true,false,false,false
qt_pit_2026h1,TEX,2026-02,2026-02-11,2026-06-04,V5,903890a951045bb7,903890a951045bb7,false,none,0,false,false,false,false,false
qt_pit_2026h1,TEX,2026-05,2026-05-01,2026-06-04,V5,aeb6c4cae48bc441,aeb6c4cae48bc441,false,none,0,true,true,false,false,false
qt_pit_2026h1,TFIN,2026-04,2026-04-22,2026-06-04,V5,c7b57694d5fb371e,c7b57694d5fb371e,false,none,0,true,true,false,false,false
qt_pit_2026h1,TFX,2026-02,2026-02-26,2026-06-04,V5,a56f7a18caea2189,4a7505955feb2b46,true,up,>=1.00,false,false,false,false,false
qt_pit_2026h1,TFX,2026-05,2026-05-07,2026-06-04,V5,8f7f6145e280d12b,cb9ba4328125ccaa,true,up,>=1.00,false,true,true,true,false
qt_pit_2026h1,TGNA,2026-03,2026-03-02,2026-06-04,V5,6e417288de2011e9,595f2fee4f850892,true,up,"[0.05,0.25)",false,true,true,true,false
qt_pit_2026h1,TGTX,2026-02,2026-03-02,2026-06-04,V5,d2ae4fc0548a6bc4,d2ae4fc0548a6bc4,false,none,0,false,false,false,false,true
qt_pit_2026h1,TGTX,2026-05,2026-05-06,2026-06-04,V5,d101954d44a665ea,bfb57e9bfdfe3aad,true,up,"[0.05,0.25)",false,false,false,false,false
qt_pit_2026h1,TH,2026-05,2026-05-10,2026-06-04,V5,3cf1d1e3fa2a508b,91534fcd865efc04,true,down,"[0.05,0.25)",true,false,true,true,false
qt_pit_2026h1,THO,2026-03,2026-03-03,2026-06-04,V5,676c3f87ba6a3fc8,45ad7be6658f36e5,true,down,"[0.25,1.00)",true,true,false,false,false
qt_pit_2026h1,THO,2026-06,2026-06-03,2026-06-04,V5,73fb25ab85b1f9b6,73fb25ab85b1f9b6,false,none,0,false,false,false,false,false
qt_pit_2026h1,THR,2026-02,2026-02-05,2026-06-04,V5,edb2baa9d8a5f269,5a1ef7b521394e0c,true,up,"[0.05,0.25)",false,true,true,true,false
qt_pit_2026h1,THR,2026-05,2026-05-19,2026-06-04,V5,1944123ef1f90952,edb2baa9d8a5f269,true,up,"[0.25,1.00)",false,false,false,false,false
qt_pit_2026h1,THRM,2026-04,2026-04-23,2026-06-04,V5,5fd6dcc714495cd6,5fd6dcc714495cd6,false,none,0,true,true,false,false,false
qt_pit_2026h1,THRY,2026-02,2026-02-26,2026-06-04,V5,6b431f5e679fc0d1,b7c182a79225d073,true,down,"[0.25,1.00)",true,false,true,true,false
qt_pit_2026h1,THRY,2026-04,2026-04-30,2026-06-04,V5,cf3ae9e996682b35,cf3ae9e996682b35,false,none,0,true,true,false,false,false
qt_pit_2026h1,TIGR,2026-03,2026-03-19,2026-06-04,V5,cb6c00d756a5bee9,cb6c00d756a5bee9,false,none,0,true,true,false,false,false
qt_pit_2026h1,TIGR,2026-06,2026-06-02,2026-06-04,V5,44b7e3e30d1a5264,9890caf0cea98571,true,down,"[0.25,1.00)",false,false,false,false,false
qt_pit_2026h1,TILE,2026-02,2026-02-25,2026-06-04,V5,521611a18158ac6e,521611a18158ac6e,false,none,0,true,true,false,false,false
qt_pit_2026h1,TILE,2026-05,2026-05-08,2026-06-04,V5,35cb230fe02302be,35cb230fe02302be,false,none,0,true,true,false,false,false
qt_pit_2026h1,TK,2026-05,2026-05-14,2026-06-04,V5,5e60a499ff070766,5e60a499ff070766,false,none,0,true,true,false,false,false
qt_pit_2026h1,TKR,2026-02,2026-02-05,2026-06-04,V5,ae40273619f8f11a,6b44c8edb8f8b467,true,up,"[0.05,0.25)",false,false,false,true,false
qt_pit_2026h1,TKR,2026-05,2026-05-06,2026-06-04,V5,0d355f168f461dea,de0b292f1e61fd9a,true,up,"[0.25,1.00)",false,true,true,true,false
qt_pit_2026h1,TLRY,2026-04,2026-04-01,2026-06-04,V5,099d588822b500d8,099d588822b500d8,false,none,0,false,false,false,false,false
qt_pit_2026h1,TLX,2026-02,2026-02-20,2026-06-04,V5,e7ae6eb8e45e28ea,35c1646c819a6275,true,up,"[0.01,0.05)",false,false,false,false,false
qt_pit_2026h1,TMDX,2026-02,2026-02-25,2026-06-04,V5,1fbc804470a9af7b,1b10f99e2466fc71,true,down,>=1.00,true,true,false,false,false
qt_pit_2026h1,TMDX,2026-05,2026-05-06,2026-06-04,V5,6d3b447cfc82a87f,6d3b447cfc82a87f,false,none,0,false,false,false,false,false
qt_pit_2026h1,TMHC,2026-02,2026-02-11,2026-06-04,V5,b7a4c89c8355e73e,b2254b7faafdf35a,true,up,"[0.05,0.25)",false,true,true,false,false
qt_pit_2026h1,TMHC,2026-04,2026-04-22,2026-06-04,V5,2bc94f5c77ab9458,ff00dcb48e975beb,true,up,"[0.05,0.25)",true,true,false,false,false
qt_pit_2026h1,TNC,2026-02,2026-02-24,2026-06-04,V5,854d65b376feb798,854d65b376feb798,false,none,0,false,false,false,false,false
qt_pit_2026h1,TNC,2026-05,2026-05-05,2026-06-04,V5,a9de77aebe855d15,a9de77aebe855d15,false,none,0,true,true,false,false,false
qt_pit_2026h1,TNDM,2026-02,2026-02-20,2026-06-04,V5,3f76b325975a809f,3f76b325975a809f,false,none,0,true,true,false,false,false
qt_pit_2026h1,TNDM,2026-05,2026-05-08,2026-06-04,V5,3fbeb3cb1025016d,3fbeb3cb1025016d,false,none,0,true,true,false,false,false
qt_pit_2026h1,TNET,2026-02,2026-02-13,2026-06-04,V5,8d2a5323ec3b3a1d,838f840802c976f2,true,up,"[0.25,1.00)",false,true,true,true,false
qt_pit_2026h1,TNET,2026-04,2026-04-30,2026-06-04,V5,49d5f45d2718ce5a,9c3b9fa2042e17ea,true,up,"[0.25,1.00)",false,true,true,false,false
qt_pit_2026h1,TNK,2026-02,2026-02-19,2026-06-04,V5,f99dd1bc5bef526f,f99dd1bc5bef526f,false,none,0,false,false,false,false,false
qt_pit_2026h1,TNK,2026-05,2026-05-14,2026-06-04,V5,252d60a737805790,252d60a737805790,false,none,0,false,true,true,false,false
qt_pit_2026h1,TNL,2026-02,2026-02-17,2026-06-04,V5,a9cf414c260d4e83,734ba0200499e71a,true,up,>=1.00,false,false,false,false,false
qt_pit_2026h1,TNL,2026-04,2026-04-22,2026-06-04,V5,aa62ba4a54adabb5,aa62ba4a54adabb5,false,none,0,true,true,false,false,false
qt_pit_2026h1,TPB,2026-03,2026-03-02,2026-06-04,V5,146b2c9385ffe58c,146b2c9385ffe58c,false,none,0,false,false,false,false,false
qt_pit_2026h1,TPB,2026-05,2026-05-07,2026-06-04,V5,8f42348b600e5a7d,c060263a2fcf1d42,true,down,"[0.05,0.25)",false,false,false,true,false
qt_pit_2026h1,TPC,2026-02,2026-02-27,2026-06-04,V5,aaa3a63a68e1b413,191f4a7999a1ee10,true,down,>=1.00,true,true,false,false,false
qt_pit_2026h1,TPC,2026-05,2026-05-07,2026-06-04,V5,5131b16b6de85f5d,1a2f6097a4e198d7,true,up,"[0.25,1.00)",false,false,false,true,false
qt_pit_2026h1,TPH,2026-02,2026-02-26,2026-06-04,V5,eff51db325ec260e,8c72ef56302bfb19,true,down,"[0.25,1.00)",true,false,true,false,false
qt_pit_2026h1,TPH,2026-04,2026-04-29,2026-06-04,V5,b0a55a8a53df7c2d,b0a55a8a53df7c2d,false,none,0,false,false,false,false,false
qt_pit_2026h1,TRDA,2026-02,2026-02-27,2026-06-04,V5,d1e35b188d1e13e6,d1e35b188d1e13e6,false,none,0,true,true,false,false,false
qt_pit_2026h1,TRDA,2026-05,2026-05-07,2026-06-04,V5,254ee5c2a376e818,254ee5c2a376e818,false,none,0,false,true,true,false,false
qt_pit_2026h1,TREX,2026-02,2026-02-25,2026-06-04,V5,e2dcd5bddbf2f089,c279a0ef068851dc,true,up,"[0.01,0.05)",true,true,false,false,false
qt_pit_2026h1,TREX,2026-05,2026-05-07,2026-06-04,V5,bcf49da19eb7e0c0,5afed9b7b89d736b,true,up,"[0.01,0.05)",true,true,false,false,false
qt_pit_2026h1,TRIN,2026-02,2026-02-25,2026-06-04,V5,3aa49779c11cfee7,cd6cf0cf729b1310,true,down,"[0.01,0.05)",false,false,false,false,false
qt_pit_2026h1,TRIN,2026-05,2026-05-06,2026-06-04,V5,3aa49779c11cfee7,3aa49779c11cfee7,false,none,0,false,false,false,false,false
qt_pit_2026h1,TRIP,2026-02,2026-02-13,2026-06-04,V5,24f26e23c5dd7bce,24f26e23c5dd7bce,false,none,0,false,false,false,false,false
qt_pit_2026h1,TRIP,2026-05,2026-05-07,2026-06-04,V5,fd479500a2d3a91c,f895d554f9f61b93,true,up,"[0.05,0.25)",false,false,false,false,false
qt_pit_2026h1,TRMD,2026-02,2026-02-27,2026-06-04,V5,22cd06daeaf8df84,22cd06daeaf8df84,false,none,0,false,false,false,false,false
qt_pit_2026h1,TRMD,2026-05,2026-05-13,2026-06-04,V5,405d2ffb195a02ab,946bce2bc9c00a28,true,down,"[0.01,0.05)",false,false,false,false,false
qt_pit_2026h1,TRN,2026-02,2026-02-13,2026-06-04,V5,eace05191801db02,eace05191801db02,false,none,0,true,false,true,false,false
qt_pit_2026h1,TRN,2026-04,2026-04-30,2026-06-04,V5,036480beb659cac0,4f53a98e49516c7b,true,down,"[0.01,0.05)",true,true,false,false,false
qt_pit_2026h1,TRNS,2026-05,2026-05-26,2026-06-04,V5,b0cb12cfc72df19e,76999e4617352d2a,true,up,"[0.25,1.00)",false,false,false,true,false
qt_pit_2026h1,TROX,2026-02,2026-02-19,2026-06-04,V5,0c63b8c10a906650,0c63b8c10a906650,false,none,0,false,false,false,false,false
qt_pit_2026h1,TROX,2026-05,2026-05-07,2026-06-04,V5,0aea22e17932c336,0aea22e17932c336,false,none,0,false,false,false,false,false
qt_pit_2026h1,TRS,2026-04,2026-04-30,2026-06-04,V5,5ef37608cc23df1a,601b59b053dd41b9,true,up,>=1.00,false,true,true,true,false
qt_pit_2026h1,TTC,2026-03,2026-03-05,2026-06-04,V5,3e2b315742a2c37d,dba9e243fa3ea4c4,true,up,"[0.05,0.25)",false,true,true,false,false
qt_pit_2026h1,TTMI,2026-02,2026-02-05,2026-06-04,V5,46214f81bed6f54f,46214f81bed6f54f,false,none,0,false,false,false,false,false
qt_pit_2026h1,TVTX,2026-02,2026-02-20,2026-06-04,V5,bc57a5fbbf11480b,bc57a5fbbf11480b,false,none,0,false,false,false,false,false
qt_pit_2026h1,TVTX,2026-05,2026-05-05,2026-06-04,V5,0663bb42ddfea505,0663bb42ddfea505,false,none,0,false,false,false,false,false
qt_pit_2026h1,TWST,2026-02,2026-02-03,2026-06-04,V5,739e8ed863a585d2,739e8ed863a585d2,false,none,0,false,false,false,false,false
qt_pit_2026h1,TWST,2026-05,2026-05-04,2026-06-04,V5,67e3a8962fc1ad2f,33f2711980b16855,true,up,"[0.05,0.25)",false,false,false,false,false
qt_pit_2026h1,TX,2026-02,2026-02-19,2026-06-04,V5,3360954c6f7d3d46,0bea1288cab6f114,true,up,"[0.25,1.00)",false,false,false,false,false
qt_pit_2026h1,TX,2026-05,2026-05-06,2026-06-04,V5,77130a280d9834f6,77130a280d9834f6,false,none,0,true,true,false,false,false
qt_pit_2026h1,TXG,2026-02,2026-02-13,2026-06-04,V5,972af1e370a7b9e6,972af1e370a7b9e6,false,none,0,true,true,false,false,false
qt_pit_2026h1,TXG,2026-05,2026-05-08,2026-06-04,V5,205b62dfdff2425a,205b62dfdff2425a,false,none,0,true,true,false,false,false
qt_pit_2026h1,TXNM,2026-02,2026-02-27,2026-06-04,V5,72ded768bb5cd36f,72ded768bb5cd36f,false,none,0,true,false,true,true,false
qt_pit_2026h1,TXNM,2026-05,2026-05-01,2026-06-04,V5,18847e3c580187c2,18847e3c580187c2,false,none,0,false,false,false,false,false
qt_pit_2026h1,TXO,2026-02,2026-02-27,2026-06-04,V5,ad8f1efc7c12dd66,ad8f1efc7c12dd66,false,none,0,false,false,false,false,false
qt_pit_2026h1,TXO,2026-05,2026-05-06,2026-06-04,V5,275557b7f96da501,275557b7f96da501,false,none,0,false,false,false,false,true
qt_pit_2026h1,TYRA,2026-03,2026-03-03,2026-06-04,V5,db3e7c9b3736d610,db3e7c9b3736d610,false,none,0,false,false,false,false,false
qt_pit_2026h1,TYRA,2026-05,2026-05-13,2026-06-04,V5,2f79b7abbdbc4a00,2f79b7abbdbc4a00,false,none,0,false,false,false,false,false
qt_pit_2026h1,U,2026-02,2026-02-11,2026-06-04,V5,56fe3458bf1dbe0e,56fe3458bf1dbe0e,false,none,0,false,false,false,false,false
qt_pit_2026h1,UA,2026-02,2026-02-06,2026-06-04,V5,9ce6895fe6b86e02,9ce6895fe6b86e02,false,none,0,true,true,false,false,false
qt_pit_2026h1,UA,2026-05,2026-05-12,2026-06-04,V5,bbb56be3231d3682,7f2eb32e0eafef0d,true,down,"[0.05,0.25)",true,false,true,true,false
qt_pit_2026h1,UAA,2026-02,2026-02-06,2026-06-04,V5,436fac745e492f28,9ff91fd0e1064133,true,up,>=1.00,false,true,true,true,false
qt_pit_2026h1,UAA,2026-05,2026-05-12,2026-06-04,V5,7cd48e94fd160010,2776519ba7bb5014,true,down,"[0.05,0.25)",true,false,true,true,false
qt_pit_2026h1,UCTT,2026-02,2026-02-23,2026-06-04,V5,f4a7b978b737d8ad,21f437540ef33614,true,up,"[0.25,1.00)",false,false,false,false,false
qt_pit_2026h1,UCTT,2026-04,2026-04-28,2026-06-04,V5,572dc5cf4749dc5c,3fe01469080074e1,true,up,"[0.25,1.00)",false,true,true,true,false
qt_pit_2026h1,UDMY,2026-02,2026-02-06,2026-06-04,V5,5f5f14ea6bd9b898,5f5f14ea6bd9b898,false,none,0,true,true,false,false,false
qt_pit_2026h1,UDMY,2026-05,2026-05-10,2026-06-04,V5,262de33e9785e313,262de33e9785e313,false,none,0,false,false,false,false,false
qt_pit_2026h1,UEC,2026-03,2026-03-10,2026-06-04,V5,3d93714c4418ae24,3d93714c4418ae24,false,none,0,true,true,false,false,false
qt_pit_2026h1,UFPI,2026-02,2026-02-23,2026-06-04,V5,4675e852ce724217,1c461b044db8d97c,true,up,"[0.05,0.25)",false,false,false,false,false
qt_pit_2026h1,UFPI,2026-04,2026-04-30,2026-06-04,V5,720b32523828db63,c13c3b8c214d6783,true,up,"[0.01,0.05)",false,false,false,false,false
qt_pit_2026h1,UFPT,2026-02,2026-02-25,2026-06-04,V5,a255962b3df26ca3,a255962b3df26ca3,false,none,0,false,false,false,false,false
qt_pit_2026h1,UFPT,2026-05,2026-05-05,2026-06-04,V5,3929b392fb3a60ff,a58ee5ee73f45c42,true,up,"[0.05,0.25)",false,true,true,false,false
qt_pit_2026h1,UGI,2026-02,2026-02-05,2026-06-04,V5,17345a6ae1170e42,17345a6ae1170e42,false,none,0,false,false,false,false,false
qt_pit_2026h1,UGI,2026-05,2026-05-07,2026-06-04,V5,b9e5bec9f9a9bf7c,b9e5bec9f9a9bf7c,false,none,0,false,false,false,false,false
qt_pit_2026h1,UGP,2026-05,2026-05-07,2026-06-04,V5,405e42a6fe39f3ab,b075f9de429d8d85,true,up,"[0.01,0.05)",false,false,false,true,false
qt_pit_2026h1,ULCC,2026-02,2026-02-11,2026-06-04,V5,29471e97a4059f30,29471e97a4059f30,false,none,0,true,true,false,false,false
qt_pit_2026h1,ULCC,2026-05,2026-05-05,2026-06-04,V5,68ed8c324b027d9d,68ed8c324b027d9d,false,none,0,true,true,false,false,false
qt_pit_2026h1,ULH,2026-05,2026-05-04,2026-06-04,V3,82f957097aa3b0d3,82f957097aa3b0d3,false,none,0,false,false,false,false,true
qt_pit_2026h1,UNF,2026-04,2026-04-01,2026-06-04,V5,a5dac79630d3b651,1a49b08f67adb71d,true,up,>=1.00,false,false,false,true,false
qt_pit_2026h1,UNFI,2026-03,2026-03-10,2026-06-04,V5,ee2ecc2ad6333271,3185621b60ffbb94,true,up,"[0.25,1.00)",false,true,true,true,false
qt_pit_2026h1,UNIT,2026-03,2026-03-02,2026-06-04,V5,4f3b3a6d336b23f9,4f3b3a6d336b23f9,false,none,0,false,false,false,false,false
qt_pit_2026h1,UNIT,2026-05,2026-05-10,2026-06-04,V5,4e09c8ce5b8f6a2c,4e09c8ce5b8f6a2c,false,none,0,false,true,true,false,false
qt_pit_2026h1,UPB,2026-05,2026-05-13,2026-06-04,V5,c6c9caa15ae4f5c2,c6c9caa15ae4f5c2,false,none,0,false,false,false,true,false
qt_pit_2026h1,UPBD,2026-02,2026-02-19,2026-06-04,V5,7778cc8c2c31a8b2,7778cc8c2c31a8b2,false,none,0,false,false,false,false,false
qt_pit_2026h1,UPBD,2026-04,2026-05-01,2026-06-04,V5,1c51e5554f66a19a,1c51e5554f66a19a,false,none,0,false,false,false,false,false
qt_pit_2026h1,UPST,2026-02,2026-02-11,2026-06-04,V5,82e4c1d4d5ab81cc,82e4c1d4d5ab81cc,false,none,0,false,false,false,false,false
qt_pit_2026h1,UPST,2026-05,2026-05-06,2026-06-04,V5,60d0d5b342550a54,60d0d5b342550a54,false,none,0,false,false,false,false,false
qt_pit_2026h1,UPWK,2026-02,2026-02-10,2026-06-04,V5,291188fdf80abf0a,6f2259b278b3ac18,true,down,"[0.25,1.00)",true,false,true,true,false
qt_pit_2026h1,UPWK,2026-05,2026-05-08,2026-06-04,V5,3e3a4f61145b217a,03ddd1abc6b3c5ea,true,down,"[0.05,0.25)",true,false,true,true,false
qt_pit_2026h1,URBN,2026-02,2026-02-26,2026-06-04,V5,d8d625d49762d60d,d8d625d49762d60d,false,none,0,true,true,false,false,false
qt_pit_2026h1,URBN,2026-05,2026-05-20,2026-06-04,V5,e16d359f81ad74d1,e16d359f81ad74d1,false,none,0,true,true,false,false,false
qt_pit_2026h1,USAC,2026-02,2026-02-17,2026-06-04,V5,6f006389f6d6a5af,6f006389f6d6a5af,false,none,0,false,false,false,false,false
qt_pit_2026h1,USAC,2026-05,2026-05-05,2026-06-04,V5,70e475c3d7b531bb,70e475c3d7b531bb,false,none,0,false,false,false,false,false
qt_pit_2026h1,USLM,2026-02,2026-02-03,2026-06-04,V5,355c1faf19f31896,355c1faf19f31896,false,none,0,false,false,false,false,false
qt_pit_2026h1,USLM,2026-04,2026-04-30,2026-06-04,V3,355c1faf19f31896,355c1faf19f31896,false,none,0,false,false,false,false,false
qt_pit_2026h1,USNA,2026-02,2026-02-17,2026-06-04,V5,17426b226ba0eaf8,17426b226ba0eaf8,false,none,0,true,true,false,false,false
qt_pit_2026h1,USNA,2026-05,2026-05-06,2026-06-04,V3,7ae462fd5fe0ec2c,7ae462fd5fe0ec2c,false,none,0,true,true,false,false,false
qt_pit_2026h1,USPH,2026-02,2026-02-26,2026-06-04,V5,278f839b1e4f204e,278f839b1e4f204e,false,none,0,false,false,false,false,false
qt_pit_2026h1,USPH,2026-05,2026-05-07,2026-06-04,V5,6643eb39d79c15e1,6643eb39d79c15e1,false,none,0,false,false,false,false,false
qt_pit_2026h1,UTI,2026-02,2026-02-05,2026-06-04,V5,1f61813c15e8f87a,1f61813c15e8f87a,false,none,0,true,true,false,false,false
qt_pit_2026h1,UTL,2026-02,2026-02-09,2026-06-04,V5,6c40a565e19c0e34,b7f07e466328724d,true,up,"[0.01,0.05)",false,false,false,false,false
qt_pit_2026h1,UTL,2026-05,2026-05-05,2026-06-04,V5,4133221afe82adad,4133221afe82adad,false,none,0,false,false,false,false,false
qt_pit_2026h1,UTZ,2026-02,2026-02-13,2026-06-04,V5,f4195c016421b27e,f4195c016421b27e,false,none,0,false,false,false,false,false
qt_pit_2026h1,UTZ,2026-05,2026-05-06,2026-06-04,V5,643ab56b293cc4d6,643ab56b293cc4d6,false,none,0,false,false,false,false,false
qt_pit_2026h1,UUUU,2026-02,2026-02-27,2026-06-04,V5,bf696d80c1b1afba,bf696d80c1b1afba,false,none,0,false,false,false,false,false
qt_pit_2026h1,UUUU,2026-05,2026-05-07,2026-06-04,V5,3399331965a289fa,3399331965a289fa,false,none,0,false,false,false,false,false
qt_pit_2026h1,UVV,2026-02,2026-02-09,2026-06-04,V5,aea7fea53322f967,b8ef58663640b46e,true,up,"[0.01,0.05)",false,false,false,false,false
qt_pit_2026h1,UVV,2026-05,2026-05-28,2026-06-04,V3,5771a8fee27e6283,5771a8fee27e6283,false,none,0,false,false,false,false,false
qt_pit_2026h1,VAL,2026-02,2026-02-20,2026-06-04,V5,256e9df78166365b,4c53fb1632575c7e,true,down,>=1.00,true,true,false,false,false
qt_pit_2026h1,VAL,2026-05,2026-05-05,2026-06-04,V5,201a52bac25d1cf1,201a52bac25d1cf1,false,none,0,false,false,false,false,false
qt_pit_2026h1,VC,2026-02,2026-02-19,2026-06-04,V5,954d90812cf1b2c9,f7f0029510fbe0a2,true,down,>=1.00,true,true,false,false,false
qt_pit_2026h1,VC,2026-04,2026-04-23,2026-06-04,V5,55ef2c16e8ed760e,8131358d5ecbfc58,true,up,"[0.25,1.00)",false,false,false,false,false
qt_pit_2026h1,VCEL,2026-02,2026-02-26,2026-06-04,V5,a0cc12363566f3ae,a0cc12363566f3ae,false,none,0,false,false,false,false,false
qt_pit_2026h1,VCEL,2026-05,2026-05-07,2026-06-04,V5,3120abcbaf6bc9ab,3120abcbaf6bc9ab,false,none,0,true,true,false,false,false
qt_pit_2026h1,VCTR,2026-02,2026-02-05,2026-06-04,V5,8a63f2e5a68da86c,8a63f2e5a68da86c,false,none,0,false,false,false,false,false
qt_pit_2026h1,VCTR,2026-05,2026-05-07,2026-06-04,V5,77ddf6cc8cb2fdd9,77ddf6cc8cb2fdd9,false,none,0,true,true,false,false,false
qt_pit_2026h1,VCYT,2026-02,2026-02-26,2026-06-04,V5,67b83e72597ae8b0,ac16700a7b16c994,true,up,"[0.01,0.05)",true,true,false,false,false
qt_pit_2026h1,VCYT,2026-05,2026-05-06,2026-06-04,V5,cf799731a4b94221,cf799731a4b94221,false,none,0,true,true,false,false,false
qt_pit_2026h1,VECO,2026-02,2026-02-26,2026-06-04,V5,0835db36736a1216,6d26b52bc14836d8,true,up,"[0.05,0.25)",false,false,false,false,false
qt_pit_2026h1,VECO,2026-05,2026-05-05,2026-06-04,V5,110c9bd28ec176c8,110c9bd28ec176c8,false,none,0,false,false,false,false,false
qt_pit_2026h1,VEL,2026-05,2026-05-07,2026-06-04,V5,06bb0a8dcdf7e196,06bb0a8dcdf7e196,false,none,0,false,false,false,false,false
qt_pit_2026h1,VEON,2026-05,2026-05-14,2026-06-04,V5,df522832d979cd63,df522832d979cd63,false,none,0,true,true,false,false,false
qt_pit_2026h1,VERA,2026-02,2026-02-27,2026-06-04,V5,342b2d46fbfd1088,4c83a16f9056c67b,true,up,"[0.01,0.05)",false,false,false,false,false
qt_pit_2026h1,VERA,2026-05,2026-05-07,2026-06-04,V5,909fc6e6e9356853,909fc6e6e9356853,false,none,0,false,false,false,false,false
qt_pit_2026h1,VERX,2026-05,2026-05-07,2026-06-04,V5,345319ba9a9e24d4,345319ba9a9e24d4,false,none,0,false,false,false,false,false
qt_pit_2026h1,VET,2026-03,2026-03-04,2026-06-04,V5,faa1a9ee3c34e8ac,3294f500e28f8a08,true,up,>=1.00,false,true,true,true,false
qt_pit_2026h1,VET,2026-05,2026-05-06,2026-06-04,V5,bc8473419c2415ec,17a541eedbf998ed,true,up,"[0.01,0.05)",false,false,false,false,false
qt_pit_2026h1,VFC,2026-05,2026-05-20,2026-06-04,V5,1d035cd81ac3e3c6,5c95c6fdf993d5fb,true,down,"[0.25,1.00)",true,false,true,true,false
qt_pit_2026h1,VFS,2026-03,2026-03-17,2026-06-04,V5,cff876a02587ca41,cff876a02587ca41,false,none,0,false,false,false,false,false
qt_pit_2026h1,VHI,2026-05,2026-05-08,2026-06-04,V3,cb8147b9380a3aa9,cb8147b9380a3aa9,false,none,0,false,false,false,false,false
qt_pit_2026h1,VIPS,2026-02,2026-02-27,2026-06-04,V5,8a93a2072e091977,8a93a2072e091977,false,none,0,false,false,false,false,false
qt_pit_2026h1,VIPS,2026-05,2026-05-21,2026-06-04,V5,7a0f9c0899d2a369,7a0f9c0899d2a369,false,none,0,false,false,false,false,false
qt_pit_2026h1,VIR,2026-02,2026-02-23,2026-06-04,V5,b7c2871598b13116,b7c2871598b13116,false,none,0,true,true,false,false,false
qt_pit_2026h1,VIRT,2026-01,2026-02-03,2026-06-04,V5,b34a4496092cbb6e,b34a4496092cbb6e,false,none,0,true,true,false,false,true
qt_pit_2026h1,VITL,2026-02,2026-02-26,2026-06-04,V5,59b6045bfe54b403,59b6045bfe54b403,false,none,0,false,false,false,false,false
qt_pit_2026h1,VITL,2026-05,2026-05-07,2026-06-04,V5,7f88acc5b4ed7fe7,7f88acc5b4ed7fe7,false,none,0,false,false,false,false,false
qt_pit_2026h1,VKTX,2026-02,2026-02-12,2026-06-04,V5,4c337eda9f926fc3,4c337eda9f926fc3,false,none,0,false,false,false,false,false
qt_pit_2026h1,VKTX,2026-04,2026-04-29,2026-06-04,V5,d9d98f306190b55d,d9d98f306190b55d,false,none,0,false,false,false,false,false
qt_pit_2026h1,VMI,2026-02,2026-02-17,2026-06-04,V5,a5e7fada31e0022b,e798282c8deb9635,true,down,>=1.00,true,false,true,true,false
qt_pit_2026h1,VMI,2026-04,2026-04-21,2026-06-04,V5,e36afc949f837008,e36afc949f837008,false,none,0,true,true,false,false,false
qt_pit_2026h1,VNET,2026-05,2026-05-26,2026-06-04,V5,22956edc2382d516,5746ba2b6896952b,true,down,>=1.00,true,false,true,true,false
qt_pit_2026h1,VNT,2026-02,2026-02-12,2026-06-04,V5,a8b2961d40e65b75,a8b2961d40e65b75,false,none,0,false,false,false,false,false
qt_pit_2026h1,VNT,2026-05,2026-05-07,2026-06-04,V5,f4cb1d65803fa8a2,889fcda007f5799c,true,up,"[0.05,0.25)",false,false,false,false,false
qt_pit_2026h1,VRDN,2026-02,2026-02-27,2026-06-04,V5,bb2548302c9120c4,bb2548302c9120c4,false,none,0,false,false,false,false,false
qt_pit_2026h1,VRDN,2026-05,2026-05-05,2026-06-04,V5,c325b6abccbff5d5,c325b6abccbff5d5,false,none,0,true,true,false,false,false
qt_pit_2026h1,VREX,2026-02,2026-02-11,2026-06-04,V5,f8f913a8336a90bb,8b5ed59bfe5f019b,true,up,"[0.05,0.25)",false,true,true,true,false
qt_pit_2026h1,VREX,2026-05,2026-05-08,2026-06-04,V5,c5adc05d31fff3c6,f4fd65aefbd5becc,true,up,"[0.25,1.00)",false,false,false,false,false
qt_pit_2026h1,VRNS,2026-02,2026-02-04,2026-06-04,V5,482ecbb8f0f40861,482ecbb8f0f40861,false,none,0,true,true,false,false,false
qt_pit_2026h1,VRNS,2026-04,2026-04-28,2026-06-04,V5,94b6a8bd9d6bef8a,71a832dcf2f4a7fb,true,up,"[0.25,1.00)",false,true,true,true,false
qt_pit_2026h1,VRRM,2026-02,2026-02-25,2026-06-04,V5,e043fa0382338704,0e1ecb68845dc7c0,true,up,"[0.05,0.25)",false,false,false,false,false
qt_pit_2026h1,VRRM,2026-05,2026-05-07,2026-06-04,V5,e4b251340ccfc248,e4b251340ccfc248,false,none,0,false,false,false,false,false
qt_pit_2026h1,VSAT,2026-02,2026-02-06,2026-06-04,V5,95f00bd8cf0d28f7,e225af43c99295b7,true,up,"[0.25,1.00)",true,true,false,false,false
qt_pit_2026h1,VSAT,2026-05,2026-06-01,2026-06-04,V5,7e2d92e3b48115bc,6ea607d5522caf8e,true,up,"[0.25,1.00)",false,false,false,false,true
qt_pit_2026h1,VSCO,2026-03,2026-03-05,2026-06-04,V5,ff5065dda86007ab,ff5065dda86007ab,false,none,0,true,true,false,false,false
qt_pit_2026h1,VSCO,2026-06,2026-06-03,2026-06-04,V5,e61859beb9cfc8f0,e61859beb9cfc8f0,false,none,0,true,true,false,false,false
qt_pit_2026h1,VSEC,2026-02,2026-02-26,2026-06-04,V5,8bfa71d2b1893ee1,8bfa71d2b1893ee1,false,none,0,true,true,false,false,false
qt_pit_2026h1,VSEC,2026-05,2026-05-06,2026-06-04,V5,44d09c7c04944fcb,44d09c7c04944fcb,false,none,0,true,true,false,false,false
qt_pit_2026h1,VSH,2026-02,2026-02-05,2026-06-04,V5,054b24d35b604a32,054b24d35b604a32,false,none,0,false,false,false,false,false
qt_pit_2026h1,VSH,2026-05,2026-05-13,2026-06-04,V5,ebfe5029e23adf97,ebfe5029e23adf97,false,none,0,true,true,false,false,false
qt_pit_2026h1,VSTS,2026-02,2026-02-11,2026-06-04,V5,fbd72efa3616d730,fbd72efa3616d730,false,none,0,true,true,false,false,false
qt_pit_2026h1,VSTS,2026-05,2026-05-12,2026-06-04,V5,35ae544a6ed83adc,35ae544a6ed83adc,false,none,0,true,true,false,false,false
qt_pit_2026h1,VTOL,2026-02,2026-02-26,2026-06-04,V5,f383fa36cf47a875,f383fa36cf47a875,false,none,0,true,true,false,false,false
qt_pit_2026h1,VTOL,2026-05,2026-05-06,2026-06-04,V5,4891edc789f3abd4,4891edc789f3abd4,false,none,0,false,false,false,false,false
qt_pit_2026h1,VTS,2026-03,2026-03-03,2026-06-04,V5,0255dfb8cf03581c,0255dfb8cf03581c,false,none,0,false,false,false,false,false
qt_pit_2026h1,VTS,2026-05,2026-05-05,2026-06-04,V5,92500d063584c81d,807f41e555233f6f,true,down,"(0,0.01)",false,false,false,false,false
qt_pit_2026h1,VVV,2026-02,2026-02-04,2026-06-04,V5,2c60c569781e7a48,2c60c569781e7a48,false,none,0,false,false,false,false,false
qt_pit_2026h1,VVV,2026-05,2026-05-07,2026-06-04,V5,883035fa3fd6e24c,6e63cfa7863d8484,true,up,"[0.05,0.25)",false,true,true,true,false
qt_pit_2026h1,VVX,2026-02,2026-02-23,2026-06-04,V5,1890354fe55711a0,a00d74a965aff132,true,up,"[0.25,1.00)",false,true,true,true,false
qt_pit_2026h1,VVX,2026-05,2026-05-05,2026-06-04,V5,0b8018e9d09eabca,0b8018e9d09eabca,false,none,0,true,true,false,false,false
qt_pit_2026h1,VYX,2026-02,2026-02-26,2026-06-04,V5,9a5789acf3735134,67f5c955f91f9880,true,down,"[0.25,1.00)",true,false,true,false,false
qt_pit_2026h1,VYX,2026-05,2026-05-07,2026-06-04,V5,620e1f6d2257fa0f,620e1f6d2257fa0f,false,none,0,true,true,false,false,false
qt_pit_2026h1,W,2026-02,2026-02-23,2026-06-04,V5,9fd29b61e88f3b87,9cc2bd8bf2eb3c01,true,up,>=1.00,false,true,true,true,true
qt_pit_2026h1,W,2026-04,2026-04-30,2026-06-04,V5,ef33d19722316331,7627b5fc54381ed9,true,up,>=1.00,false,false,false,false,false
qt_pit_2026h1,WAY,2026-02,2026-02-17,2026-06-04,V5,920c126cf9b6779d,a3fc1165ddeefad5,true,up,"[0.25,1.00)",false,false,false,false,false
qt_pit_2026h1,WAY,2026-04,2026-04-29,2026-06-04,V5,08ea61a3f353481c,d946eb14d330ee1a,true,up,"[0.05,0.25)",false,false,false,true,false
qt_pit_2026h1,WB,2026-03,2026-03-18,2026-06-04,V5,cd0daf36c4cb3ae9,cd0daf36c4cb3ae9,false,none,0,false,false,false,false,false
qt_pit_2026h1,WB,2026-05,2026-05-28,2026-06-04,V5,fac54a429e25e33e,fac54a429e25e33e,false,none,0,false,false,false,false,false
qt_pit_2026h1,WBTN,2026-03,2026-03-04,2026-06-04,V5,3b008cc1d290344c,df11e58e8e8e8296,true,up,"[0.25,1.00)",false,false,false,false,false
qt_pit_2026h1,WBTN,2026-05,2026-05-14,2026-06-04,V5,2d84713cace93fe4,fc4ad4440a57324c,true,down,"[0.05,0.25)",true,true,false,false,true
qt_pit_2026h1,WDFC,2026-04,2026-04-09,2026-06-04,V5,f9858fa0fa64eca5,f9858fa0fa64eca5,false,none,0,false,false,false,false,false
qt_pit_2026h1,WEAV,2026-02,2026-02-23,2026-06-04,V5,9da67d65ea0758af,9da67d65ea0758af,false,none,0,false,false,false,false,true
qt_pit_2026h1,WEAV,2026-04,2026-04-30,2026-06-04,V5,6fda2bd897ba046b,9da67d65ea0758af,true,up,"[0.05,0.25)",false,true,true,true,false
qt_pit_2026h1,WEN,2026-02,2026-02-13,2026-06-04,V5,c59ea4bed8a5ca0c,c59ea4bed8a5ca0c,false,none,0,true,true,false,false,false
qt_pit_2026h1,WEN,2026-05,2026-05-08,2026-06-04,V5,3e23116470a37f4d,fe2a48f4ccbff490,true,down,"[0.05,0.25)",true,true,false,false,false
qt_pit_2026h1,WERN,2026-02,2026-02-06,2026-06-04,V5,12622fbb3c9fc43c,12622fbb3c9fc43c,false,none,0,false,false,false,false,false
qt_pit_2026h1,WERN,2026-04,2026-04-28,2026-06-04,V5,8b4b2c44c265416e,92ea3da7284dcb9d,true,up,"[0.05,0.25)",false,true,true,true,false
qt_pit_2026h1,WEST,2026-05,2026-05-08,2026-06-04,V5,7e3d109a384c5287,d810cee2fd66ad1d,true,up,"[0.05,0.25)",true,false,true,true,false
qt_pit_2026h1,WEX,2026-02,2026-02-05,2026-06-04,V5,76603d2879e39a83,76603d2879e39a83,false,none,0,false,false,false,false,false
qt_pit_2026h1,WEX,2026-04,2026-04-23,2026-06-04,V5,f40f156c75f938e8,f40f156c75f938e8,false,none,0,false,false,false,false,false
qt_pit_2026h1,WFG,2026-02,2026-02-11,2026-06-04,V5,85779b1a8c0a0a56,090b54a9bb78720a,true,up,>=1.00,false,false,false,false,false
qt_pit_2026h1,WFG,2026-04,2026-04-29,2026-06-04,V5,9ade42233f4fb75c,9ade42233f4fb75c,false,none,0,false,false,false,false,false
qt_pit_2026h1,WFRD,2026-02,2026-02-04,2026-06-04,V5,a0599be6b27d4bff,b8a1efc5575933d2,true,up,"[0.01,0.05)",true,true,false,false,false
qt_pit_2026h1,WFRD,2026-04,2026-04-22,2026-06-04,V5,0de14cd81a1baa6a,0de14cd81a1baa6a,false,none,0,true,true,false,false,false
qt_pit_2026h1,WGO,2026-03,2026-03-25,2026-06-04,V5,c00f4e1ea737ae58,9edd4ff3ca12a144,true,up,"[0.05,0.25)",false,false,false,true,false
qt_pit_2026h1,WGS,2026-02,2026-02-23,2026-06-04,V5,d5e9b39140d8d07f,5a10f2dfa97bf58d,true,up,"[0.25,1.00)",false,true,true,true,false
qt_pit_2026h1,WGS,2026-05,2026-05-05,2026-06-04,V5,095465acb6cabc27,095465acb6cabc27,false,none,0,false,false,false,false,false
qt_pit_2026h1,WH,2026-02,2026-02-19,2026-06-04,V5,2f5c2c32843717a4,df803215e0f0efee,true,up,>=1.00,false,false,false,true,false
qt_pit_2026h1,WH,2026-04,2026-04-29,2026-06-04,V5,e5cff9215955001e,5dbc63528c4b5836,true,up,"[0.05,0.25)",false,true,true,true,false
qt_pit_2026h1,WHD,2026-02,2026-02-26,2026-06-04,V5,09fce1a88f9c6fbe,09fce1a88f9c6fbe,false,none,0,true,true,false,false,false
qt_pit_2026h1,WHD,2026-05,2026-05-07,2026-06-04,V5,dfee430fefe040b2,dfee430fefe040b2,false,none,0,false,false,false,false,false
qt_pit_2026h1,WHR,2026-05,2026-05-07,2026-06-04,V5,8d67b8f26baf00e0,8d67b8f26baf00e0,false,none,0,false,false,false,false,false
qt_pit_2026h1,WINA,2026-02,2026-02-19,2026-06-04,V5,5baf0f95c2925af2,5baf0f95c2925af2,false,none,0,false,false,false,false,false
qt_pit_2026h1,WINA,2026-04,2026-04-22,2026-06-04,V3,aa57c2acb307841d,aa57c2acb307841d,false,none,0,false,false,false,false,false
qt_pit_2026h1,WING,2026-02,2026-02-17,2026-06-04,V5,65ae964f15b2c886,a99fac8e3b782abc,true,up,"[0.01,0.05)",true,true,false,false,false
qt_pit_2026h1,WING,2026-04,2026-04-29,2026-06-04,V5,db97e4c525911781,137ed22ec08e8822,true,up,"[0.05,0.25)",false,true,true,false,false
qt_pit_2026h1,WK,2026-02,2026-02-23,2026-06-04,V5,84007360dd691176,84007360dd691176,false,none,0,true,true,false,false,true
qt_pit_2026h1,WK,2026-05,2026-05-06,2026-06-04,V5,084f79d11725d1c1,084f79d11725d1c1,false,none,0,true,true,false,false,false
qt_pit_2026h1,WKC,2026-02,2026-02-20,2026-06-04,V5,b6960fbe0a8060a9,b6960fbe0a8060a9,false,none,0,false,false,false,false,false
qt_pit_2026h1,WKC,2026-04,2026-04-23,2026-06-04,V5,75d8360020d6c83b,9c8dfa7f7f32e50b,true,up,"[0.05,0.25)",true,true,false,false,false
qt_pit_2026h1,WLFC,2026-05,2026-05-05,2026-06-04,V3,0637dd5fb60d84d6,38f5764465638aa7,true,up,"[0.25,1.00)",true,true,false,false,false
qt_pit_2026h1,WLKP,2026-02,2026-02-25,2026-06-04,V5,10b821b49cea7fa1,10b821b49cea7fa1,false,none,0,false,false,false,false,false
qt_pit_2026h1,WLKP,2026-05,2026-05-05,2026-06-04,V5,4a30771e48d68585,4a30771e48d68585,false,none,0,false,false,false,false,false
qt_pit_2026h1,WLY,2026-03,2026-03-06,2026-06-04,V5,9491b7c910425441,9491b7c910425441,false,none,0,true,true,false,false,false
qt_pit_2026h1,WNC,2026-02,2026-02-04,2026-06-04,V5,51793c11b9d92066,51793c11b9d92066,false,none,0,false,false,false,false,false
qt_pit_2026h1,WNC,2026-05,2026-05-01,2026-06-04,V5,e7a0d5b5cfb1f48e,e7a0d5b5cfb1f48e,false,none,0,false,false,false,false,false
qt_pit_2026h1,WOLF,2026-02,2026-02-05,2026-06-04,V5,11b4f95d4b2c5acc,11b4f95d4b2c5acc,false,none,0,false,false,false,false,false
qt_pit_2026h1,WOLF,2026-05,2026-05-05,2026-06-04,V5,8e24f92256591104,8e24f92256591104,false,none,0,true,true,false,false,false
qt_pit_2026h1,WOOF,2026-03,2026-03-12,2026-06-04,V5,4f091e67491fae17,2e66fa9f415a007b,true,up,"[0.01,0.05)",false,false,false,false,false
qt_pit_2026h1,WOOF,2026-06,2026-06-03,2026-06-04,V5,2e66fa9f415a007b,2e66fa9f415a007b,false,none,0,true,true,false,false,false
qt_pit_2026h1,WOR,2026-03,2026-03-24,2026-06-04,V5,8fb9612e48eb595e,6c5fe2a104468cae,true,up,"[0.05,0.25)",false,false,false,true,false
qt_pit_2026h1,WPP,2026-02,2026-02-27,2026-06-04,V5,63d643a684f9efbb,67806c334b71ae94,true,up,"[0.05,0.25)",false,false,false,true,false
qt_pit_2026h1,WRBY,2026-02,2026-02-26,2026-06-04,V5,f220525c032e3b69,23b22ae1e534cf2a,true,down,"[0.05,0.25)",false,false,false,false,false
qt_pit_2026h1,WRBY,2026-05,2026-05-07,2026-06-04,V5,83cdf12a7957ff16,a5bed8c73f64d92b,true,up,"[0.05,0.25)",false,false,false,true,false
qt_pit_2026h1,WS,2026-03,2026-03-26,2026-06-04,V5,d26bef7e6c838d0a,d26bef7e6c838d0a,false,none,0,false,false,false,false,false
qt_pit_2026h1,WSC,2026-02,2026-02-20,2026-06-04,V5,9e90683461ad797c,a34378e73f3eb32c,true,up,>=1.00,false,false,false,false,false
qt_pit_2026h1,WSC,2026-05,2026-05-08,2026-06-04,V5,2bc5cffb78dcb0a3,1f40361c45eb8eca,true,up,"[0.05,0.25)",false,true,true,true,false
qt_pit_2026h1,WTS,2026-05,2026-05-07,2026-06-04,V5,08fdc035226d724d,08fdc035226d724d,false,none,0,true,true,false,false,false
qt_pit_2026h1,WTTR,2026-05,2026-05-05,2026-06-04,V5,41d6ed411059d05e,a0220f891b4cae30,true,down,"[0.05,0.25)",true,true,false,false,false
qt_pit_2026h1,WULF,2026-05,2026-05-08,2026-06-04,V5,88a951b3bc0a8f60,4c8b03864025c461,true,up,"[0.25,1.00)",false,false,false,false,false
qt_pit_2026h1,WVE,2026-04,2026-04-28,2026-06-04,V5,e5e3d1cafbeefcd5,e5e3d1cafbeefcd5,false,none,0,true,true,false,false,false
qt_pit_2026h1,WWW,2026-02,2026-02-27,2026-06-04,V5,8353d8e4986be201,8353d8e4986be201,false,none,0,false,false,false,false,false
qt_pit_2026h1,WWW,2026-05,2026-05-14,2026-06-04,V5,44fb071eb60e7623,44fb071eb60e7623,false,none,0,true,true,false,false,false
qt_pit_2026h1,XENE,2026-02,2026-02-27,2026-06-04,V5,661530e62b76c283,c1529385d27976de,true,up,"[0.01,0.05)",false,false,false,false,false
qt_pit_2026h1,XENE,2026-05,2026-05-08,2026-06-04,V5,0c1066973c448101,0c1066973c448101,false,none,0,false,false,false,false,false
qt_pit_2026h1,XHR,2026-02,2026-02-25,2026-06-04,V5,9299e13f2b6516c8,bab714d45504ac45,true,up,"[0.25,1.00)",false,true,true,true,false
qt_pit_2026h1,XHR,2026-05,2026-05-01,2026-06-04,V5,0ba688f0cc4b35fc,bc26af350fdce3d1,true,up,"[0.25,1.00)",true,true,false,false,false
qt_pit_2026h1,XMTR,2026-02,2026-02-24,2026-06-04,V5,1a0b4c2acedbd460,b9236c0e2706db43,true,up,"[0.25,1.00)",false,true,true,true,false
qt_pit_2026h1,XMTR,2026-05,2026-05-07,2026-06-04,V5,d1d4ebab18bc5047,7ecc3603afb58820,true,up,"[0.05,0.25)",false,true,true,true,false
qt_pit_2026h1,XNCR,2026-02,2026-02-26,2026-06-04,V5,70c81caeadb306f6,70c81caeadb306f6,false,none,0,true,true,false,false,false
qt_pit_2026h1,XNCR,2026-05,2026-05-07,2026-06-04,V5,6f9f65b10f0062a5,6f9f65b10f0062a5,false,none,0,false,false,false,false,false
qt_pit_2026h1,XP,2026-02,2026-02-13,2026-06-04,V5,5a44de30c016de36,5a44de30c016de36,false,none,0,false,false,false,false,false
qt_pit_2026h1,XP,2026-05,2026-05-19,2026-06-04,V5,24d8824176f1713b,24d8824176f1713b,false,none,0,false,false,false,false,false
qt_pit_2026h1,XPEL,2026-02,2026-02-26,2026-06-04,V5,2ddf996e51511119,2ddf996e51511119,false,none,0,true,true,false,false,false
qt_pit_2026h1,XPEL,2026-05,2026-05-06,2026-06-04,V5,a477fd100dbc2ad3,a477fd100dbc2ad3,false,none,0,true,true,false,false,false
qt_pit_2026h1,XRAY,2026-02,2026-02-27,2026-06-04,V5,e9b830c866b1f17e,46b986e1007780e3,true,up,>=1.00,false,false,false,false,false
qt_pit_2026h1,XRAY,2026-05,2026-05-05,2026-06-04,V5,46b986e1007780e3,46b986e1007780e3,false,none,0,false,false,false,false,false
qt_pit_2026h1,XRX,2026-01,2026-02-03,2026-06-04,V5,f612acabffdc31fa,f612acabffdc31fa,false,none,0,false,false,false,false,true
qt_pit_2026h1,XRX,2026-04,2026-04-30,2026-06-04,V5,b7ecc7b5ebed3239,746b775a42c2e1af,true,up,"[0.25,1.00)",false,true,true,true,false
qt_pit_2026h1,YELP,2026-02,2026-02-13,2026-06-04,V5,8d21b31146b38329,8d21b31146b38329,false,none,0,true,true,false,false,false
qt_pit_2026h1,YELP,2026-05,2026-05-08,2026-06-04,V5,29c00113a4d5e513,dd2a436c40dc75ea,true,up,"[0.05,0.25)",true,true,false,false,false
qt_pit_2026h1,YETI,2026-02,2026-02-19,2026-06-04,V5,fda2d70dbe2cec05,9b0be1050e669460,true,up,"[0.05,0.25)",false,false,false,true,false
qt_pit_2026h1,YETI,2026-05,2026-05-14,2026-06-04,V5,81409ce80d868b85,9337510d8a3fb9f0,true,up,"[0.05,0.25)",false,true,true,true,false
qt_pit_2026h1,YEXT,2026-03,2026-03-09,2026-06-04,V5,48104d4dd004fad0,2c05948443751679,true,up,"[0.05,0.25)",false,false,false,true,false
qt_pit_2026h1,YEXT,2026-06,2026-06-02,2026-06-04,V5,2c05948443751679,2c05948443751679,false,none,0,false,false,false,false,false
qt_pit_2026h1,YOU,2026-02,2026-02-25,2026-06-04,V5,20ad2d18e8464a31,f0c5f38a8e79b7cf,true,down,>=1.00,true,false,true,true,false
qt_pit_2026h1,YOU,2026-05,2026-05-06,2026-06-04,V5,c7cee3f7b60c2875,0d9b4e45d04130e0,true,down,"[0.01,0.05)",true,false,true,false,false
qt_pit_2026h1,ZD,2026-02,2026-02-23,2026-06-04,V5,1e2037475dd27755,1e2037475dd27755,false,none,0,false,false,false,false,false
qt_pit_2026h1,ZD,2026-05,2026-05-08,2026-06-04,V5,f14ebadb809059d5,f14ebadb809059d5,false,none,0,false,false,false,false,false
qt_pit_2026h1,ZETA,2026-02,2026-02-25,2026-06-04,V5,f27404756154f332,f27404756154f332,false,none,0,true,true,false,false,false
qt_pit_2026h1,ZETA,2026-04,2026-05-01,2026-06-04,V5,7f5206aec6b49db8,adf596881111c5c0,true,up,"[0.01,0.05)",false,false,false,true,false
qt_pit_2026h1,ZIM,2026-03,2026-03-09,2026-06-04,V5,08a06f3158d66980,b02154bea2f6d9ad,true,down,"[0.25,1.00)",true,true,false,false,false
qt_pit_2026h1,ZIM,2026-05,2026-05-20,2026-06-04,V5,09e091581da22c58,f65da0024fa1b7bf,true,down,"[0.01,0.05)",false,false,false,false,false
qt_pit_2026h1,ZLAB,2026-02,2026-02-26,2026-06-04,V5,2798a391bd69e62c,2798a391bd69e62c,false,none,0,false,false,false,false,false
qt_pit_2026h1,ZLAB,2026-05,2026-05-07,2026-06-04,V5,4afa5b1009daacce,2798a391bd69e62c,true,up,"[0.01,0.05)",false,true,true,false,false
qt_pit_2026h1,ZWS,2026-02,2026-02-04,2026-06-04,V5,e6b1aec29219ff14,e6b1aec29219ff14,false,none,0,false,false,false,false,false
qt_pit_2026h1,ZWS,2026-04,2026-04-22,2026-06-04,V5,af06c082368c6519,af06c082368c6519,false,none,0,true,true,false,false,false
qt_pit_2026h1,ZYME,2026-03,2026-03-04,2026-06-04,V5,503ebf9d3c56119a,503ebf9d3c56119a,false,none,0,false,false,false,false,true
qt_pit_2026h1,ZYME,2026-05,2026-05-08,2026-06-04,V5,10a6399f970e9e7e,10a6399f970e9e7e,false,none,0,false,false,false,false,false
